{
  "type": "FeatureCollection",
  "name": "DesignatedNeighborhoods",
  "crs": {
    "type": "name",
    "properties": {
      "name": "urn:ogc:def:crs:OGC:1.3:CRS84"
    }
  },
  "features": [
    {
      "type": "Feature",
      "properties": {
        "Neighborhood": "Vantage Glen",
        "DataProvider": "Renton",
        "Edit_Date": "2017-04-19T00:00:00.000",
        "GlobalID": "{F57817A9-21B3-4F54-B03E-2F2B50E199A4}",
        "DataProvid": "Renton",
        "Shape_Length": 8073.487332039051,
        "Shape_Area": 1768816.3285868415
      },
      "geometry": {
        "type": "MultiPolygon",
        "coordinates": [
          [
            [
              [
                -122.20227116297302,
                47.44291259204982
              ],
              [
                -122.20227529255266,
                47.44240543337506
              ],
              [
                -122.2018722204929,
                47.442419183473184
              ],
              [
                -122.20187309768471,
                47.44231759424612
              ],
              [
                -122.20161178052197,
                47.442326484437416
              ],
              [
                -122.20128909779886,
                47.442337461714374
              ],
              [
                -122.20040010067152,
                47.4423676990893
              ],
              [
                -122.20029624703373,
                47.4423658688042
              ],
              [
                -122.20029647737137,
                47.442312784599125
              ],
              [
                -122.20029840579618,
                47.4418675851451
              ],
              [
                -122.20029928243315,
                47.44163095664938
              ],
              [
                -122.20029171009867,
                47.44155384608496
              ],
              [
                -122.20026628231824,
                47.441508997294925
              ],
              [
                -122.20018776942398,
                47.441443191163906
              ],
              [
                -122.20010352796379,
                47.44140942233149
              ],
              [
                -122.2000187978096,
                47.44139557689238
              ],
              [
                -122.1997864940911,
                47.441401404696514
              ],
              [
                -122.1995258450237,
                47.44140794228114
              ],
              [
                -122.19916143897547,
                47.441417081722086
              ],
              [
                -122.19890078977507,
                47.441423618769775
              ],
              [
                -122.19854660536562,
                47.44143250002932
              ],
              [
                -122.19815794142956,
                47.441442237676796
              ],
              [
                -122.19796270436947,
                47.441447129034316
              ],
              [
                -122.1974669702261,
                47.44145954321634
              ],
              [
                -122.19698253485791,
                47.441471665559
              ],
              [
                -122.19698587514719,
                47.441132126538484
              ],
              [
                -122.19700057068701,
                47.4396383215031
              ],
              [
                -122.19718695212123,
                47.439635878912306
              ],
              [
                -122.19722733157859,
                47.4396351558532
              ],
              [
                -122.19831799285551,
                47.43961562821046
              ],
              [
                -122.19872194352257,
                47.43960839286183
              ],
              [
                -122.19872566456029,
                47.43926559801203
              ],
              [
                -122.19872864076868,
                47.438991359982666
              ],
              [
                -122.19873665806023,
                47.43825253893412
              ],
              [
                -122.19754078553319,
                47.438273955432216
              ],
              [
                -122.19772812849867,
                47.438214278179416
              ],
              [
                -122.19805126063974,
                47.43820826200243
              ],
              [
                -122.19821702156274,
                47.438109188430616
              ],
              [
                -122.19831628830246,
                47.4379700380855
              ],
              [
                -122.1983970722636,
                47.4379685332431
              ],
              [
                -122.1983951346947,
                47.437682870383064
              ],
              [
                -122.19966007635922,
                47.437660209625705
              ],
              [
                -122.20159497809715,
                47.43762551394326
              ],
              [
                -122.20159955310687,
                47.43714139008015
              ],
              [
                -122.20231285387345,
                47.43712859198124
              ],
              [
                -122.20230828547857,
                47.43761271587295
              ],
              [
                -122.20231232220985,
                47.437612643757895
              ],
              [
                -122.20230150232018,
                47.43905198892592
              ],
              [
                -122.2022886610186,
                47.44076033802715
              ],
              [
                -122.20228681592278,
                47.440987298861394
              ],
              [
                -122.2022819738724,
                47.4415827705819
              ],
              [
                -122.20227670009771,
                47.44223257489167
              ],
              [
                -122.20261956718089,
                47.44221950698777
              ],
              [
                -122.20260983509554,
                47.44347871483023
              ],
              [
                -122.20244004779703,
                47.44359873425474
              ],
              [
                -122.20226460120097,
                47.44371494813047
              ],
              [
                -122.2022672026964,
                47.44339920770179
              ],
              [
                -122.20227116297302,
                47.44291259204982
              ]
            ]
          ]
        ]
      }
    },
    {
      "type": "Feature",
      "properties": {
        "Neighborhood": "Claremont",
        "DataProvider": "Renton",
        "Edit_Date": "2017-04-19T00:00:00.000",
        "GlobalID": "{2E09DB7A-BF1D-435D-A9B1-4A07B05D5F68}",
        "DataProvid": "Renton",
        "Shape_Length": 3420.3174104465184,
        "Shape_Area": 690072.6215660529
      },
      "geometry": {
        "type": "MultiPolygon",
        "coordinates": [
          [
            [
              [
                -122.14315180965811,
                47.49516294124467
              ],
              [
                -122.14326200768201,
                47.49516271881837
              ],
              [
                -122.14352281670779,
                47.49516480916521
              ],
              [
                -122.14383258724962,
                47.49516729004005
              ],
              [
                -122.14402601982455,
                47.49516884081732
              ],
              [
                -122.14426870993287,
                47.49517078328418
              ],
              [
                -122.14466177490846,
                47.49517392926261
              ],
              [
                -122.14515857123195,
                47.49517790395345
              ],
              [
                -122.14530894611103,
                47.4951791071267
              ],
              [
                -122.14552664975344,
                47.49518084806146
              ],
              [
                -122.1456965322466,
                47.49518220578516
              ],
              [
                -122.14600451477226,
                47.49518466812025
              ],
              [
                -122.14607102441177,
                47.49518519903608
              ],
              [
                -122.14611219168626,
                47.49518552816911
              ],
              [
                -122.14613451664724,
                47.49533725393096
              ],
              [
                -122.14614865293026,
                47.49543333261207
              ],
              [
                -122.14617787094308,
                47.49547470236619
              ],
              [
                -122.1462752523567,
                47.49561258754137
              ],
              [
                -122.14634839435128,
                47.495716149250455
              ],
              [
                -122.1463492728372,
                47.49575030290454
              ],
              [
                -122.14635280187709,
                47.495887411209615
              ],
              [
                -122.14635632960854,
                47.496024519530145
              ],
              [
                -122.1463598586855,
                47.496161627835484
              ],
              [
                -122.14636178118,
                47.496236349852374
              ],
              [
                -122.14640728160145,
                47.49629908941988
              ],
              [
                -122.14649475012415,
                47.49641969681303
              ],
              [
                -122.14648707446331,
                47.49643674065285
              ],
              [
                -122.14642557005222,
                47.4965733263851
              ],
              [
                -122.1463640653189,
                47.496709912084285
              ],
              [
                -122.14630871110012,
                47.49683283594313
              ],
              [
                -122.14629329721465,
                47.49684641775397
              ],
              [
                -122.1461876411699,
                47.496939517789
              ],
              [
                -122.14616910287278,
                47.49695585240528
              ],
              [
                -122.14612488156963,
                47.496994818454944
              ],
              [
                -122.14600241886546,
                47.49707725843492
              ],
              [
                -122.14595999011091,
                47.497196888687704
              ],
              [
                -122.14599273688724,
                47.49728787118614
              ],
              [
                -122.1461134886658,
                47.497402249601706
              ],
              [
                -122.14636607102692,
                47.497505015719085
              ],
              [
                -122.14635452672348,
                47.49754613445915
              ],
              [
                -122.14634994531716,
                47.49756245343633
              ],
              [
                -122.14621358295012,
                47.49750719189353
              ],
              [
                -122.1461248632348,
                47.49760689766098
              ],
              [
                -122.14596772368944,
                47.497612026590495
              ],
              [
                -122.14573146047432,
                47.49764982373857
              ],
              [
                -122.14572740437754,
                47.49765047243171
              ],
              [
                -122.14567051252078,
                47.49768201217731
              ],
              [
                -122.14554887897395,
                47.497681020585
              ],
              [
                -122.14542117802571,
                47.497679979332815
              ],
              [
                -122.14536685418135,
                47.4976795365812
              ],
              [
                -122.14518482804945,
                47.49767805140165
              ],
              [
                -122.14504325305091,
                47.497676895650315
              ],
              [
                -122.14500280325498,
                47.49767656591497
              ],
              [
                -122.1449421278759,
                47.49767607039325
              ],
              [
                -122.14475940873417,
                47.497674579043775
              ],
              [
                -122.14455715840538,
                47.497672927933976
              ],
              [
                -122.1443549080893,
                47.49767127646395
              ],
              [
                -122.14415265780869,
                47.49766962553305
              ],
              [
                -122.14395040751828,
                47.497667973342566
              ],
              [
                -122.14374815726323,
                47.49766632169121
              ],
              [
                -122.14354590832544,
                47.497664668765
              ],
              [
                -122.14331920527114,
                47.4976628163432
              ],
              [
                -122.14321017144597,
                47.49766166698608
              ],
              [
                -122.14316029670472,
                47.49555851107008
              ],
              [
                -122.14315180965811,
                47.49516294124467
              ]
            ]
          ]
        ]
      }
    },
    {
      "type": "Feature",
      "properties": {
        "Neighborhood": "Summerfield",
        "DataProvider": "Renton",
        "Edit_Date": "2017-04-19T00:00:00.000",
        "GlobalID": "{9555EE35-6230-4ABE-B0F6-33A2583E144E}",
        "DataProvid": "Renton",
        "Shape_Length": 5780.889990655899,
        "Shape_Area": 1589441.28938977
      },
      "geometry": {
        "type": "MultiPolygon",
        "coordinates": [
          [
            [
              [
                -122.12907677121915,
                47.4614479329213
              ],
              [
                -122.12922675944165,
                47.46141107492767
              ],
              [
                -122.12922728155607,
                47.46141094752344
              ],
              [
                -122.1292355102922,
                47.46141097588401
              ],
              [
                -122.12946732529578,
                47.46141178421279
              ],
              [
                -122.1297414646963,
                47.46141273999429
              ],
              [
                -122.13000436006391,
                47.46141365628951
              ],
              [
                -122.13026725278863,
                47.46141457200603
              ],
              [
                -122.13065121340172,
                47.46141588048995
              ],
              [
                -122.13113467458119,
                47.46141751054948
              ],
              [
                -122.13143343182236,
                47.461418515306974
              ],
              [
                -122.13158202907081,
                47.461419013737114
              ],
              [
                -122.13158953482557,
                47.4614190394044
              ],
              [
                -122.13159077989583,
                47.46141891361255
              ],
              [
                -122.13186009898727,
                47.461391770238464
              ],
              [
                -122.13209061135441,
                47.461368535542654
              ],
              [
                -122.13234591649294,
                47.46134280091121
              ],
              [
                -122.13234442391467,
                47.46149950696257
              ],
              [
                -122.13234148998826,
                47.46180741134194
              ],
              [
                -122.13233811864754,
                47.462161051027316
              ],
              [
                -122.13233649979405,
                47.46233101721814
              ],
              [
                -122.1323349847003,
                47.462490018320864
              ],
              [
                -122.13233328664965,
                47.462668207445375
              ],
              [
                -122.13233158863224,
                47.462846398369216
              ],
              [
                -122.13232989060319,
                47.46302458929374
              ],
              [
                -122.13232819251779,
                47.46320277842034
              ],
              [
                -122.13232571094582,
                47.46346321117154
              ],
              [
                -122.1323227078652,
                47.46377847119851
              ],
              [
                -122.13231898152792,
                47.46416933717045
              ],
              [
                -122.13231827163963,
                47.464243773525936
              ],
              [
                -122.13230070804256,
                47.46441545960645
              ],
              [
                -122.13039110037488,
                47.46410473169046
              ],
              [
                -122.12873444623864,
                47.46384635819137
              ],
              [
                -122.12845047963219,
                47.46381148057164
              ],
              [
                -122.12748378569113,
                47.46369274143273
              ],
              [
                -122.12690170221232,
                47.46362731095911
              ],
              [
                -122.12667074116746,
                47.46360670253085
              ],
              [
                -122.1255663180686,
                47.46350814416367
              ],
              [
                -122.12429037775232,
                47.46341661000832
              ],
              [
                -122.12386479423913,
                47.463389545345876
              ],
              [
                -122.12388827045976,
                47.46320362731364
              ],
              [
                -122.12390166874721,
                47.462952527278404
              ],
              [
                -122.12391102411269,
                47.46277717509668
              ],
              [
                -122.12393884592674,
                47.46225573788558
              ],
              [
                -122.12394379472681,
                47.462255189535874
              ],
              [
                -122.12397995235033,
                47.46225118451031
              ],
              [
                -122.12455861639111,
                47.46218708471731
              ],
              [
                -122.12498106371375,
                47.46214028860452
              ],
              [
                -122.12541606143223,
                47.46209209940287
              ],
              [
                -122.12560750920713,
                47.4620708916131
              ],
              [
                -122.12602265778938,
                47.462024897975326
              ],
              [
                -122.12651581365041,
                47.46197026135208
              ],
              [
                -122.12707362358287,
                47.46190846072956
              ],
              [
                -122.12727418694676,
                47.46188623761793
              ],
              [
                -122.12730788972638,
                47.46188259145948
              ],
              [
                -122.12802627809315,
                47.46170607026301
              ],
              [
                -122.12826458659504,
                47.46164751128414
              ],
              [
                -122.12856891594657,
                47.46157272927342
              ],
              [
                -122.12869213566916,
                47.461542450219795
              ],
              [
                -122.12884416536184,
                47.46150509176339
              ],
              [
                -122.12907677121915,
                47.4614479329213
              ]
            ]
          ]
        ]
      }
    },
    {
      "type": "Feature",
      "properties": {
        "Neighborhood": "President Park",
        "DataProvider": "Renton",
        "Edit_Date": "2017-04-19T00:00:00.000",
        "GlobalID": "{D4DEFF36-EABD-40C1-A3BE-54C06A40CF65}",
        "DataProvid": "Renton",
        "Shape_Length": 21014.1569854534,
        "Shape_Area": 15596047.620632926
      },
      "geometry": {
        "type": "MultiPolygon",
        "coordinates": [
          [
            [
              [
                -122.16443822714275,
                47.49579362331189
              ],
              [
                -122.1643066578303,
                47.49221520337348
              ],
              [
                -122.16429402777592,
                47.49183528493441
              ],
              [
                -122.16428297986546,
                47.49150295060538
              ],
              [
                -122.16441228394748,
                47.491502981938815
              ],
              [
                -122.16449751848617,
                47.491509772883106
              ],
              [
                -122.16487817497875,
                47.49151699535796
              ],
              [
                -122.16487846299493,
                47.49155894802684
              ],
              [
                -122.16488816825266,
                47.49183287807259
              ],
              [
                -122.16524237475173,
                47.491833118535936
              ],
              [
                -122.16546036513581,
                47.491833265970484
              ],
              [
                -122.16573866389619,
                47.491833453671
              ],
              [
                -122.16616529670307,
                47.491833739014304
              ],
              [
                -122.16659188707847,
                47.491834024152496
              ],
              [
                -122.1668995688847,
                47.49183422827208
              ],
              [
                -122.16695484029303,
                47.49183426540506
              ],
              [
                -122.16696704547175,
                47.49219032220528
              ],
              [
                -122.16696555161313,
                47.49222496700199
              ],
              [
                -122.16952924956065,
                47.4922176480095
              ],
              [
                -122.16961422302025,
                47.492220131050836
              ],
              [
                -122.16957590259697,
                47.4903897816213
              ],
              [
                -122.16947475361535,
                47.49039119070366
              ],
              [
                -122.16919103506342,
                47.490391199265474
              ],
              [
                -122.16815429340494,
                47.490391229517634
              ],
              [
                -122.16690467025163,
                47.4903912521115
              ],
              [
                -122.16692038903152,
                47.490839538589135
              ],
              [
                -122.16582752079773,
                47.490840164492084
              ],
              [
                -122.16583990686696,
                47.491147819499695
              ],
              [
                -122.16584565968788,
                47.4912907525022
              ],
              [
                -122.16497263493294,
                47.49129110324799
              ],
              [
                -122.16455162445114,
                47.491291270201785
              ],
              [
                -122.16438397837888,
                47.49129133683354
              ],
              [
                -122.16427593320338,
                47.491290998681386
              ],
              [
                -122.16418604517365,
                47.488587012343395
              ],
              [
                -122.17489431788741,
                47.48857202106281
              ],
              [
                -122.17491906825256,
                47.489612883156816
              ],
              [
                -122.17493912839683,
                47.490333767275004
              ],
              [
                -122.17495975197566,
                47.49093892891397
              ],
              [
                -122.17503082957512,
                47.49214229771311
              ],
              [
                -122.17505209243822,
                47.49286206027735
              ],
              [
                -122.17509601156402,
                47.494898813438326
              ],
              [
                -122.17510766137215,
                47.49609851988617
              ],
              [
                -122.17518485222843,
                47.49854814533572
              ],
              [
                -122.17524955496664,
                47.50066944697447
              ],
              [
                -122.17532524115502,
                47.50309934023947
              ],
              [
                -122.17530863408632,
                47.50318559968367
              ],
              [
                -122.17530699452305,
                47.503432312954885
              ],
              [
                -122.17530620730349,
                47.50355100311324
              ],
              [
                -122.17530589894139,
                47.50359679329701
              ],
              [
                -122.17530475265386,
                47.50376786632005
              ],
              [
                -122.17530314116071,
                47.50400803755515
              ],
              [
                -122.17530146813658,
                47.504254278047014
              ],
              [
                -122.17530034991957,
                47.50441643595631
              ],
              [
                -122.17529997170327,
                47.504471273086416
              ],
              [
                -122.17529883627734,
                47.50463596080264
              ],
              [
                -122.17529844765116,
                47.504692456871126
              ],
              [
                -122.17529749634735,
                47.50483046103369
              ],
              [
                -122.17529613139503,
                47.50502863182442
              ],
              [
                -122.17529765385842,
                47.505230049242535
              ],
              [
                -122.17513645705024,
                47.50535444006343
              ],
              [
                -122.17503327662692,
                47.505422747622426
              ],
              [
                -122.17483272135777,
                47.50554190149821
              ],
              [
                -122.17469336752417,
                47.50561063784723
              ],
              [
                -122.17441861885406,
                47.50571914825074
              ],
              [
                -122.17414567589938,
                47.50580390948681
              ],
              [
                -122.17390815901561,
                47.50586821565107
              ],
              [
                -122.1737726226617,
                47.50589951318302
              ],
              [
                -122.17341141342665,
                47.50595820038759
              ],
              [
                -122.17323713471222,
                47.50596936499006
              ],
              [
                -122.17287057346216,
                47.50597722740864
              ],
              [
                -122.17258271747595,
                47.50596971963582
              ],
              [
                -122.17225333876715,
                47.50594957321992
              ],
              [
                -122.17194452261927,
                47.505925923418474
              ],
              [
                -122.17133215986746,
                47.505873943508156
              ],
              [
                -122.16927412269945,
                47.505710524474765
              ],
              [
                -122.16883146050034,
                47.505658551505874
              ],
              [
                -122.16866810776817,
                47.50563408974884
              ],
              [
                -122.16840671063618,
                47.50556285029308
              ],
              [
                -122.16816686175108,
                47.505475769161485
              ],
              [
                -122.16768843493747,
                47.50526812096395
              ],
              [
                -122.16694525181435,
                47.50491911251096
              ],
              [
                -122.16667719552902,
                47.504793228139526
              ],
              [
                -122.16577480123014,
                47.50436943695696
              ],
              [
                -122.16529738509561,
                47.50414522572399
              ],
              [
                -122.16499750921685,
                47.504004389183805
              ],
              [
                -122.16485348534306,
                47.5039367470762
              ],
              [
                -122.16470386581877,
                47.50388104744754
              ],
              [
                -122.1646952688975,
                47.503015430461026
              ],
              [
                -122.16452984620861,
                47.49812611947069
              ],
              [
                -122.16443822714275,
                47.49579362331189
              ]
            ]
          ]
        ]
      }
    },
    {
      "type": "Feature",
      "properties": {
        "Neighborhood": "Renton Hill",
        "DataProvider": "Renton",
        "Edit_Date": "2017-04-19T00:00:00.000",
        "GlobalID": "{895A8A16-BA22-43AE-B641-90F0BF4E2075}",
        "DataProvid": "Renton",
        "Shape_Length": 11893.96361450735,
        "Shape_Area": 4023948.895997495
      },
      "geometry": {
        "type": "MultiPolygon",
        "coordinates": [
          [
            [
              [
                -122.19558668351127,
                47.475134170796416
              ],
              [
                -122.19512124355441,
                47.475007737908534
              ],
              [
                -122.19473839804056,
                47.474903681661004
              ],
              [
                -122.19153383790623,
                47.47403224355236
              ],
              [
                -122.19262792264283,
                47.47402024254531
              ],
              [
                -122.19266691671048,
                47.47401981329192
              ],
              [
                -122.19271721103681,
                47.47405986280487
              ],
              [
                -122.19281091099482,
                47.47405879263169
              ],
              [
                -122.19307488691663,
                47.47405577601368
              ],
              [
                -122.19310726964066,
                47.474014980805286
              ],
              [
                -122.19316451527774,
                47.47401435249538
              ],
              [
                -122.19334984530444,
                47.474012317097035
              ],
              [
                -122.19355199164853,
                47.474010096044815
              ],
              [
                -122.19379456731377,
                47.47400743318468
              ],
              [
                -122.19389255785683,
                47.47400635566389
              ],
              [
                -122.19399671362002,
                47.47400521134042
              ],
              [
                -122.19419885995595,
                47.474002990934785
              ],
              [
                -122.19444143550822,
                47.47400032489362
              ],
              [
                -122.19453976562586,
                47.47399924454041
              ],
              [
                -122.19496425418397,
                47.47399457712633
              ],
              [
                -122.19532807231215,
                47.473990576856984
              ],
              [
                -122.19598109204377,
                47.47398339315989
              ],
              [
                -122.19622313053496,
                47.47399729909051
              ],
              [
                -122.19633984004508,
                47.47399278676922
              ],
              [
                -122.19643220083185,
                47.473989216265245
              ],
              [
                -122.19654328855101,
                47.47399566784775
              ],
              [
                -122.19672381760805,
                47.47400615186213
              ],
              [
                -122.1967732017904,
                47.470750470035725
              ],
              [
                -122.1967734425074,
                47.47068941635603
              ],
              [
                -122.1966932936165,
                47.470689036183835
              ],
              [
                -122.19645069198276,
                47.470687880730694
              ],
              [
                -122.19645192695981,
                47.470624954785826
              ],
              [
                -122.19734149395872,
                47.47057926734736
              ],
              [
                -122.19798883522405,
                47.470546014270816
              ],
              [
                -122.19877883894716,
                47.4705054295033
              ],
              [
                -122.19897915778158,
                47.47047602723878
              ],
              [
                -122.19902947996415,
                47.47051536026776
              ],
              [
                -122.19908336969546,
                47.47055747861735
              ],
              [
                -122.19912224711294,
                47.470587865392176
              ],
              [
                -122.19920554846621,
                47.47065297378729
              ],
              [
                -122.19925776453921,
                47.470716694898464
              ],
              [
                -122.19927383585237,
                47.4707515904365
              ],
              [
                -122.1992833888681,
                47.47083472428617
              ],
              [
                -122.19927936482888,
                47.4709919192631
              ],
              [
                -122.19927495387186,
                47.47116423542136
              ],
              [
                -122.19993697425541,
                47.47117370184678
              ],
              [
                -122.2002037836204,
                47.47117416159801
              ],
              [
                -122.20043489440376,
                47.47117455959622
              ],
              [
                -122.20051583964242,
                47.47119658940862
              ],
              [
                -122.2005525499861,
                47.471227766458895
              ],
              [
                -122.20055292728235,
                47.471326209161646
              ],
              [
                -122.20055503640647,
                47.471875977772584
              ],
              [
                -122.20055610396948,
                47.472154066224974
              ],
              [
                -122.20055466809559,
                47.472239262879505
              ],
              [
                -122.20067897179689,
                47.47222948737276
              ],
              [
                -122.20126592985599,
                47.4722322572111
              ],
              [
                -122.2018528906301,
                47.472235023981995
              ],
              [
                -122.20193003913408,
                47.47223538724548
              ],
              [
                -122.20193527447299,
                47.472276809118924
              ],
              [
                -122.20190537241986,
                47.473936130161476
              ],
              [
                -122.20199406860513,
                47.47393732840581
              ],
              [
                -122.20252357178198,
                47.47393079590233
              ],
              [
                -122.20327526312421,
                47.47392151978799
              ],
              [
                -122.2032591819077,
                47.474142317855154
              ],
              [
                -122.20309760474524,
                47.47413690770959
              ],
              [
                -122.20308610800647,
                47.47429473200404
              ],
              [
                -122.20303976451247,
                47.47493097216246
              ],
              [
                -122.20314002565527,
                47.47493444173349
              ],
              [
                -122.20313598215377,
                47.47498995322854
              ],
              [
                -122.2031868367185,
                47.475015923820266
              ],
              [
                -122.203186373682,
                47.47514190116771
              ],
              [
                -122.20311313992207,
                47.47503545079221
              ],
              [
                -122.203050168001,
                47.475035123196776
              ],
              [
                -122.20305076773477,
                47.47505427700817
              ],
              [
                -122.20304576942608,
                47.47558177894809
              ],
              [
                -122.2030450522052,
                47.47565735500461
              ],
              [
                -122.2030420352435,
                47.47597570052621
              ],
              [
                -122.20303566606654,
                47.476651073952475
              ],
              [
                -122.2030322376864,
                47.477057760481564
              ],
              [
                -122.20302898616055,
                47.47727439065172
              ],
              [
                -122.2030136719131,
                47.47743538074879
              ],
              [
                -122.20301105453001,
                47.477462895397224
              ],
              [
                -122.20291831707985,
                47.47764541114768
              ],
              [
                -122.20277946226136,
                47.47790535234521
              ],
              [
                -122.20261917841015,
                47.478158996642094
              ],
              [
                -122.20255296661689,
                47.478253721421964
              ],
              [
                -122.20242522435872,
                47.47843647279346
              ],
              [
                -122.20225892584308,
                47.47862628835093
              ],
              [
                -122.20208672874158,
                47.478815679114696
              ],
              [
                -122.20198291052623,
                47.478913304792975
              ],
              [
                -122.2018903022721,
                47.478995874782065
              ],
              [
                -122.201622981794,
                47.47917141931674
              ],
              [
                -122.20133746341135,
                47.47935891214856
              ],
              [
                -122.20110578811033,
                47.47951104604884
              ],
              [
                -122.20091099458409,
                47.479638960107756
              ],
              [
                -122.20076139949835,
                47.47973719283558
              ],
              [
                -122.20065374736002,
                47.47980788325194
              ],
              [
                -122.20040740592897,
                47.47996535863541
              ],
              [
                -122.20028498313806,
                47.47996482338297
              ],
              [
                -122.19919166362153,
                47.47996003659622
              ],
              [
                -122.19919442426803,
                47.47956262872244
              ],
              [
                -122.19919713820552,
                47.47917185131052
              ],
              [
                -122.19919854749408,
                47.47896903505114
              ],
              [
                -122.19919989867448,
                47.47877443984489
              ],
              [
                -122.19920100447034,
                47.478615476319426
              ],
              [
                -122.19920218413708,
                47.47844554963524
              ],
              [
                -122.19920394265507,
                47.478192318565604
              ],
              [
                -122.19920542218624,
                47.47797961868857
              ],
              [
                -122.19920634081903,
                47.47784715901528
              ],
              [
                -122.19920726205311,
                47.47771469751181
              ],
              [
                -122.19920818328245,
                47.47758223600864
              ],
              [
                -122.19920946712716,
                47.47739723472721
              ],
              [
                -122.19920965449015,
                47.477369827697224
              ],
              [
                -122.19921167324256,
                47.47707930594964
              ],
              [
                -122.19921293862954,
                47.47689704680853
              ],
              [
                -122.19921338271317,
                47.476833124576345
              ],
              [
                -122.19921370123598,
                47.47678741493277
              ],
              [
                -122.19843084456443,
                47.47632060893716
              ],
              [
                -122.19811077822592,
                47.47612975326481
              ],
              [
                -122.19784626923692,
                47.47597348688387
              ],
              [
                -122.19760418643973,
                47.47597221041766
              ],
              [
                -122.19740201288106,
                47.47597114466761
              ],
              [
                -122.19719983933057,
                47.47597007855746
              ],
              [
                -122.19697807343414,
                47.475968907446635
              ],
              [
                -122.19663364956726,
                47.475967077308134
              ],
              [
                -122.19637523351513,
                47.47596570474762
              ],
              [
                -122.19637869191706,
                47.475349308074726
              ],
              [
                -122.19593576763552,
                47.47522899507747
              ],
              [
                -122.19558668351127,
                47.475134170796416
              ]
            ]
          ]
        ]
      }
    },
    {
      "type": "Feature",
      "properties": {
        "Neighborhood": "Heather Downs",
        "DataProvider": "Renton",
        "Edit_Date": "2017-04-19T00:00:00.000",
        "GlobalID": "{630D8009-B206-490D-AEB0-FD60FD42ED67}",
        "DataProvid": "Renton",
        "Shape_Length": 6127.644642361363,
        "Shape_Area": 2282975.348481003
      },
      "geometry": {
        "type": "MultiPolygon",
        "coordinates": [
          [
            [
              [
                -122.15788317101263,
                47.481285827648186
              ],
              [
                -122.15731435914452,
                47.48128177864408
              ],
              [
                -122.15720298286746,
                47.48128603727871
              ],
              [
                -122.15645417843241,
                47.4812812800328
              ],
              [
                -122.15645321331391,
                47.481198969801106
              ],
              [
                -122.15645321195247,
                47.481198811492575
              ],
              [
                -122.15643678830601,
                47.47979938664149
              ],
              [
                -122.15639771590814,
                47.47973338183456
              ],
              [
                -122.15621701720978,
                47.479428131803026
              ],
              [
                -122.15610971143683,
                47.479246863177536
              ],
              [
                -122.15622901605013,
                47.47914989520579
              ],
              [
                -122.15642727613563,
                47.478988748981635
              ],
              [
                -122.15651387138594,
                47.47891836466337
              ],
              [
                -122.15656566514346,
                47.478876267281585
              ],
              [
                -122.15694097505069,
                47.47877421233544
              ],
              [
                -122.15718493426633,
                47.47870786829884
              ],
              [
                -122.1574288955145,
                47.47864152370707
              ],
              [
                -122.15767285348922,
                47.47857517862197
              ],
              [
                -122.15791681088908,
                47.478508834811336
              ],
              [
                -122.15816076762289,
                47.47844248867786
              ],
              [
                -122.15840472638921,
                47.478376141989195
              ],
              [
                -122.1586486818821,
                47.47830979480725
              ],
              [
                -122.1588926367545,
                47.47824344710113
              ],
              [
                -122.15913659365938,
                47.4781770988398
              ],
              [
                -122.15938054733657,
                47.47811075188384
              ],
              [
                -122.15962448511627,
                47.478044325419944
              ],
              [
                -122.15986841312672,
                47.47797785176117
              ],
              [
                -122.1601123405614,
                47.47791137937688
              ],
              [
                -122.16035626732872,
                47.47784490466987
              ],
              [
                -122.16060019873466,
                47.47777842757815
              ],
              [
                -122.16084412951896,
                47.477711949962305
              ],
              [
                -122.1609508958459,
                47.477682854048474
              ],
              [
                -122.16127435063117,
                47.47768600045477
              ],
              [
                -122.16153715453392,
                47.47768855671776
              ],
              [
                -122.16179996111543,
                47.47769111234127
              ],
              [
                -122.16206276772266,
                47.47769366735633
              ],
              [
                -122.16234578781324,
                47.47769641867424
              ],
              [
                -122.16284321119629,
                47.47770125306508
              ],
              [
                -122.16335831842885,
                47.47770625587688
              ],
              [
                -122.16415775862647,
                47.477714014751456
              ],
              [
                -122.1641665115872,
                47.477714099231925
              ],
              [
                -122.16416545289292,
                47.478262639974595
              ],
              [
                -122.16416128563796,
                47.480424921376326
              ],
              [
                -122.16415954012723,
                47.481329990330565
              ],
              [
                -122.16415960933979,
                47.48134508253646
              ],
              [
                -122.15808863943882,
                47.4812867600419
              ],
              [
                -122.15788317101263,
                47.481285827648186
              ]
            ]
          ]
        ]
      }
    },
    {
      "type": "Feature",
      "properties": {
        "Neighborhood": "Honey Creek Park",
        "DataProvider": "Renton",
        "Edit_Date": "2017-04-19T00:00:00.000",
        "GlobalID": "{275EE1B6-1532-407F-B525-401C59FF1CE5}",
        "DataProvid": "Renton",
        "Shape_Length": 3269.5475281750328,
        "Shape_Area": 641157.7599656763
      },
      "geometry": {
        "type": "MultiPolygon",
        "coordinates": [
          [
            [
              [
                -122.17131065371358,
                47.50677873888547
              ],
              [
                -122.17131124665507,
                47.50664167105904
              ],
              [
                -122.17136125901145,
                47.50664216760313
              ],
              [
                -122.17140171667637,
                47.50664256890216
              ],
              [
                -122.17156353944847,
                47.50664417674586
              ],
              [
                -122.17172536088017,
                47.50664578347533
              ],
              [
                -122.17187961959183,
                47.50664731539172
              ],
              [
                -122.17192331087388,
                47.506647749457635
              ],
              [
                -122.17193726640544,
                47.506647887218556
              ],
              [
                -122.17194786752766,
                47.506647992551294
              ],
              [
                -122.17205516289187,
                47.506649058573636
              ],
              [
                -122.17228116610515,
                47.50665130224232
              ],
              [
                -122.17260483561148,
                47.50665451311273
              ],
              [
                -122.17274644153656,
                47.50665591779746
              ],
              [
                -122.17302965345573,
                47.506658728435795
              ],
              [
                -122.17323194727037,
                47.50666073355116
              ],
              [
                -122.17337901647029,
                47.5066621917322
              ],
              [
                -122.17371745574825,
                47.506665547198175
              ],
              [
                -122.17396023153387,
                47.506667963784274
              ],
              [
                -122.17440266180492,
                47.50667237806294
              ],
              [
                -122.17462475076628,
                47.50667459312675
              ],
              [
                -122.17484596061668,
                47.506676798350576
              ],
              [
                -122.17506571506397,
                47.506678989753546
              ],
              [
                -122.17528440224265,
                47.50668128869796
              ],
              [
                -122.17528239278457,
                47.5069691420865
              ],
              [
                -122.17528038639115,
                47.5072569090801
              ],
              [
                -122.17527847274667,
                47.507531051822546
              ],
              [
                -122.17527751598628,
                47.50766812589188
              ],
              [
                -122.17527598337215,
                47.50788743686791
              ],
              [
                -122.17527502804954,
                47.508024464142665
              ],
              [
                -122.17527426218864,
                47.50813418889279
              ],
              [
                -122.1752740712248,
                47.50816153641398
              ],
              [
                -122.17527294832135,
                47.50832248715342
              ],
              [
                -122.17527191477308,
                47.50847019690011
              ],
              [
                -122.17491995535784,
                47.50846702903058
              ],
              [
                -122.1746731213328,
                47.508464804460665
              ],
              [
                -122.17441714556347,
                47.50846249839588
              ],
              [
                -122.17425640979096,
                47.50846105173543
              ],
              [
                -122.1740743519535,
                47.508459410380944
              ],
              [
                -122.17392155481228,
                47.50845803324858
              ],
              [
                -122.17298029216315,
                47.508449543947755
              ],
              [
                -122.17285670261673,
                47.50844842895945
              ],
              [
                -122.17262659072789,
                47.50844635354077
              ],
              [
                -122.17194423966804,
                47.50844032723484
              ],
              [
                -122.1714980018735,
                47.50843638526177
              ],
              [
                -122.17130348880919,
                47.50843466673037
              ],
              [
                -122.1713036312881,
                47.50840172716207
              ],
              [
                -122.17130434372514,
                47.50823723802153
              ],
              [
                -122.17130496824677,
                47.50809270785812
              ],
              [
                -122.17130568534519,
                47.50792684861232
              ],
              [
                -122.1713060265482,
                47.50784795108294
              ],
              [
                -122.17130645445899,
                47.50774925471506
              ],
              [
                -122.17130651498438,
                47.507735368182985
              ],
              [
                -122.17130666762932,
                47.50769982422935
              ],
              [
                -122.17130928601779,
                47.50709473204375
              ],
              [
                -122.1713094203785,
                47.507063545840495
              ],
              [
                -122.17130984074298,
                47.50696652186946
              ],
              [
                -122.17131065371358,
                47.50677873888547
              ]
            ]
          ]
        ]
      }
    },
    {
      "type": "Feature",
      "properties": {
        "Neighborhood": "Copperwood",
        "DataProvider": "Renton",
        "Edit_Date": "2018-12-26T00:00:00.000",
        "GlobalID": "{A8EB372D-BF94-49DE-9230-47AED5ED6445}",
        "DataProvid": "Renton",
        "Shape_Length": 3715.5248212500264,
        "Shape_Area": 547600.4925584944
      },
      "geometry": {
        "type": "MultiPolygon",
        "coordinates": [
          [
            [
              [
                -122.15028364338299,
                47.48077602939349
              ],
              [
                -122.14971743421742,
                47.48077250861215
              ],
              [
                -122.14970292157354,
                47.47941009799063
              ],
              [
                -122.14998926897103,
                47.47941235496236
              ],
              [
                -122.15035602141656,
                47.479415244435614
              ],
              [
                -122.15088247579357,
                47.479419390654726
              ],
              [
                -122.15088273460428,
                47.47941939304791
              ],
              [
                -122.15088955020907,
                47.48003016280571
              ],
              [
                -122.15132842423125,
                47.480027822997535
              ],
              [
                -122.1513708320538,
                47.480057134196905
              ],
              [
                -122.1517744093016,
                47.48005498842952
              ],
              [
                -122.15177520404221,
                47.48005498459562
              ],
              [
                -122.15177374331603,
                47.47992851580964
              ],
              [
                -122.15177426317803,
                47.47991408989856
              ],
              [
                -122.15177615528532,
                47.47989971680701
              ],
              [
                -122.151779411747,
                47.47988545646368
              ],
              [
                -122.15178401898474,
                47.479871368326926
              ],
              [
                -122.1517899577871,
                47.47985751113722
              ],
              [
                -122.15179720339158,
                47.47984394267197
              ],
              [
                -122.15180572558647,
                47.47983071950465
              ],
              [
                -122.15181548883773,
                47.47981789676912
              ],
              [
                -122.15182645243713,
                47.479805527929464
              ],
              [
                -122.1518258588844,
                47.479805196586135
              ],
              [
                -122.15173906036911,
                47.47975679775992
              ],
              [
                -122.15163656215445,
                47.47969964579055
              ],
              [
                -122.15163345767142,
                47.47942531319415
              ],
              [
                -122.1536017207962,
                47.47944081329063
              ],
              [
                -122.15362205307031,
                47.481181022988345
              ],
              [
                -122.15330798884388,
                47.48117930608279
              ],
              [
                -122.15258913564185,
                47.48117445662846
              ],
              [
                -122.15219871701834,
                47.48117197604466
              ],
              [
                -122.15156758992579,
                47.48116795930785
              ],
              [
                -122.15085485312368,
                47.48116341735569
              ],
              [
                -122.15028773622032,
                47.481159801058084
              ],
              [
                -122.15028364338299,
                47.48077602939349
              ]
            ]
          ]
        ]
      }
    },
    {
      "type": "Feature",
      "properties": {
        "Neighborhood": "The Village on Union",
        "DataProvider": "Renton",
        "Edit_Date": "2018-12-26T00:00:00.000",
        "GlobalID": "{C5633629-A765-4998-BD95-A9B87CD52146}",
        "DataProvid": "Renton",
        "Shape_Length": 3962.664689867895,
        "Shape_Area": 596016.3518427776
      },
      "geometry": {
        "type": "MultiPolygon",
        "coordinates": [
          [
            [
              [
                -122.16488816825266,
                47.49183287807259
              ],
              [
                -122.16487846299493,
                47.49155894802684
              ],
              [
                -122.16487817497875,
                47.49151699535796
              ],
              [
                -122.16449751848617,
                47.491509772883106
              ],
              [
                -122.16441228394748,
                47.491502981938815
              ],
              [
                -122.16428297986546,
                47.49150295060538
              ],
              [
                -122.16427593320338,
                47.491290998681386
              ],
              [
                -122.16438397837888,
                47.49129133683354
              ],
              [
                -122.16455162445114,
                47.491291270201785
              ],
              [
                -122.16497263493294,
                47.49129110324799
              ],
              [
                -122.16584565968788,
                47.4912907525022
              ],
              [
                -122.16583990686696,
                47.491147819499695
              ],
              [
                -122.16582752079773,
                47.490840164492084
              ],
              [
                -122.16692038903152,
                47.490839538589135
              ],
              [
                -122.16690467025163,
                47.4903912521115
              ],
              [
                -122.16815429340494,
                47.490391229517634
              ],
              [
                -122.16919103506342,
                47.490391199265474
              ],
              [
                -122.16947475361535,
                47.49039119070366
              ],
              [
                -122.16957590259697,
                47.4903897816213
              ],
              [
                -122.16961422302025,
                47.492220131050836
              ],
              [
                -122.16952924956065,
                47.4922176480095
              ],
              [
                -122.16696555161313,
                47.49222496700199
              ],
              [
                -122.16696704547175,
                47.49219032220528
              ],
              [
                -122.16695484029303,
                47.49183426540506
              ],
              [
                -122.1668995688847,
                47.49183422827208
              ],
              [
                -122.16659188707847,
                47.491834024152496
              ],
              [
                -122.16616529670307,
                47.491833739014304
              ],
              [
                -122.16573866389619,
                47.491833453671
              ],
              [
                -122.16546036513581,
                47.491833265970484
              ],
              [
                -122.16524237475173,
                47.491833118535936
              ],
              [
                -122.16488816825266,
                47.49183287807259
              ]
            ]
          ]
        ]
      }
    },
    {
      "type": "Feature",
      "properties": {
        "Neighborhood": "Benson",
        "DataProvider": "Renton",
        "Edit_Date": "2025-12-17T00:00:00.000",
        "GlobalID": "{313540FC-9A4E-4E3C-A51D-9E9BDC22C1B0}",
        "DataProvid": "Renton",
        "Shape_Length": 29161.488874505405,
        "Shape_Area": 27359464.52688388
      },
      "geometry": {
        "type": "MultiPolygon",
        "coordinates": [
          [
            [
              [
                -122.19612618124475,
                47.44526935729073
              ],
              [
                -122.19057048077423,
                47.44521594424842
              ],
              [
                -122.19024332927097,
                47.44521006907818
              ],
              [
                -122.19015106445546,
                47.445208394866306
              ],
              [
                -122.18966825329937,
                47.445199630120705
              ],
              [
                -122.18956352555826,
                47.44519772843244
              ],
              [
                -122.18883452191683,
                47.445187149215975
              ],
              [
                -122.18827166951937,
                47.445178977871
              ],
              [
                -122.18648296966786,
                47.445172222754195
              ],
              [
                -122.1862067351034,
                47.445177105467735
              ],
              [
                -122.18619917560434,
                47.44517783702643
              ],
              [
                -122.18598606511831,
                47.44518341552959
              ],
              [
                -122.18526945763719,
                47.44520217166545
              ],
              [
                -122.18490060140489,
                47.445211824449956
              ],
              [
                -122.18442600948354,
                47.445225455837615
              ],
              [
                -122.18402454058271,
                47.445236985716754
              ],
              [
                -122.18090471981178,
                47.445330532758334
              ],
              [
                -122.18060537572863,
                47.44533909654018
              ],
              [
                -122.17948917678082,
                47.44537104903257
              ],
              [
                -122.17734500080002,
                47.4454323986385
              ],
              [
                -122.1772733209968,
                47.44543438768947
              ],
              [
                -122.1769454858698,
                47.44544348536273
              ],
              [
                -122.1764505450487,
                47.44545712826257
              ],
              [
                -122.17566274495107,
                47.44547883815504
              ],
              [
                -122.17547086967926,
                47.4454870494031
              ],
              [
                -122.17547019088573,
                47.44539329129269
              ],
              [
                -122.17547534874902,
                47.44520636186544
              ],
              [
                -122.17547935634944,
                47.445061135881765
              ],
              [
                -122.17548082175504,
                47.44498315880687
              ],
              [
                -122.17548458428264,
                47.44478291331227
              ],
              [
                -122.17551292908315,
                47.443501116642054
              ],
              [
                -122.17552274152057,
                47.443057323716175
              ],
              [
                -122.17555879880466,
                47.44142663611877
              ],
              [
                -122.17543895814526,
                47.44142524936459
              ],
              [
                -122.1751519642195,
                47.441421926933785
              ],
              [
                -122.17506334586494,
                47.44142089186776
              ],
              [
                -122.17480385059342,
                47.44123265892561
              ],
              [
                -122.17470270431895,
                47.4410962933273
              ],
              [
                -122.17464333844035,
                47.441016246107544
              ],
              [
                -122.17466180440029,
                47.44090284252998
              ],
              [
                -122.17465794732648,
                47.440801491851566
              ],
              [
                -122.17464685654868,
                47.440508239809674
              ],
              [
                -122.17464411206993,
                47.44043605003291
              ],
              [
                -122.17454701993704,
                47.44011765722569
              ],
              [
                -122.1725678318266,
                47.44006531290105
              ],
              [
                -122.17258176452253,
                47.43965372519119
              ],
              [
                -122.17262673616253,
                47.43775349446449
              ],
              [
                -122.1736791758641,
                47.437764840792404
              ],
              [
                -122.17422739951394,
                47.43777074671291
              ],
              [
                -122.17443270541555,
                47.43777295830245
              ],
              [
                -122.17443403406806,
                47.43769775987269
              ],
              [
                -122.17444087671541,
                47.43731043434556
              ],
              [
                -122.17444739829357,
                47.436941324474375
              ],
              [
                -122.17445394569792,
                47.43657007511574
              ],
              [
                -122.17566592401,
                47.436582777891594
              ],
              [
                -122.17566975469718,
                47.436409574589504
              ],
              [
                -122.1756775828214,
                47.43605547556115
              ],
              [
                -122.17568432940281,
                47.43575033061993
              ],
              [
                -122.17569984207432,
                47.435048685864274
              ],
              [
                -122.17452832693937,
                47.43323602293533
              ],
              [
                -122.17409330066387,
                47.43112173469363
              ],
              [
                -122.17409548398166,
                47.430432131450466
              ],
              [
                -122.17409548445254,
                47.430432098160715
              ],
              [
                -122.17410422953127,
                47.430432028047534
              ],
              [
                -122.17411797936757,
                47.430431917650374
              ],
              [
                -122.17420082700296,
                47.430431253808614
              ],
              [
                -122.17513478756656,
                47.430423765165074
              ],
              [
                -122.1751562036011,
                47.43042359361635
              ],
              [
                -122.17567060838776,
                47.43041946576465
              ],
              [
                -122.17567935346226,
                47.430419395530016
              ],
              [
                -122.175802653981,
                47.4304184054794
              ],
              [
                -122.1757983888977,
                47.43061036011137
              ],
              [
                -122.17580424244423,
                47.430609610737136
              ],
              [
                -122.17591995887365,
                47.430594793051604
              ],
              [
                -122.17708674689717,
                47.43044538104959
              ],
              [
                -122.17713616180724,
                47.430439144360136
              ],
              [
                -122.17713627148177,
                47.43043913046644
              ],
              [
                -122.17730905967886,
                47.43041732091813
              ],
              [
                -122.17783462367201,
                47.4303509822146
              ],
              [
                -122.1778429595908,
                47.43035093105728
              ],
              [
                -122.17836545363407,
                47.43034769898467
              ],
              [
                -122.17867614478816,
                47.430345775674375
              ],
              [
                -122.17913582056391,
                47.430342929970514
              ],
              [
                -122.17917988199824,
                47.43034265802502
              ],
              [
                -122.17932505847998,
                47.43034175714182
              ],
              [
                -122.17974455375659,
                47.43033915739738
              ],
              [
                -122.1804698119271,
                47.43033465942064
              ],
              [
                -122.18073240414994,
                47.43033302929497
              ],
              [
                -122.181019448686,
                47.43033124649346
              ],
              [
                -122.18115194299732,
                47.43033042292571
              ],
              [
                -122.18126193211364,
                47.430329739877514
              ],
              [
                -122.1818685933088,
                47.43032596973405
              ],
              [
                -122.1824752530678,
                47.43032219546189
              ],
              [
                -122.1838104839938,
                47.43031387715389
              ],
              [
                -122.18446854040435,
                47.43030978776715
              ],
              [
                -122.18593261941082,
                47.430300624333405
              ],
              [
                -122.18635847631136,
                47.430297961118235
              ],
              [
                -122.18636520046375,
                47.43029786919335
              ],
              [
                -122.18647137034152,
                47.43029642154125
              ],
              [
                -122.18660314739545,
                47.430294624122354
              ],
              [
                -122.1866041748346,
                47.43029462535473
              ],
              [
                -122.1878101736233,
                47.43029570667012
              ],
              [
                -122.1878094212723,
                47.4303317607512
              ],
              [
                -122.1878411775579,
                47.430331789843166
              ],
              [
                -122.18802843550955,
                47.43033196380808
              ],
              [
                -122.18803034586414,
                47.43033196527481
              ],
              [
                -122.18847234557447,
                47.43033234964231
              ],
              [
                -122.18846844981115,
                47.4304936793326
              ],
              [
                -122.18846313435297,
                47.43071386004172
              ],
              [
                -122.18846183488833,
                47.43076779074323
              ],
              [
                -122.18845877686246,
                47.430894741232535
              ],
              [
                -122.18845830686472,
                47.4309140229582
              ],
              [
                -122.18845201096214,
                47.431174277091685
              ],
              [
                -122.18844767536916,
                47.43135447254543
              ],
              [
                -122.18844339198311,
                47.431531981242564
              ],
              [
                -122.18843905828119,
                47.43171214968745
              ],
              [
                -122.18843424189375,
                47.43191121499196
              ],
              [
                -122.18842874094818,
                47.432138256288205
              ],
              [
                -122.18842418874092,
                47.432327173021534
              ],
              [
                -122.18841927190617,
                47.432531669367684
              ],
              [
                -122.18841901883832,
                47.43254214705215
              ],
              [
                -122.18841297441037,
                47.432791979300454
              ],
              [
                -122.18841058689759,
                47.432922604645
              ],
              [
                -122.18840595667918,
                47.433111687834824
              ],
              [
                -122.18840189520755,
                47.433275894556445
              ],
              [
                -122.18839786847644,
                47.43343990835413
              ],
              [
                -122.18853056049383,
                47.43343944722044
              ],
              [
                -122.18851304364684,
                47.4340396970223
              ],
              [
                -122.18901880732696,
                47.43403628428076
              ],
              [
                -122.18905925009499,
                47.43403602030685
              ],
              [
                -122.18932130287297,
                47.43403423123082
              ],
              [
                -122.18956291361572,
                47.43403260325739
              ],
              [
                -122.18982605651495,
                47.43403082696517
              ],
              [
                -122.18998277909128,
                47.434029774451496
              ],
              [
                -122.19011267526055,
                47.43402890593736
              ],
              [
                -122.19039301322147,
                47.434026402652805
              ],
              [
                -122.19065586007363,
                47.434024050449246
              ],
              [
                -122.19090044459656,
                47.434021864078005
              ],
              [
                -122.19122772989208,
                47.434018904668974
              ],
              [
                -122.19171071654849,
                47.43401457419757
              ],
              [
                -122.19171144478304,
                47.433978866680626
              ],
              [
                -122.19171500434034,
                47.433805040256395
              ],
              [
                -122.1917184708396,
                47.433635383584885
              ],
              [
                -122.19171854128626,
                47.433631874392724
              ],
              [
                -122.19172201472101,
                47.43346095643242
              ],
              [
                -122.19172219512647,
                47.43345239929901
              ],
              [
                -122.19172555873301,
                47.43328806395643
              ],
              [
                -122.19172569046958,
                47.43328079559955
              ],
              [
                -122.19172940879334,
                47.43309748214129
              ],
              [
                -122.19173021952018,
                47.43305872947003
              ],
              [
                -122.1917330817908,
                47.43291874627176
              ],
              [
                -122.19173598022728,
                47.43277617905697
              ],
              [
                -122.1917369480171,
                47.43272868601865
              ],
              [
                -122.19174087069874,
                47.43253621062666
              ],
              [
                -122.19174122936651,
                47.43249552298436
              ],
              [
                -122.1917416070363,
                47.432452712113985
              ],
              [
                -122.19174554873106,
                47.43225006408464
              ],
              [
                -122.19174807669182,
                47.432118942123026
              ],
              [
                -122.19174958456982,
                47.432060412009086
              ],
              [
                -122.19175485380886,
                47.43185753038123
              ],
              [
                -122.19176060962212,
                47.43163462555012
              ],
              [
                -122.19175959912013,
                47.43161127565447
              ],
              [
                -122.19176136902597,
                47.431524243820284
              ],
              [
                -122.19175697634482,
                47.43151948280661
              ],
              [
                -122.19175445758037,
                47.4314809121535
              ],
              [
                -122.19176246128028,
                47.43147058089635
              ],
              [
                -122.1917627414638,
                47.4314568401081
              ],
              [
                -122.1917647454511,
                47.43135832147716
              ],
              [
                -122.19177045581955,
                47.431076500333056
              ],
              [
                -122.19177095081619,
                47.43105200973191
              ],
              [
                -122.19177626089427,
                47.43078864009891
              ],
              [
                -122.19177776538203,
                47.4307162241651
              ],
              [
                -122.19178510257092,
                47.430353446846276
              ],
              [
                -122.19178525243397,
                47.43033790756708
              ],
              [
                -122.19178540621286,
                47.430337907524006
              ],
              [
                -122.19222114959055,
                47.43033881910976
              ],
              [
                -122.19244045973645,
                47.43033927727506
              ],
              [
                -122.19247726418791,
                47.43033935341388
              ],
              [
                -122.1924918210574,
                47.43033938404347
              ],
              [
                -122.19249182580202,
                47.43033926074462
              ],
              [
                -122.1924930761488,
                47.4303068780939
              ],
              [
                -122.1925018167556,
                47.430306891175356
              ],
              [
                -122.19311559938795,
                47.430307830514245
              ],
              [
                -122.19311457535291,
                47.43036375328436
              ],
              [
                -122.19319538254703,
                47.430363590299244
              ],
              [
                -122.19385527761429,
                47.4303632637898
              ],
              [
                -122.19443185540186,
                47.430362974566115
              ],
              [
                -122.19443185940277,
                47.43036287376549
              ],
              [
                -122.19443418745915,
                47.43030983555067
              ],
              [
                -122.19444292790293,
                47.43030984218743
              ],
              [
                -122.19481826414346,
                47.430310111378404
              ],
              [
                -122.19520104829034,
                47.43031038613552
              ],
              [
                -122.19526145843436,
                47.430310428854355
              ],
              [
                -122.19526128843913,
                47.43036525832337
              ],
              [
                -122.19555996292087,
                47.430365470616636
              ],
              [
                -122.19586839069754,
                47.430365689074605
              ],
              [
                -122.19586839176345,
                47.43036557751424
              ],
              [
                -122.19586881036417,
                47.43032456705412
              ],
              [
                -122.1958775547864,
                47.43032457353252
              ],
              [
                -122.19618063970546,
                47.43032478786767
              ],
              [
                -122.1964924716944,
                47.430327749703906
              ],
              [
                -122.19649247341397,
                47.43032756167156
              ],
              [
                -122.19649251002109,
                47.43032226092149
              ],
              [
                -122.1965012530181,
                47.430322517451465
              ],
              [
                -122.19682458434812,
                47.430331988016675
              ],
              [
                -122.19692694230285,
                47.43039184033348
              ],
              [
                -122.19693477907722,
                47.43039120365201
              ],
              [
                -122.19710133949644,
                47.43037766807155
              ],
              [
                -122.1971013367591,
                47.43037786781065
              ],
              [
                -122.19710002117503,
                47.430489718210204
              ],
              [
                -122.19709925009425,
                47.43055516275254
              ],
              [
                -122.19709779635194,
                47.4306785752849
              ],
              [
                -122.19708740583756,
                47.43156218164093
              ],
              [
                -122.19708679449185,
                47.43159689289577
              ],
              [
                -122.1970847087042,
                47.43177021529805
              ],
              [
                -122.19708293123226,
                47.431918035467376
              ],
              [
                -122.19708026410441,
                47.4321396550854
              ],
              [
                -122.1970574681631,
                47.43393571727647
              ],
              [
                -122.1970528296122,
                47.43432327780845
              ],
              [
                -122.1970507956447,
                47.43449387207978
              ],
              [
                -122.19704918273092,
                47.43462871117409
              ],
              [
                -122.19702716129368,
                47.43646922848394
              ],
              [
                -122.1970250485701,
                47.436878940454854
              ],
              [
                -122.19702324782334,
                47.43722831490268
              ],
              [
                -122.19702303851393,
                47.43725903170069
              ],
              [
                -122.19702084538808,
                47.43771561624418
              ],
              [
                -122.19681688593981,
                47.43771349951138
              ],
              [
                -122.1968169140672,
                47.43771112428821
              ],
              [
                -122.19673289529808,
                47.43771262731514
              ],
              [
                -122.19634786023022,
                47.43771953127146
              ],
              [
                -122.19577575858425,
                47.437729750003186
              ],
              [
                -122.19558578547343,
                47.437733156463274
              ],
              [
                -122.19501978525848,
                47.43774327110471
              ],
              [
                -122.19476857431913,
                47.43774776765256
              ],
              [
                -122.19473617970719,
                47.43774834902614
              ],
              [
                -122.1944831501827,
                47.437752866771284
              ],
              [
                -122.1944602868461,
                47.437753277901265
              ],
              [
                -122.19432092780319,
                47.43775577253219
              ],
              [
                -122.19417401430564,
                47.437758384624196
              ],
              [
                -122.19390187965182,
                47.43776324005817
              ],
              [
                -122.19340200418517,
                47.43777217011665
              ],
              [
                -122.19324786031267,
                47.43777492348862
              ],
              [
                -122.19315753813073,
                47.43777652643413
              ],
              [
                -122.19263399125992,
                47.43778590244224
              ],
              [
                -122.19243424181042,
                47.43778944777805
              ],
              [
                -122.19235098890827,
                47.437790938378335
              ],
              [
                -122.19207457406584,
                47.43779589468723
              ],
              [
                -122.19176288455178,
                47.43780142576117
              ],
              [
                -122.1917628813231,
                47.43780374760711
              ],
              [
                -122.19165880937602,
                47.43780605109359
              ],
              [
                -122.19164931780045,
                47.43884918967055
              ],
              [
                -122.19165015588602,
                47.438849194026574
              ],
              [
                -122.19165367001413,
                47.43966407841775
              ],
              [
                -122.19163639835756,
                47.44059233892307
              ],
              [
                -122.19162509212715,
                47.441511444978644
              ],
              [
                -122.19231295600196,
                47.44150877283723
              ],
              [
                -122.1928761714634,
                47.441504509647594
              ],
              [
                -122.19326304936449,
                47.441501760761795
              ],
              [
                -122.19382752846184,
                47.44149734545786
              ],
              [
                -122.19382760004204,
                47.44149734459927
              ],
              [
                -122.19400150575582,
                47.441495983533464
              ],
              [
                -122.19403525143915,
                47.44149240948817
              ],
              [
                -122.19405831064134,
                47.44148530775727
              ],
              [
                -122.19406782768847,
                47.44148237790425
              ],
              [
                -122.1940947103613,
                47.441467062134315
              ],
              [
                -122.19412216496703,
                47.44143502805021
              ],
              [
                -122.19412245321985,
                47.441378532942494
              ],
              [
                -122.19412365618527,
                47.44114337982408
              ],
              [
                -122.19511574956509,
                47.44113931431052
              ],
              [
                -122.19531305348919,
                47.44113170519053
              ],
              [
                -122.1963233941912,
                47.44112177773741
              ],
              [
                -122.1964144991266,
                47.44112169761158
              ],
              [
                -122.19681147891613,
                47.44112268336806
              ],
              [
                -122.19698587514719,
                47.441132126538484
              ],
              [
                -122.19698253485791,
                47.441471665559
              ],
              [
                -122.19697685164418,
                47.44227918503261
              ],
              [
                -122.19697475816923,
                47.44242011107553
              ],
              [
                -122.19697193749155,
                47.442610103438724
              ],
              [
                -122.19696000555442,
                47.443413553702634
              ],
              [
                -122.19693176255355,
                47.44527231765223
              ],
              [
                -122.19692738341202,
                47.44527230012878
              ],
              [
                -122.1967466670632,
                47.44527160819688
              ],
              [
                -122.19631275484439,
                47.445269949244675
              ],
              [
                -122.1961133895106,
                47.445269187126556
              ],
              [
                -122.19612618124475,
                47.44526935729073
              ]
            ]
          ]
        ]
      }
    },
    {
      "type": "Feature",
      "properties": {
        "Neighborhood": "One Union Place",
        "DataProvider": "Renton",
        "Edit_Date": "2017-04-19T00:00:00.000",
        "GlobalID": "{7719C825-1966-4E95-8047-7BE3D243ADA6}",
        "DataProvid": "Renton",
        "Shape_Length": 5243.499124404914,
        "Shape_Area": 1284049.315217784
      },
      "geometry": {
        "type": "MultiPolygon",
        "coordinates": [
          [
            [
              [
                -122.153622301403,
                47.48128221810167
              ],
              [
                -122.15508882131557,
                47.48126467844657
              ],
              [
                -122.15626872947325,
                47.481279430384035
              ],
              [
                -122.15627964720957,
                47.482264815708774
              ],
              [
                -122.15628080695352,
                47.482641385721564
              ],
              [
                -122.15628217779887,
                47.48308629363528
              ],
              [
                -122.15628568881289,
                47.484397504241066
              ],
              [
                -122.15628693996564,
                47.484864845249994
              ],
              [
                -122.15630419157043,
                47.48669701509164
              ],
              [
                -122.15622524755564,
                47.48669619800535
              ],
              [
                -122.15618480545545,
                47.48669579040099
              ],
              [
                -122.15592999332699,
                47.486693218067956
              ],
              [
                -122.15567518117807,
                47.48669064336435
              ],
              [
                -122.1553598718427,
                47.48668745746311
              ],
              [
                -122.15515807981548,
                47.48668537960005
              ],
              [
                -122.15493727051965,
                47.48668309997997
              ],
              [
                -122.15473507250451,
                47.48668102429278
              ],
              [
                -122.15453287185211,
                47.486678948276385
              ],
              [
                -122.15433067386917,
                47.486676871869
              ],
              [
                -122.1541284759479,
                47.486674796900076
              ],
              [
                -122.15380755351929,
                47.48667151727098
              ],
              [
                -122.15368620306667,
                47.48667027682057
              ],
              [
                -122.1536846324982,
                47.48653598930629
              ],
              [
                -122.15368303062235,
                47.48639889190015
              ],
              [
                -122.15368142880045,
                47.486261796292965
              ],
              [
                -122.15367982694144,
                47.48612469888734
              ],
              [
                -122.15367887676656,
                47.48604354354942
              ],
              [
                -122.15367822243748,
                47.48598760151294
              ],
              [
                -122.15367630086782,
                47.485823088937416
              ],
              [
                -122.15366404301997,
                47.484774091981926
              ],
              [
                -122.15366372316909,
                47.48474667141601
              ],
              [
                -122.15366179853676,
                47.48458213908959
              ],
              [
                -122.15365987711624,
                47.48441762831608
              ],
              [
                -122.15365795566233,
                47.484253115744345
              ],
              [
                -122.1536546114378,
                47.48396696369746
              ],
              [
                -122.15364934509643,
                47.48351647900456
              ],
              [
                -122.15364600654041,
                47.483230756890414
              ],
              [
                -122.15364365971008,
                47.48302993183791
              ],
              [
                -122.15364173767554,
                47.482865392290435
              ],
              [
                -122.15363949335656,
                47.48267343940365
              ],
              [
                -122.15363757275952,
                47.482508955613966
              ],
              [
                -122.15363564381101,
                47.482344036530186
              ],
              [
                -122.15363354481545,
                47.482164429450165
              ],
              [
                -122.153622301403,
                47.48128221810167
              ]
            ]
          ]
        ]
      }
    },
    {
      "type": "Feature",
      "properties": {
        "Neighborhood": "Tiffany Park",
        "DataProvider": "Renton",
        "Edit_Date": "2017-04-19T00:00:00.000",
        "GlobalID": "{531B136A-0444-4CB7-B08F-FC3F1EC269BE}",
        "DataProvid": "Renton",
        "Shape_Length": 11897.803833538192,
        "Shape_Area": 7904718.741835673
      },
      "geometry": {
        "type": "MultiPolygon",
        "coordinates": [
          [
            [
              [
                -122.17556178355667,
                47.46792066933037
              ],
              [
                -122.1754285495616,
                47.467915784390335
              ],
              [
                -122.17523315653051,
                47.46792789414083
              ],
              [
                -122.17512249018183,
                47.467938698618745
              ],
              [
                -122.17494946255624,
                47.467971590757465
              ],
              [
                -122.17471653258455,
                47.46803796219136
              ],
              [
                -122.17427542795541,
                47.46817748803222
              ],
              [
                -122.17354533745757,
                47.468411545940434
              ],
              [
                -122.17333661591196,
                47.468483316598
              ],
              [
                -122.17323292404163,
                47.46852467093582
              ],
              [
                -122.17318904879859,
                47.4684789949731
              ],
              [
                -122.17312896105095,
                47.46841644099867
              ],
              [
                -122.17262953816034,
                47.46789649962544
              ],
              [
                -122.17236895725445,
                47.46762509870084
              ],
              [
                -122.17180809061276,
                47.46704063646962
              ],
              [
                -122.1716147566625,
                47.4668391867482
              ],
              [
                -122.1714316897574,
                47.46664850768091
              ],
              [
                -122.17125667412499,
                47.466466214583384
              ],
              [
                -122.17107360983674,
                47.466275534939975
              ],
              [
                -122.1708199663541,
                47.46601134081375
              ],
              [
                -122.17073836215877,
                47.46592633942223
              ],
              [
                -122.16963079462016,
                47.46477273174726
              ],
              [
                -122.16963914321066,
                47.46393415609664
              ],
              [
                -122.16964111714529,
                47.46373400131239
              ],
              [
                -122.16964540823736,
                47.463297575257556
              ],
              [
                -122.16964643215988,
                47.463193554604075
              ],
              [
                -122.16965449559135,
                47.46319617815084
              ],
              [
                -122.169648219729,
                47.46301171371885
              ],
              [
                -122.1696507821017,
                47.46275114210355
              ],
              [
                -122.16965140956545,
                47.46268748095073
              ],
              [
                -122.1696533697343,
                47.46248782829437
              ],
              [
                -122.16965383389578,
                47.462440789569946
              ],
              [
                -122.16965571941093,
                47.46224878955884
              ],
              [
                -122.16965620072816,
                47.46219983094444
              ],
              [
                -122.16965760761038,
                47.46205679131593
              ],
              [
                -122.16965949309774,
                47.46186479130644
              ],
              [
                -122.16966064153405,
                47.46174791969312
              ],
              [
                -122.16966360493115,
                47.46144883085575
              ],
              [
                -122.16966692956704,
                47.46111049660705
              ],
              [
                -122.16968024705236,
                47.461009324947085
              ],
              [
                -122.16968369409794,
                47.461002936964405
              ],
              [
                -122.16982058815337,
                47.461060760258285
              ],
              [
                -122.170417041355,
                47.46126933197631
              ],
              [
                -122.17091432324568,
                47.46139056075089
              ],
              [
                -122.17135807818757,
                47.461480720337995
              ],
              [
                -122.17318468601898,
                47.46169804112968
              ],
              [
                -122.1766022559998,
                47.46211589298583
              ],
              [
                -122.17682170555271,
                47.46214340718945
              ],
              [
                -122.17719744748345,
                47.462153949968176
              ],
              [
                -122.17770366086093,
                47.46216511101829
              ],
              [
                -122.17795697871428,
                47.46216907570811
              ],
              [
                -122.17836790189054,
                47.462207748395805
              ],
              [
                -122.17870225949112,
                47.46224726178761
              ],
              [
                -122.17917503606752,
                47.46231629015998
              ],
              [
                -122.1795960443298,
                47.46239019119152
              ],
              [
                -122.18014267820735,
                47.46250194613268
              ],
              [
                -122.18051759557936,
                47.46261323563432
              ],
              [
                -122.18076374774859,
                47.46270952517697
              ],
              [
                -122.18097071296947,
                47.46282784692696
              ],
              [
                -122.18130761828063,
                47.46307020002131
              ],
              [
                -122.18230145102217,
                47.46379805246425
              ],
              [
                -122.18340069180114,
                47.46460306476948
              ],
              [
                -122.18511945772879,
                47.465837355045934
              ],
              [
                -122.1858860464377,
                47.46634317010359
              ],
              [
                -122.18588394131334,
                47.466391080528965
              ],
              [
                -122.1858259482155,
                47.46663595537237
              ],
              [
                -122.1857513803777,
                47.466806993509365
              ],
              [
                -122.18567121866349,
                47.466923043302586
              ],
              [
                -122.18547267707446,
                47.46709714994784
              ],
              [
                -122.1852480644639,
                47.467253174998284
              ],
              [
                -122.18505093581547,
                47.46739010615929
              ],
              [
                -122.18469869200884,
                47.46763961305589
              ],
              [
                -122.18459822266597,
                47.467725496418716
              ],
              [
                -122.18456285316901,
                47.46776499245392
              ],
              [
                -122.1845029458165,
                47.4678737925042
              ],
              [
                -122.18445251455528,
                47.46796538325761
              ],
              [
                -122.1843523749739,
                47.468147249900426
              ],
              [
                -122.18421600205743,
                47.468307219407684
              ],
              [
                -122.18405604766309,
                47.46841893911421
              ],
              [
                -122.18389995266303,
                47.4685055252886
              ],
              [
                -122.18364313349147,
                47.4686320554245
              ],
              [
                -122.18352875362584,
                47.46868688984337
              ],
              [
                -122.18329867896881,
                47.46880196242683
              ],
              [
                -122.1831196573405,
                47.468912518648395
              ],
              [
                -122.18302302840549,
                47.46900689275148
              ],
              [
                -122.18294486541656,
                47.469106563356824
              ],
              [
                -122.1828586161207,
                47.46921654654598
              ],
              [
                -122.18274475235297,
                47.46937333909489
              ],
              [
                -122.18263069714668,
                47.46953039917278
              ],
              [
                -122.18251709111772,
                47.46967376494874
              ],
              [
                -122.18240515036622,
                47.46980115683739
              ],
              [
                -122.18230480395044,
                47.46988804594166
              ],
              [
                -122.18216756455672,
                47.469962620176545
              ],
              [
                -122.18205128621969,
                47.47001444494997
              ],
              [
                -122.18187671560996,
                47.47006587112291
              ],
              [
                -122.18159930889551,
                47.47010155463577
              ],
              [
                -122.18134606167122,
                47.47010850862365
              ],
              [
                -122.18116968631574,
                47.470102281571
              ],
              [
                -122.1810094843091,
                47.47004898801865
              ],
              [
                -122.18082293589931,
                47.469973967489096
              ],
              [
                -122.18060912406193,
                47.46985705507415
              ],
              [
                -122.18043017299755,
                47.469703136449255
              ],
              [
                -122.180204813804,
                47.46949518214848
              ],
              [
                -122.17997256059218,
                47.46928086287638
              ],
              [
                -122.17975420598049,
                47.46907954353041
              ],
              [
                -122.17939205238078,
                47.46874808605968
              ],
              [
                -122.17924256727153,
                47.46863022372843
              ],
              [
                -122.17909948814162,
                47.46856838361991
              ],
              [
                -122.17892253548082,
                47.468498246104545
              ],
              [
                -122.17864167202413,
                47.46839734505119
              ],
              [
                -122.17837118866369,
                47.468300173163314
              ],
              [
                -122.17810752285571,
                47.4682149516624
              ],
              [
                -122.17788374376578,
                47.46815347352042
              ],
              [
                -122.17769309908071,
                47.468132039186834
              ],
              [
                -122.17737502744512,
                47.468096277723625
              ],
              [
                -122.1768861231922,
                47.468041302732566
              ],
              [
                -122.17656239997223,
                47.468009460592576
              ],
              [
                -122.17603195803832,
                47.4679572819108
              ],
              [
                -122.17556178355667,
                47.46792066933037
              ]
            ]
          ]
        ]
      }
    },
    {
      "type": "Feature",
      "properties": {
        "Neighborhood": "Kennydale",
        "DataProvider": "Renton",
        "Edit_Date": "2017-04-19T00:00:00.000",
        "GlobalID": "{A20F8986-FB4B-4359-8488-15BF02C1F2C2}",
        "DataProvid": "Renton",
        "Shape_Length": 99.6621233667882,
        "Shape_Area": 0.1917441960607702
      },
      "geometry": {
        "type": "MultiPolygon",
        "coordinates": [
          [
            [
              [
                -122.20238585131591,
                47.51661736553094
              ],
              [
                -122.20258750561806,
                47.516617117178384
              ],
              [
                -122.20246386533975,
                47.51661729059116
              ],
              [
                -122.20238585131591,
                47.51661736553094
              ]
            ]
          ]
        ]
      }
    },
    {
      "type": "Feature",
      "properties": {
        "Neighborhood": "Barbee Mill",
        "DataProvider": "Renton",
        "Edit_Date": "2018-12-26T00:00:00.000",
        "GlobalID": "{2FC87D40-0802-419E-A9D2-1D90A017CB07}",
        "DataProvid": "Renton",
        "Shape_Length": 4494.961611055806,
        "Shape_Area": 970528.4981502737
      },
      "geometry": {
        "type": "MultiPolygon",
        "coordinates": [
          [
            [
              [
                -122.2051082726245,
                47.531228551700174
              ],
              [
                -122.20071397382873,
                47.53121950224472
              ],
              [
                -122.20152466601698,
                47.530264567487514
              ],
              [
                -122.20230071579734,
                47.52935039918109
              ],
              [
                -122.20239352285594,
                47.529241072176696
              ],
              [
                -122.20251870150649,
                47.52909361128896
              ],
              [
                -122.20252877366006,
                47.52908174498637
              ],
              [
                -122.20261015915793,
                47.52898801463676
              ],
              [
                -122.20269424754557,
                47.5288953852715
              ],
              [
                -122.20278100635339,
                47.52880389264205
              ],
              [
                -122.20287040208224,
                47.52871357206096
              ],
              [
                -122.20296240021504,
                47.52862445838812
              ],
              [
                -122.20305696523158,
                47.52853658601759
              ],
              [
                -122.20315406062126,
                47.52844998886404
              ],
              [
                -122.20316753041206,
                47.52843824995984
              ],
              [
                -122.20318104670736,
                47.52842653560389
              ],
              [
                -122.20319460940951,
                47.528414845880725
              ],
              [
                -122.20320821842087,
                47.52840318087469
              ],
              [
                -122.20322187364303,
                47.52839154066992
              ],
              [
                -122.20323557497753,
                47.52837992535044
              ],
              [
                -122.2032493223255,
                47.528368335000025
              ],
              [
                -122.20338294009494,
                47.528256052888835
              ],
              [
                -122.20374439032742,
                47.52795231675321
              ],
              [
                -122.204202416289,
                47.52756741712708
              ],
              [
                -122.20598136363864,
                47.52757034218385
              ],
              [
                -122.20584844653985,
                47.52777350992765
              ],
              [
                -122.20549846686728,
                47.5283115856196
              ],
              [
                -122.20548795982647,
                47.528327737653285
              ],
              [
                -122.20546541785528,
                47.52836239548228
              ],
              [
                -122.20541235547155,
                47.52844397341216
              ],
              [
                -122.20511665573034,
                47.528898584970456
              ],
              [
                -122.20511664857571,
                47.52890113896651
              ],
              [
                -122.20511351478373,
                47.52890596167466
              ],
              [
                -122.20511230305523,
                47.52944285238071
              ],
              [
                -122.20511219449065,
                47.529491005549154
              ],
              [
                -122.20511219483683,
                47.5294912205448
              ],
              [
                -122.20511179234906,
                47.52966934688659
              ],
              [
                -122.20511174911927,
                47.529688242202184
              ],
              [
                -122.20511168879477,
                47.529715167381774
              ],
              [
                -122.20511149466644,
                47.52980119573122
              ],
              [
                -122.20511126509648,
                47.52990263072813
              ],
              [
                -122.20511103685338,
                47.53000406570906
              ],
              [
                -122.2051082726245,
                47.531228551700174
              ]
            ]
          ]
        ]
      }
    },
    {
      "type": "Feature",
      "properties": {
        "Neighborhood": "LaRosa",
        "DataProvider": "Renton",
        "Edit_Date": "2017-04-19T00:00:00.000",
        "GlobalID": "{DCFB359C-D37A-4598-A8B9-5D73C75A4CD3}",
        "DataProvid": "Renton",
        "Shape_Length": 2059.7755126077373,
        "Shape_Area": 197240.8582830668
      },
      "geometry": {
        "type": "MultiPolygon",
        "coordinates": [
          [
            [
              [
                -122.19879704411613,
                47.45554332357057
              ],
              [
                -122.19851960308378,
                47.45522189477332
              ],
              [
                -122.1983974922224,
                47.4550804066843
              ],
              [
                -122.19796757248285,
                47.454582291633486
              ],
              [
                -122.19843182658025,
                47.454567187984516
              ],
              [
                -122.19884905901891,
                47.45455360915595
              ],
              [
                -122.19908000176456,
                47.45454609295907
              ],
              [
                -122.19933256999073,
                47.45453787151998
              ],
              [
                -122.19955444527794,
                47.45453939724772
              ],
              [
                -122.19976850055208,
                47.45462865818312
              ],
              [
                -122.19999048964883,
                47.45472122715711
              ],
              [
                -122.20024983596916,
                47.45482937340875
              ],
              [
                -122.200451183985,
                47.45491333384085
              ],
              [
                -122.20079564283037,
                47.45505734584027
              ],
              [
                -122.2010116535138,
                47.45516027520423
              ],
              [
                -122.20124704921447,
                47.455288958378155
              ],
              [
                -122.20135567420866,
                47.45535803527476
              ],
              [
                -122.20143818693424,
                47.45542044172672
              ],
              [
                -122.20146858019774,
                47.455443428287126
              ],
              [
                -122.20149875388704,
                47.455469522834605
              ],
              [
                -122.20126600646225,
                47.455462984558906
              ],
              [
                -122.20072516706752,
                47.455480588060695
              ],
              [
                -122.20036220908088,
                47.455492399770264
              ],
              [
                -122.20012635369585,
                47.45550007486747
              ],
              [
                -122.19879704411613,
                47.45554332357057
              ]
            ]
          ]
        ]
      }
    },
    {
      "type": "Feature",
      "properties": {
        "Neighborhood": "Delaney Park",
        "DataProvider": "Renton",
        "Edit_Date": "2017-04-19T00:00:00.000",
        "GlobalID": "{C746897E-1412-4CB9-A09B-D38B27F671CE}",
        "DataProvid": "Renton",
        "Shape_Length": 2212.0904891786668,
        "Shape_Area": 211631.88259570693
      },
      "geometry": {
        "type": "MultiPolygon",
        "coordinates": [
          [
            [
              [
                -122.14611219168626,
                47.49518552816911
              ],
              [
                -122.14607102441177,
                47.49518519903608
              ],
              [
                -122.14600451477226,
                47.49518466812025
              ],
              [
                -122.1456965322466,
                47.49518220578516
              ],
              [
                -122.14552664975344,
                47.49518084806146
              ],
              [
                -122.14530894611103,
                47.4951791071267
              ],
              [
                -122.14515857123195,
                47.49517790395345
              ],
              [
                -122.14466177490846,
                47.49517392926261
              ],
              [
                -122.14426870993287,
                47.49517078328418
              ],
              [
                -122.14402601982455,
                47.49516884081732
              ],
              [
                -122.14383258724962,
                47.49516729004005
              ],
              [
                -122.14352281670779,
                47.49516480916521
              ],
              [
                -122.14326200768201,
                47.49516271881837
              ],
              [
                -122.14315180965811,
                47.49516294124467
              ],
              [
                -122.1431342134491,
                47.49434278782053
              ],
              [
                -122.1432477204849,
                47.49434950606212
              ],
              [
                -122.14329641030376,
                47.49435327392546
              ],
              [
                -122.14329635049002,
                47.49434988864205
              ],
              [
                -122.14349858233084,
                47.49435147909181
              ],
              [
                -122.14366077751139,
                47.49435275491994
              ],
              [
                -122.14382297267731,
                47.494354029617035
              ],
              [
                -122.14399014225116,
                47.494355343812515
              ],
              [
                -122.14415731316032,
                47.49435665774658
              ],
              [
                -122.14428347028948,
                47.49435764888456
              ],
              [
                -122.14432448275106,
                47.494357971449844
              ],
              [
                -122.14446112905978,
                47.49435904817496
              ],
              [
                -122.14449165246322,
                47.49435928940355
              ],
              [
                -122.14465882268131,
                47.49436062689587
              ],
              [
                -122.14466378381313,
                47.49436066674971
              ],
              [
                -122.14482599293058,
                47.494361965041435
              ],
              [
                -122.1449874546172,
                47.494363256443634
              ],
              [
                -122.1450177988917,
                47.49436349960021
              ],
              [
                -122.1450352683676,
                47.49436363871322
              ],
              [
                -122.14504814314391,
                47.49436374184943
              ],
              [
                -122.14507848741897,
                47.49436398498984
              ],
              [
                -122.14522031568025,
                47.494365118775974
              ],
              [
                -122.14539221872576,
                47.49436649315842
              ],
              [
                -122.14549319238196,
                47.49436730080075
              ],
              [
                -122.14556412047605,
                47.49436786819523
              ],
              [
                -122.14621370854802,
                47.49437305963229
              ],
              [
                -122.14620969119504,
                47.49460021384213
              ],
              [
                -122.14620967364571,
                47.494601256644906
              ],
              [
                -122.14620577589834,
                47.49460122615185
              ],
              [
                -122.14608169559284,
                47.494600245514334
              ],
              [
                -122.14604890109547,
                47.49460185349523
              ],
              [
                -122.1460169640058,
                47.494607151478604
              ],
              [
                -122.14598678046292,
                47.494615989671495
              ],
              [
                -122.14595919900212,
                47.49462811987962
              ],
              [
                -122.14593499417566,
                47.494643202109145
              ],
              [
                -122.1459148455033,
                47.49466081200637
              ],
              [
                -122.14589931923526,
                47.49468045456168
              ],
              [
                -122.14589109781134,
                47.494695904338656
              ],
              [
                -122.14588575107238,
                47.494711923593336
              ],
              [
                -122.14588335781025,
                47.49472826763227
              ],
              [
                -122.14588333957832,
                47.49472859798463
              ],
              [
                -122.14587519381703,
                47.49487705437226
              ],
              [
                -122.1458834311224,
                47.49492230279193
              ],
              [
                -122.14588949028966,
                47.49495557884733
              ],
              [
                -122.14589576100859,
                47.49497632326794
              ],
              [
                -122.1459067879726,
                47.49499613652409
              ],
              [
                -122.14592229451928,
                47.49501452075314
              ],
              [
                -122.1459418894014,
                47.49503101360045
              ],
              [
                -122.145965083072,
                47.49504520242425
              ],
              [
                -122.14599129182346,
                47.495056730545116
              ],
              [
                -122.14601985798564,
                47.495065308707005
              ],
              [
                -122.14605006598556,
                47.49507072028922
              ],
              [
                -122.14608115453903,
                47.495072831061115
              ],
              [
                -122.14616830778755,
                47.49507404439219
              ],
              [
                -122.14616638262774,
                47.49518596127612
              ],
              [
                -122.14611219168626,
                47.49518552816911
              ]
            ]
          ]
        ]
      }
    },
    {
      "type": "Feature",
      "properties": {
        "Neighborhood": "Leisure Estates",
        "DataProvider": "Renton",
        "Edit_Date": "2017-04-19T00:00:00.000",
        "GlobalID": "{C5B048DB-8907-4248-99D3-F6E84176E1AF}",
        "DataProvid": "Renton",
        "Shape_Length": 9410.187317510237,
        "Shape_Area": 3251488.8095574803
      },
      "geometry": {
        "type": "MultiPolygon",
        "coordinates": [
          [
            [
              [
                -122.16416545289292,
                47.478262639974595
              ],
              [
                -122.1641665115872,
                47.477714099231925
              ],
              [
                -122.16428782383935,
                47.47771411786293
              ],
              [
                -122.16563216246168,
                47.47771431313987
              ],
              [
                -122.16590539296486,
                47.47771434943928
              ],
              [
                -122.16921235319892,
                47.47771475273218
              ],
              [
                -122.16939229806786,
                47.47771477207224
              ],
              [
                -122.16952978512283,
                47.477714787209884
              ],
              [
                -122.1695264635233,
                47.47987549978648
              ],
              [
                -122.16952631557508,
                47.47997229737859
              ],
              [
                -122.16952462043702,
                47.48107473322147
              ],
              [
                -122.16952422921818,
                47.481329363759826
              ],
              [
                -122.16952401888976,
                47.48173538490725
              ],
              [
                -122.16952370977323,
                47.48232705210081
              ],
              [
                -122.16952235702735,
                47.48492551888374
              ],
              [
                -122.16952234892217,
                47.48494209091372
              ],
              [
                -122.16952234101203,
                47.48495898139026
              ],
              [
                -122.16952231696558,
                47.48500010835363
              ],
              [
                -122.16952180266483,
                47.48586537953877
              ],
              [
                -122.169010109988,
                47.485865489331196
              ],
              [
                -122.16819820111157,
                47.485865656891846
              ],
              [
                -122.16684322454299,
                47.485865923953334
              ],
              [
                -122.16684318705607,
                47.485412018097556
              ],
              [
                -122.16684314885232,
                47.48496067963337
              ],
              [
                -122.16592543083618,
                47.484961246412915
              ],
              [
                -122.16592535467885,
                47.48487899761132
              ],
              [
                -122.1659251104903,
                47.48460483242768
              ],
              [
                -122.16592488723677,
                47.48435808236506
              ],
              [
                -122.16592486365097,
                47.48433066727638
              ],
              [
                -122.1659245801095,
                47.48401537950912
              ],
              [
                -122.16592456558148,
                47.48399891570746
              ],
              [
                -122.16592441853318,
                47.48383441624599
              ],
              [
                -122.16592421251323,
                47.48360413175542
              ],
              [
                -122.16592368796103,
                47.48302197071114
              ],
              [
                -122.16592319909607,
                47.48247912595945
              ],
              [
                -122.16495247979499,
                47.48247971747222
              ],
              [
                -122.16495224417989,
                47.48220963811306
              ],
              [
                -122.16428163944876,
                47.48221004206551
              ],
              [
                -122.16428116316105,
                47.48166171537581
              ],
              [
                -122.16478997045584,
                47.4816616620582
              ],
              [
                -122.16516812316809,
                47.481661622853544
              ],
              [
                -122.16592240636531,
                47.481661544615285
              ],
              [
                -122.16592208490769,
                47.48132981132732
              ],
              [
                -122.16516780655267,
                47.481329891362044
              ],
              [
                -122.1647896561991,
                47.481329928767025
              ],
              [
                -122.16428087062003,
                47.48132997826825
              ],
              [
                -122.16415954012723,
                47.481329990330565
              ],
              [
                -122.16416128563796,
                47.480424921376326
              ],
              [
                -122.16416545289292,
                47.478262639974595
              ]
            ]
          ]
        ]
      }
    },
    {
      "type": "Feature",
      "properties": {
        "Neighborhood": "Brookfield",
        "DataProvider": "Renton",
        "Edit_Date": "2017-04-19T00:00:00.000",
        "GlobalID": "{5C6A32A0-7574-44C3-9E63-3554CDB4BBA7}",
        "DataProvid": "Renton",
        "Shape_Length": 100.10581488916041,
        "Shape_Area": 32.00501121275647
      },
      "geometry": {
        "type": "MultiPolygon",
        "coordinates": [
          [
            [
              [
                -122.15070955252267,
                47.49973666293551
              ],
              [
                -122.15091188936313,
                47.49973846050302
              ],
              [
                -122.15081510085808,
                47.49974110922331
              ],
              [
                -122.15070955252267,
                47.49973666293551
              ]
            ]
          ]
        ]
      }
    },
    {
      "type": "Feature",
      "properties": {
        "Neighborhood": "Maple Ridge Estates",
        "DataProvider": "Renton",
        "Edit_Date": "2017-04-19T00:00:00.000",
        "GlobalID": "{23C911AC-4FFE-44D7-873C-25A21CC90F02}",
        "DataProvid": "Renton",
        "Shape_Length": 8471.22295298012,
        "Shape_Area": 3097905.4672374744
      },
      "geometry": {
        "type": "MultiPolygon",
        "coordinates": [
          [
            [
              [
                -122.15457916367653,
                47.464347958338735
              ],
              [
                -122.1542087868503,
                47.46427748729211
              ],
              [
                -122.15380884870025,
                47.46438591281212
              ],
              [
                -122.15335713370784,
                47.46433554632464
              ],
              [
                -122.15306065674068,
                47.464092687360136
              ],
              [
                -122.15267565237023,
                47.46377730822056
              ],
              [
                -122.1523794084435,
                47.46367755011392
              ],
              [
                -122.15208637429184,
                47.463641662935
              ],
              [
                -122.15180145740388,
                47.46360676736579
              ],
              [
                -122.15155481009285,
                47.46357655944507
              ],
              [
                -122.15136664910234,
                47.463463361087086
              ],
              [
                -122.15112018359672,
                47.46331508709196
              ],
              [
                -122.15120410787225,
                47.46315355913467
              ],
              [
                -122.1511656432808,
                47.46308554686899
              ],
              [
                -122.15095099778644,
                47.46286992646919
              ],
              [
                -122.15072454944128,
                47.46289626662168
              ],
              [
                -122.15047351603026,
                47.462925468068086
              ],
              [
                -122.15027124143955,
                47.46266387159274
              ],
              [
                -122.15019552714986,
                47.46260240570655
              ],
              [
                -122.15008352633924,
                47.4626503202299
              ],
              [
                -122.1500371615327,
                47.46267935030161
              ],
              [
                -122.14994521133704,
                47.46273692097304
              ],
              [
                -122.14977565419773,
                47.46290739366994
              ],
              [
                -122.14969748205178,
                47.46301398640087
              ],
              [
                -122.14962727513667,
                47.463155334165734
              ],
              [
                -122.1495856338697,
                47.46326511030578
              ],
              [
                -122.14954588292763,
                47.463385939091374
              ],
              [
                -122.14948077782337,
                47.46352600866175
              ],
              [
                -122.14905698552198,
                47.46342958254205
              ],
              [
                -122.1489246931677,
                47.46339948130638
              ],
              [
                -122.14891484263978,
                47.46339722605077
              ],
              [
                -122.14873339329068,
                47.463351845014714
              ],
              [
                -122.14855577962624,
                47.46329995403494
              ],
              [
                -122.14838250817829,
                47.46324170108578
              ],
              [
                -122.14821407401199,
                47.46317725316811
              ],
              [
                -122.14805095930866,
                47.46310679272696
              ],
              [
                -122.14789362952246,
                47.46303052309331
              ],
              [
                -122.14774253585117,
                47.46294866125821
              ],
              [
                -122.14759810734705,
                47.46286144066294
              ],
              [
                -122.14746075756959,
                47.462769112020936
              ],
              [
                -122.14733087914543,
                47.46267193798295
              ],
              [
                -122.14720884383583,
                47.46257019583477
              ],
              [
                -122.14709499988497,
                47.46246417752744
              ],
              [
                -122.14698967190657,
                47.4623541851804
              ],
              [
                -122.14689316092985,
                47.462240532879754
              ],
              [
                -122.1468057430511,
                47.462123545793894
              ],
              [
                -122.14672766806291,
                47.46200355839
              ],
              [
                -122.14665915943198,
                47.46188091353441
              ],
              [
                -122.14660041027662,
                47.46175596073975
              ],
              [
                -122.14655159136919,
                47.46162905787124
              ],
              [
                -122.14651284176401,
                47.4615005676567
              ],
              [
                -122.14648427010154,
                47.46137085677157
              ],
              [
                -122.1464659599141,
                47.46124029577767
              ],
              [
                -122.14645796295079,
                47.461109257400814
              ],
              [
                -122.14645930033241,
                47.46099761992972
              ],
              [
                -122.14646243971481,
                47.46094615709541
              ],
              [
                -122.14647321308712,
                47.46084546971018
              ],
              [
                -122.14647627732676,
                47.46082423143008
              ],
              [
                -122.14649494747792,
                47.46072161303512
              ],
              [
                -122.14651997635244,
                47.460619620008046
              ],
              [
                -122.14655132070197,
                47.46051843275831
              ],
              [
                -122.14658892532246,
                47.46041823093324
              ],
              [
                -122.14659265156958,
                47.46040917593268
              ],
              [
                -122.14664716362377,
                47.46028950515004
              ],
              [
                -122.14671060994701,
                47.460171876391605
              ],
              [
                -122.14678282447016,
                47.46005659741731
              ],
              [
                -122.14686361836038,
                47.45994396725344
              ],
              [
                -122.1469527827873,
                47.45983428065842
              ],
              [
                -122.14705008346056,
                47.45972782188961
              ],
              [
                -122.14715526739644,
                47.45962487002248
              ],
              [
                -122.14716395697077,
                47.45962482517561
              ],
              [
                -122.1473032871897,
                47.45962410409517
              ],
              [
                -122.14769909148517,
                47.459622283198264
              ],
              [
                -122.14786691280878,
                47.45962154622539
              ],
              [
                -122.14816124729712,
                47.45962025157432
              ],
              [
                -122.14854153750508,
                47.459618576932755
              ],
              [
                -122.14887598109445,
                47.45961710335396
              ],
              [
                -122.14917914849666,
                47.45961576661789
              ],
              [
                -122.14948231588338,
                47.45961442907188
              ],
              [
                -122.14978548325449,
                47.45961309071588
              ],
              [
                -122.15008865061014,
                47.4596117515499
              ],
              [
                -122.15039709651093,
                47.45961038808271
              ],
              [
                -122.15062496788997,
                47.459609979062726
              ],
              [
                -122.15081526617065,
                47.459609638852314
              ],
              [
                -122.15106005658326,
                47.45960919802033
              ],
              [
                -122.15111939693473,
                47.45960894602874
              ],
              [
                -122.15111940060382,
                47.45960888121719
              ],
              [
                -122.15114160447314,
                47.45903867897709
              ],
              [
                -122.15114160683883,
                47.45903861508019
              ],
              [
                -122.15140200553088,
                47.45903751002484
              ],
              [
                -122.15170517356216,
                47.4590362222661
              ],
              [
                -122.15200833892645,
                47.459034933728184
              ],
              [
                -122.15231150432116,
                47.45903364617895
              ],
              [
                -122.15261467230752,
                47.45903235599024
              ],
              [
                -122.15291783762686,
                47.45903106502241
              ],
              [
                -122.15322100562871,
                47.45902977501236
              ],
              [
                -122.15354397998352,
                47.4590283976619
              ],
              [
                -122.153778997868,
                47.45902739536374
              ],
              [
                -122.15375740757455,
                47.459596070142396
              ],
              [
                -122.15512390333245,
                47.459599444190616
              ],
              [
                -122.15569899839433,
                47.45959969497002
              ],
              [
                -122.15639327643511,
                47.45959999423866
              ],
              [
                -122.15616370305673,
                47.45977596416253
              ],
              [
                -122.15599172243328,
                47.4599077896361
              ],
              [
                -122.15572066598516,
                47.46019650671475
              ],
              [
                -122.15546644887274,
                47.46046728378061
              ],
              [
                -122.15552767477712,
                47.46076611267954
              ],
              [
                -122.15525317625888,
                47.46113140406914
              ],
              [
                -122.1550278675252,
                47.46164889750677
              ],
              [
                -122.15499523371517,
                47.46170808430169
              ],
              [
                -122.1548149883686,
                47.46203500027615
              ],
              [
                -122.15478742199987,
                47.4620849973568
              ],
              [
                -122.15474344802752,
                47.46223477686698
              ],
              [
                -122.15468477305517,
                47.46243461588767
              ],
              [
                -122.15466893197907,
                47.462488571234296
              ],
              [
                -122.15464053044366,
                47.462626302234156
              ],
              [
                -122.15459915627808,
                47.46282692926631
              ],
              [
                -122.15457946633893,
                47.46292241217031
              ],
              [
                -122.15464118793034,
                47.46302600756028
              ],
              [
                -122.15475560752677,
                47.46321805742675
              ],
              [
                -122.15476994631513,
                47.46324212125174
              ],
              [
                -122.1548437638269,
                47.463242002817594
              ],
              [
                -122.15496249955551,
                47.46351841964664
              ],
              [
                -122.15506427025579,
                47.46375534856078
              ],
              [
                -122.15515133325317,
                47.46395802758672
              ],
              [
                -122.15527911683296,
                47.464255503808154
              ],
              [
                -122.15533567030448,
                47.464387155478256
              ],
              [
                -122.15497603868462,
                47.46442463964234
              ],
              [
                -122.15457916367653,
                47.464347958338735
              ]
            ]
          ]
        ]
      }
    },
    {
      "type": "Feature",
      "properties": {
        "Neighborhood": "Aster Park",
        "DataProvider": "Renton",
        "Edit_Date": "2017-04-19T00:00:00.000",
        "GlobalID": "{00FCEFEA-C0D8-41DE-AECB-098347689025}",
        "DataProvid": "Renton",
        "Shape_Length": 2953.1298954685444,
        "Shape_Area": 424655.8470262806
      },
      "geometry": {
        "type": "MultiPolygon",
        "coordinates": [
          [
            [
              [
                -122.14341289599746,
                47.505456428165104
              ],
              [
                -122.14343458312126,
                47.50342686046044
              ],
              [
                -122.14345243932401,
                47.50342731833524
              ],
              [
                -122.14348277264,
                47.50342432724268
              ],
              [
                -122.14374167001824,
                47.5034268327304
              ],
              [
                -122.1440046173481,
                47.50342937544348
              ],
              [
                -122.14426756204934,
                47.50343191757845
              ],
              [
                -122.1445305280558,
                47.50343446065801
              ],
              [
                -122.14465597329189,
                47.50343567305348
              ],
              [
                -122.14465732666245,
                47.503317929128166
              ],
              [
                -122.14465921972807,
                47.503153444600606
              ],
              [
                -122.14465985068696,
                47.50309861402662
              ],
              [
                -122.14466283870178,
                47.502838733833805
              ],
              [
                -122.14493791749473,
                47.502841308775736
              ],
              [
                -122.14513964954791,
                47.50284319571576
              ],
              [
                -122.14520086254848,
                47.50284376775084
              ],
              [
                -122.14540253888113,
                47.50284565486784
              ],
              [
                -122.1454334645523,
                47.50284596321828
              ],
              [
                -122.14546380501801,
                47.50284622794644
              ],
              [
                -122.14547391775776,
                47.50284632159342
              ],
              [
                -122.14572675012138,
                47.502848685703896
              ],
              [
                -122.14578619448841,
                47.502849241881364
              ],
              [
                -122.14595533899293,
                47.50285082393272
              ],
              [
                -122.14599579270374,
                47.5028512019067
              ],
              [
                -122.1459925144344,
                47.50313904955366
              ],
              [
                -122.14599220098262,
                47.503166464829015
              ],
              [
                -122.1459901739288,
                47.503344655003104
              ],
              [
                -122.14598814425214,
                47.50352284700678
              ],
              [
                -122.14598606486099,
                47.50370528734783
              ],
              [
                -122.1459840768942,
                47.503879231107035
              ],
              [
                -122.14598171369127,
                47.50408594148961
              ],
              [
                -122.14598138088068,
                47.504115013994074
              ],
              [
                -122.1459796508799,
                47.504266300037834
              ],
              [
                -122.14597750971456,
                47.504372988427534
              ],
              [
                -122.14341164668538,
                47.50556479554657
              ],
              [
                -122.14341289599746,
                47.505456428165104
              ]
            ]
          ]
        ]
      }
    },
    {
      "type": "Feature",
      "properties": {
        "Neighborhood": "Caledon",
        "DataProvider": "Renton",
        "Edit_Date": "2017-04-19T00:00:00.000",
        "GlobalID": "{947344CF-9FB3-4F40-B8A9-2415404B07B1}",
        "DataProvid": "Renton",
        "Shape_Length": 1851.200568993595,
        "Shape_Area": 174159.54026352387
      },
      "geometry": {
        "type": "MultiPolygon",
        "coordinates": [
          [
            [
              [
                -122.1618694244809,
                47.51646749748911
              ],
              [
                -122.16188577695702,
                47.5157453953497
              ],
              [
                -122.16230413231152,
                47.515747931690896
              ],
              [
                -122.1633789705307,
                47.51575444046828
              ],
              [
                -122.16398595140568,
                47.51575811080334
              ],
              [
                -122.16443117091507,
                47.51576080136644
              ],
              [
                -122.16456084128379,
                47.515760912603454
              ],
              [
                -122.16455795914622,
                47.515848138331904
              ],
              [
                -122.16455181017245,
                47.51603420147909
              ],
              [
                -122.16455215871449,
                47.516166406642455
              ],
              [
                -122.16455300121736,
                47.51648330980971
              ],
              [
                -122.1644130928408,
                47.51648238026566
              ],
              [
                -122.16437262655492,
                47.516482143809746
              ],
              [
                -122.1637661051672,
                47.51647860049768
              ],
              [
                -122.16356377377086,
                47.51647741692166
              ],
              [
                -122.1634712843913,
                47.516476877222225
              ],
              [
                -122.16336144240665,
                47.516476233884546
              ],
              [
                -122.16315911105164,
                47.51647505048704
              ],
              [
                -122.16293023689317,
                47.516473710555914
              ],
              [
                -122.16281273733159,
                47.5164730240876
              ],
              [
                -122.16261714461208,
                47.516471878695505
              ],
              [
                -122.16252947609482,
                47.51647136457185
              ],
              [
                -122.16226936051406,
                47.516469841957175
              ],
              [
                -122.16205921218507,
                47.51646861042391
              ],
              [
                -122.1618694244809,
                47.51646749748911
              ]
            ]
          ]
        ]
      }
    },
    {
      "type": "Feature",
      "properties": {
        "Neighborhood": "Honey Creek Ridge",
        "DataProvider": "Renton",
        "Edit_Date": "2017-04-19T00:00:00.000",
        "GlobalID": "{57C471FD-4140-4B3E-992B-EB00989AD814}",
        "DataProvid": "Renton",
        "Shape_Length": 7340.128977950161,
        "Shape_Area": 1495169.7187301265
      },
      "geometry": {
        "type": "MultiPolygon",
        "coordinates": [
          [
            [
              [
                -122.17263792933953,
                47.512363432580116
              ],
              [
                -122.17259801852671,
                47.51222002714561
              ],
              [
                -122.1725795375533,
                47.51215361722323
              ],
              [
                -122.17256018173329,
                47.51208405831043
              ],
              [
                -122.17252745918948,
                47.51196647222695
              ],
              [
                -122.17247532884103,
                47.511779149708765
              ],
              [
                -122.17247352085211,
                47.511772652713674
              ],
              [
                -122.17242256371135,
                47.51158953354559
              ],
              [
                -122.17238907250862,
                47.511469187604284
              ],
              [
                -122.17237160432006,
                47.51140641618478
              ],
              [
                -122.17233811596111,
                47.5112860683987
              ],
              [
                -122.17232064789519,
                47.511223296971444
              ],
              [
                -122.17228715716296,
                47.51110295100046
              ],
              [
                -122.17276239984665,
                47.51104074604099
              ],
              [
                -122.17273620599653,
                47.510965281140095
              ],
              [
                -122.17270537441341,
                47.510855549481455
              ],
              [
                -122.17268948806826,
                47.51079900699549
              ],
              [
                -122.1726531634505,
                47.51066972219515
              ],
              [
                -122.17262139104426,
                47.510556638105875
              ],
              [
                -122.17260095288289,
                47.51048389578438
              ],
              [
                -122.17256684947807,
                47.51036255139566
              ],
              [
                -122.17253164671655,
                47.51023722045625
              ],
              [
                -122.17261702500267,
                47.51023792736329
              ],
              [
                -122.17261708142983,
                47.51022746105461
              ],
              [
                -122.17265443884978,
                47.51024527287087
              ],
              [
                -122.17402630644588,
                47.51024925949645
              ],
              [
                -122.17408339676416,
                47.51024971900634
              ],
              [
                -122.17457547590706,
                47.510253683575876
              ],
              [
                -122.17480709350836,
                47.51025554844568
              ],
              [
                -122.17486189003395,
                47.51053631145626
              ],
              [
                -122.17488951630314,
                47.510677857009235
              ],
              [
                -122.17495771956662,
                47.51080387515312
              ],
              [
                -122.17497197188672,
                47.510830206454926
              ],
              [
                -122.174665310756,
                47.51107676407996
              ],
              [
                -122.1744069222528,
                47.511265050359434
              ],
              [
                -122.17418377103496,
                47.5114276563829
              ],
              [
                -122.1743068449538,
                47.511488768708816
              ],
              [
                -122.17457900726365,
                47.511623907703715
              ],
              [
                -122.17464506498403,
                47.51165670869706
              ],
              [
                -122.17466806261727,
                47.5117042242843
              ],
              [
                -122.17498585895287,
                47.51169921842113
              ],
              [
                -122.1751367838438,
                47.51165616298159
              ],
              [
                -122.17524994041418,
                47.51162388070249
              ],
              [
                -122.17527372105644,
                47.511617095802
              ],
              [
                -122.1754616860088,
                47.51155852720314
              ],
              [
                -122.1754699006094,
                47.5115168985727
              ],
              [
                -122.17583277981251,
                47.51122331557233
              ],
              [
                -122.17592044193317,
                47.51149665139005
              ],
              [
                -122.17598548247267,
                47.5116994508585
              ],
              [
                -122.17608265662301,
                47.511802807439196
              ],
              [
                -122.17611320059838,
                47.51183529519602
              ],
              [
                -122.17627459988715,
                47.51193466640541
              ],
              [
                -122.17654575386635,
                47.51227165928309
              ],
              [
                -122.17690110906261,
                47.512140461333274
              ],
              [
                -122.17715290216309,
                47.512453380736595
              ],
              [
                -122.17679754546769,
                47.512584579474456
              ],
              [
                -122.17716180948544,
                47.51303681338395
              ],
              [
                -122.17727010279113,
                47.513128247618496
              ],
              [
                -122.1773824766545,
                47.51322312741553
              ],
              [
                -122.1775322195819,
                47.51327873559669
              ],
              [
                -122.17760521705124,
                47.5133580615628
              ],
              [
                -122.17760361817345,
                47.51342612793646
              ],
              [
                -122.17759982062573,
                47.51358761060892
              ],
              [
                -122.17759927117557,
                47.513610998864934
              ],
              [
                -122.17770521595263,
                47.51368872579295
              ],
              [
                -122.17775720975317,
                47.51378478768815
              ],
              [
                -122.17780495683995,
                47.51387300156258
              ],
              [
                -122.17795441344902,
                47.51397806224502
              ],
              [
                -122.17797478494768,
                47.51399238159642
              ],
              [
                -122.17801239328857,
                47.51401881745798
              ],
              [
                -122.17829362046419,
                47.51414261020955
              ],
              [
                -122.17833378141519,
                47.514176982378686
              ],
              [
                -122.17850537208857,
                47.514323828192545
              ],
              [
                -122.17855625519832,
                47.514464345514014
              ],
              [
                -122.17858289052661,
                47.51453799851885
              ],
              [
                -122.17887229222481,
                47.5145850942362
              ],
              [
                -122.1792138985491,
                47.51472504370907
              ],
              [
                -122.17924789146127,
                47.51476857076785
              ],
              [
                -122.17926681181592,
                47.51479279702232
              ],
              [
                -122.17928573218825,
                47.51481702327362
              ],
              [
                -122.17932628104509,
                47.51486894482245
              ],
              [
                -122.17950943306641,
                47.515103465124014
              ],
              [
                -122.17951982592999,
                47.515138168109004
              ],
              [
                -122.17956379802568,
                47.51528499199276
              ],
              [
                -122.17942350017142,
                47.51551186166838
              ],
              [
                -122.17908819774851,
                47.515508208285446
              ],
              [
                -122.17876187410128,
                47.515504649062265
              ],
              [
                -122.17862334028818,
                47.51550313964029
              ],
              [
                -122.17847846550038,
                47.515501559413394
              ],
              [
                -122.17833995289645,
                47.51550004759573
              ],
              [
                -122.17819505688671,
                47.51549846725887
              ],
              [
                -122.17805656292978,
                47.51549695667421
              ],
              [
                -122.17803310912254,
                47.515496699995964
              ],
              [
                -122.1777731756053,
                47.51549386321568
              ],
              [
                -122.17746629208084,
                47.51549051455621
              ],
              [
                -122.17734486395214,
                47.51548932200168
              ],
              [
                -122.1773453600365,
                47.515434862161555
              ],
              [
                -122.17722397418713,
                47.51543391366343
              ],
              [
                -122.17718350647831,
                47.51543359723687
              ],
              [
                -122.17661698913791,
                47.515429165390096
              ],
              [
                -122.17661860581406,
                47.51525223319288
              ],
              [
                -122.17661874210273,
                47.515237322028455
              ],
              [
                -122.17662051204849,
                47.51504371619903
              ],
              [
                -122.17662281412524,
                47.51479161012513
              ],
              [
                -122.17662371812057,
                47.51469291787845
              ],
              [
                -122.17662461950403,
                47.51459422746182
              ],
              [
                -122.17662626776502,
                47.51441393677867
              ],
              [
                -122.17618166609313,
                47.51441057797165
              ],
              [
                -122.17608051414328,
                47.514409813655625
              ],
              [
                -122.17597942595877,
                47.51440905029496
              ],
              [
                -122.17522789968024,
                47.51440336932413
              ],
              [
                -122.17522975206958,
                47.51420110869744
              ],
              [
                -122.17522982974565,
                47.514192777719835
              ],
              [
                -122.17523189209241,
                47.5139676204416
              ],
              [
                -122.1752322232273,
                47.51393137627099
              ],
              [
                -122.17523461668499,
                47.51366997482258
              ],
              [
                -122.17491758515142,
                47.5136677072433
              ],
              [
                -122.17451455730838,
                47.513664825154635
              ],
              [
                -122.1741071484062,
                47.51366191509086
              ],
              [
                -122.17372839216468,
                47.51365920877144
              ],
              [
                -122.17334658942796,
                47.513656479559515
              ],
              [
                -122.17299712730944,
                47.51365398022309
              ],
              [
                -122.17296478803553,
                47.5136537481493
              ],
              [
                -122.17295090829367,
                47.51348792245448
              ],
              [
                -122.17291944256537,
                47.51337487708109
              ],
              [
                -122.1728920875234,
                47.51327659920296
              ],
              [
                -122.17284623352433,
                47.513111854071404
              ],
              [
                -122.17284261736208,
                47.513098860092924
              ],
              [
                -122.17279314758419,
                47.512921122760154
              ],
              [
                -122.17276069345817,
                47.51280451589998
              ],
              [
                -122.17274367809743,
                47.51274338360751
              ],
              [
                -122.17273902929688,
                47.512726681166164
              ],
              [
                -122.17271673620613,
                47.51264658691939
              ],
              [
                -122.17269420894789,
                47.512565644433515
              ],
              [
                -122.17265722658888,
                47.512432770877744
              ],
              [
                -122.17263792933953,
                47.512363432580116
              ]
            ]
          ]
        ]
      }
    },
    {
      "type": "Feature",
      "properties": {
        "Neighborhood": "Shy Creek",
        "DataProvider": "Renton",
        "Edit_Date": "2018-12-26T00:00:00.000",
        "GlobalID": "{13C1FAF2-6186-44AA-996C-10F75FCC9357}",
        "DataProvid": "Renton",
        "Shape_Length": 3713.506692834122,
        "Shape_Area": 703051.0804654361
      },
      "geometry": {
        "type": "MultiPolygon",
        "coordinates": [
          [
            [
              [
                -122.1494547359493,
                47.4847632334715
              ],
              [
                -122.14944814312892,
                47.48437934237804
              ],
              [
                -122.14925403404838,
                47.48437781094096
              ],
              [
                -122.14925048931795,
                47.4841723365108
              ],
              [
                -122.14841340317138,
                47.484165716373596
              ],
              [
                -122.14840135096767,
                47.4834628555965
              ],
              [
                -122.14838996319666,
                47.48279870727028
              ],
              [
                -122.14838217088591,
                47.4823443866877
              ],
              [
                -122.14837328556902,
                47.48182628045784
              ],
              [
                -122.14836449284634,
                47.48131352469546
              ],
              [
                -122.15079319027448,
                47.48132881990591
              ],
              [
                -122.15081013881819,
                47.48231592020354
              ],
              [
                -122.15081970476379,
                47.482872780167845
              ],
              [
                -122.1508282125055,
                47.48336608885748
              ],
              [
                -122.15085243088089,
                47.484774247172446
              ],
              [
                -122.15025419915422,
                47.48476953497494
              ],
              [
                -122.14961105491021,
                47.484764466933726
              ],
              [
                -122.1494547359493,
                47.4847632334715
              ]
            ]
          ]
        ]
      }
    },
    {
      "type": "Feature",
      "properties": {
        "Neighborhood": "Stonegate",
        "DataProvider": "Renton",
        "Edit_Date": "2017-04-19T00:00:00.000",
        "GlobalID": "{613C09FF-6342-4170-B3DD-0B079B24FFD0}",
        "DataProvid": "Renton",
        "Shape_Length": 6160.958032573647,
        "Shape_Area": 1245144.1617102849
      },
      "geometry": {
        "type": "MultiPolygon",
        "coordinates": [
          [
            [
              [
                -122.14479177410739,
                47.51493924013224
              ],
              [
                -122.14454079175589,
                47.51488014311976
              ],
              [
                -122.14419321486787,
                47.514887953025415
              ],
              [
                -122.1437955410344,
                47.514863091832645
              ],
              [
                -122.14346931281744,
                47.51479460192314
              ],
              [
                -122.14330463320098,
                47.51485947469383
              ],
              [
                -122.14330498364302,
                47.51482882236769
              ],
              [
                -122.14333181946976,
                47.5147546547231
              ],
              [
                -122.1433680266913,
                47.51465458476839
              ],
              [
                -122.14336862699696,
                47.51460238490408
              ],
              [
                -122.14337058905025,
                47.51443211901333
              ],
              [
                -122.14337197395577,
                47.514421339707816
              ],
              [
                -122.1433758462928,
                47.51441084206343
              ],
              [
                -122.14338210907417,
                47.51440088807318
              ],
              [
                -122.14339060521742,
                47.51439172603032
              ],
              [
                -122.14340112402361,
                47.514383584156015
              ],
              [
                -122.14341340369675,
                47.514376665173494
              ],
              [
                -122.14342713786783,
                47.514371141734756
              ],
              [
                -122.14344198344666,
                47.51436715183232
              ],
              [
                -122.1434575711278,
                47.514364794180246
              ],
              [
                -122.14347351202781,
                47.514364128137636
              ],
              [
                -122.14353635464337,
                47.51436486594031
              ],
              [
                -122.14374973330233,
                47.51436737535296
              ],
              [
                -122.14383611437154,
                47.51436839015521
              ],
              [
                -122.1438765741356,
                47.514368866070576
              ],
              [
                -122.14428117168134,
                47.514373619035965
              ],
              [
                -122.14461976151733,
                47.514377595270396
              ],
              [
                -122.1446195262154,
                47.51424624571728
              ],
              [
                -122.14461927378814,
                47.51420443129787
              ],
              [
                -122.14503360371316,
                47.51406767684446
              ],
              [
                -122.14504186511326,
                47.51334849523088
              ],
              [
                -122.1450441034151,
                47.51326626322111
              ],
              [
                -122.14534214463032,
                47.51326980503595
              ],
              [
                -122.14534315549977,
                47.513182821279784
              ],
              [
                -122.1453481872728,
                47.512749539974465
              ],
              [
                -122.14535204164694,
                47.51241773099981
              ],
              [
                -122.14535555830398,
                47.512114975691034
              ],
              [
                -122.14535560059443,
                47.51211132745235
              ],
              [
                -122.14535837902255,
                47.51186908834549
              ],
              [
                -122.14535852228326,
                47.51185642076654
              ],
              [
                -122.14536132017416,
                47.51161242367813
              ],
              [
                -122.1453641180841,
                47.511368428388764
              ],
              [
                -122.14536691596787,
                47.511124433099816
              ],
              [
                -122.14536997200794,
                47.5108804618157
              ],
              [
                -122.14537305465649,
                47.51063649382253
              ],
              [
                -122.14537545193798,
                47.51044664638822
              ],
              [
                -122.14537613727624,
                47.51039252582977
              ],
              [
                -122.14537652408573,
                47.51036157440703
              ],
              [
                -122.14537925189086,
                47.510143077296426
              ],
              [
                -122.14538208809887,
                47.509895123463984
              ],
              [
                -122.14538302536054,
                47.509813080988565
              ],
              [
                -122.14538302804323,
                47.50981281828358
              ],
              [
                -122.14627326500059,
                47.50982961082536
              ],
              [
                -122.14634188109031,
                47.509830904569625
              ],
              [
                -122.14661683695066,
                47.50983608784221
              ],
              [
                -122.14670135049742,
                47.50983768150618
              ],
              [
                -122.14670553076047,
                47.50983776090332
              ],
              [
                -122.14678226960578,
                47.5098392078291
              ],
              [
                -122.14681057892929,
                47.50983974131694
              ],
              [
                -122.1468270183213,
                47.50984005135111
              ],
              [
                -122.14735796183294,
                47.50985006042386
              ],
              [
                -122.14772110304752,
                47.509856904998905
              ],
              [
                -122.14858588003669,
                47.5098731977549
              ],
              [
                -122.1485946364078,
                47.50987336352056
              ],
              [
                -122.14859423005964,
                47.50990967483526
              ],
              [
                -122.14859371335307,
                47.50995561101819
              ],
              [
                -122.14859342423823,
                47.509981412208965
              ],
              [
                -122.1485915347956,
                47.51014997915586
              ],
              [
                -122.14858969050152,
                47.51031444174572
              ],
              [
                -122.14858784615043,
                47.510478902537116
              ],
              [
                -122.14858685721596,
                47.510567170714246
              ],
              [
                -122.14858600183304,
                47.51064336512735
              ],
              [
                -122.14858501053187,
                47.51073196077506
              ],
              [
                -122.14858407255461,
                47.51080782870155
              ],
              [
                -122.1485823025721,
                47.51095113436488
              ],
              [
                -122.14858204261317,
                47.510972302437196
              ],
              [
                -122.14858011108353,
                47.511128572762146
              ],
              [
                -122.14858001000424,
                47.51113677620379
              ],
              [
                -122.1485776699892,
                47.51132622197037
              ],
              [
                -122.14857466791554,
                47.51156942285887
              ],
              [
                -122.14857440520498,
                47.51159058736478
              ],
              [
                -122.14857401370323,
                47.511622119996545
              ],
              [
                -122.14857161872547,
                47.51181528341927
              ],
              [
                -122.14856827147855,
                47.512084908649754
              ],
              [
                -122.14856823019666,
                47.512088219542136
              ],
              [
                -122.1485670395767,
                47.512184179571726
              ],
              [
                -122.14856462060462,
                47.51237902546663
              ],
              [
                -122.14856374917925,
                47.512449218140645
              ],
              [
                -122.1485631273074,
                47.512499619203545
              ],
              [
                -122.14855607879308,
                47.51306979195473
              ],
              [
                -122.14855580648948,
                47.51309183994862
              ],
              [
                -122.14855567585258,
                47.5131024509795
              ],
              [
                -122.14855539474269,
                47.51312520253844
              ],
              [
                -122.14855334101453,
                47.51330789822184
              ],
              [
                -122.14790716672837,
                47.5133002391917
              ],
              [
                -122.14746215649843,
                47.513294962904176
              ],
              [
                -122.14701718357095,
                47.51328968624198
              ],
              [
                -122.14639685086372,
                47.51328232604142
              ],
              [
                -122.14633616093955,
                47.51328160633038
              ],
              [
                -122.14632963752445,
                47.51385852115767
              ],
              [
                -122.14632430023656,
                47.51433049118605
              ],
              [
                -122.14632416773529,
                47.51434210075192
              ],
              [
                -122.14632403075618,
                47.51435437605042
              ],
              [
                -122.14632345022281,
                47.51440566177411
              ],
              [
                -122.14624810172026,
                47.51437538250654
              ],
              [
                -122.14624671348444,
                47.51449899209095
              ],
              [
                -122.14586113448793,
                47.51467619797424
              ],
              [
                -122.14581476996086,
                47.51468665238556
              ],
              [
                -122.14532360578683,
                47.51479741808807
              ],
              [
                -122.14487854205471,
                47.514792191523675
              ],
              [
                -122.14479177410739,
                47.51493924013224
              ]
            ]
          ]
        ]
      }
    },
    {
      "type": "Feature",
      "properties": {
        "Neighborhood": "Highlands Park",
        "DataProvider": "Renton",
        "Edit_Date": "2025-12-17T00:00:00.000",
        "GlobalID": "{56A91EF6-8DAA-446B-9B1C-39E4D5822AFD}",
        "DataProvid": "Renton",
        "Shape_Length": 3860.3265538631013,
        "Shape_Area": 806274.2730534015
      },
      "geometry": {
        "type": "MultiPolygon",
        "coordinates": [
          [
            [
              [
                -122.13245347046899,
                47.48159028025342
              ],
              [
                -122.13678261601567,
                47.48163395831553
              ],
              [
                -122.13691510375132,
                47.48163554127331
              ],
              [
                -122.13691096720282,
                47.481799714678246
              ],
              [
                -122.13736364317677,
                47.48180509046485
              ],
              [
                -122.13750085525227,
                47.48180671922155
              ],
              [
                -122.13761545615495,
                47.48180529272305
              ],
              [
                -122.13761964718434,
                47.48207072286209
              ],
              [
                -122.13764528146335,
                47.48336632598761
              ],
              [
                -122.13763652465207,
                47.483366227801525
              ],
              [
                -122.13752372940966,
                47.48336496182348
              ],
              [
                -122.13721817017128,
                47.48336153279914
              ],
              [
                -122.13698329595564,
                47.48335889602076
              ],
              [
                -122.13671479759947,
                47.48335588200559
              ],
              [
                -122.1366584842865,
                47.483355249404084
              ],
              [
                -122.13647218076464,
                47.48335315765629
              ],
              [
                -122.13617365285042,
                47.4833498043258
              ],
              [
                -122.13589516461631,
                47.483346675439755
              ],
              [
                -122.13586139044185,
                47.48334629565979
              ],
              [
                -122.13584862491753,
                47.483346152478006
              ],
              [
                -122.13575058108367,
                47.48334505101163
              ],
              [
                -122.13565305626203,
                47.483343955200446
              ],
              [
                -122.1356380553979,
                47.48334378636523
              ],
              [
                -122.13560651656805,
                47.483343432139414
              ],
              [
                -122.13526481401753,
                47.48333959119956
              ],
              [
                -122.13502219600765,
                47.483336863766674
              ],
              [
                -122.13485174962983,
                47.483334947349356
              ],
              [
                -122.13477957802311,
                47.48333413581525
              ],
              [
                -122.13453696006393,
                47.48333140734533
              ],
              [
                -122.1343800597507,
                47.48332964259342
              ],
              [
                -122.13429434345677,
                47.48332867834174
              ],
              [
                -122.13405172554839,
                47.48332594883478
              ],
              [
                -122.13391245434721,
                47.48332438173647
              ],
              [
                -122.1338091076654,
                47.48332321880935
              ],
              [
                -122.13356648978534,
                47.483320487366136
              ],
              [
                -122.13344856969353,
                47.48331915999922
              ],
              [
                -122.13332387327975,
                47.48331775628845
              ],
              [
                -122.13308156210597,
                47.48331502839307
              ],
              [
                -122.1323732254621,
                47.483307050682924
              ],
              [
                -122.13235864301376,
                47.48159057749026
              ],
              [
                -122.13245347046899,
                47.48159028025342
              ]
            ]
          ]
        ]
      }
    },
    {
      "type": "Feature",
      "properties": {
        "Neighborhood": "Orchards",
        "DataProvider": "Renton",
        "Edit_Date": "2017-04-19T00:00:00.000",
        "GlobalID": "{754FD232-F54B-414A-B1FA-598D297B61B5}",
        "DataProvid": "Renton",
        "Shape_Length": 6626.227154526077,
        "Shape_Area": 1455050.657450631
      },
      "geometry": {
        "type": "MultiPolygon",
        "coordinates": [
          [
            [
              [
                -122.15671893865202,
                47.495734042328294
              ],
              [
                -122.15667292466367,
                47.49451420500324
              ],
              [
                -122.15661555123486,
                47.493952688884335
              ],
              [
                -122.15659815404742,
                47.49387180346017
              ],
              [
                -122.15677810165923,
                47.493854429527104
              ],
              [
                -122.15696568914798,
                47.49370469697475
              ],
              [
                -122.15740254170233,
                47.49370821569276
              ],
              [
                -122.15770355826476,
                47.493710640180474
              ],
              [
                -122.1579462417716,
                47.493712592999266
              ],
              [
                -122.1580375355416,
                47.49371332879039
              ],
              [
                -122.1582593208862,
                47.49378837202133
              ],
              [
                -122.15852773477596,
                47.49387919240457
              ],
              [
                -122.15858937329092,
                47.493914982932026
              ],
              [
                -122.15878238860635,
                47.49402705807357
              ],
              [
                -122.1596402788286,
                47.49360739835746
              ],
              [
                -122.15974664572188,
                47.49355544782084
              ],
              [
                -122.15963837608797,
                47.49345966872141
              ],
              [
                -122.15952495935198,
                47.49335933664547
              ],
              [
                -122.15939542768288,
                47.49322128115637
              ],
              [
                -122.15925259397966,
                47.493069047111184
              ],
              [
                -122.1592153776897,
                47.49300625988218
              ],
              [
                -122.15913424314104,
                47.49286937418439
              ],
              [
                -122.15909550111539,
                47.492755066512586
              ],
              [
                -122.15905737899423,
                47.492610732006355
              ],
              [
                -122.15905296805495,
                47.492439295589236
              ],
              [
                -122.1590499438082,
                47.492321731782404
              ],
              [
                -122.15904742786438,
                47.4922239553016
              ],
              [
                -122.15930998451893,
                47.49223291731261
              ],
              [
                -122.15984508904302,
                47.49223442974703
              ],
              [
                -122.15990463520762,
                47.49223459758633
              ],
              [
                -122.16013401045278,
                47.49221443496165
              ],
              [
                -122.16038265925961,
                47.49219257849035
              ],
              [
                -122.160477124812,
                47.49218427410483
              ],
              [
                -122.16061349950982,
                47.49217643414533
              ],
              [
                -122.16076694684378,
                47.49216761268089
              ],
              [
                -122.16134547372688,
                47.49217247848881
              ],
              [
                -122.16167081567473,
                47.49217521412817
              ],
              [
                -122.16166936343366,
                47.49224430472078
              ],
              [
                -122.16167124525973,
                47.492310894177514
              ],
              [
                -122.16167377595283,
                47.49238857675552
              ],
              [
                -122.16167734869418,
                47.49249820891897
              ],
              [
                -122.16168092149637,
                47.49260784288106
              ],
              [
                -122.16168449426785,
                47.49271747504462
              ],
              [
                -122.16168613563848,
                47.49276784804008
              ],
              [
                -122.16168806710006,
                47.4928271090068
              ],
              [
                -122.1616916399015,
                47.492936741170446
              ],
              [
                -122.16169516728625,
                47.49304500651691
              ],
              [
                -122.16169589384081,
                47.49306727860465
              ],
              [
                -122.16169878294153,
                47.493156007327514
              ],
              [
                -122.16169982216952,
                47.49318784539934
              ],
              [
                -122.16170235578804,
                47.49326563949128
              ],
              [
                -122.16170592837473,
                47.4933752608635
              ],
              [
                -122.16171033544705,
                47.49351045268959
              ],
              [
                -122.16171612181293,
                47.49368801798993
              ],
              [
                -122.1617200615476,
                47.49380892469059
              ],
              [
                -122.16172503703169,
                47.49396153097053
              ],
              [
                -122.1618864793468,
                47.49396300816013
              ],
              [
                -122.16222385621204,
                47.49396609628279
              ],
              [
                -122.1625847848731,
                47.49396939883523
              ],
              [
                -122.16275536127408,
                47.493970962158215
              ],
              [
                -122.1628957850393,
                47.49397224862875
              ],
              [
                -122.16302504365028,
                47.49397343359816
              ],
              [
                -122.16317099027609,
                47.49397477019231
              ],
              [
                -122.16341383903806,
                47.49397699367118
              ],
              [
                -122.16366275236615,
                47.493979273310664
              ],
              [
                -122.16394632952576,
                47.49398186761816
              ],
              [
                -122.16423772528678,
                47.49398449190825
              ],
              [
                -122.16437181893605,
                47.49398753295713
              ],
              [
                -122.1644047828775,
                47.49488405139858
              ],
              [
                -122.16427074213887,
                47.494882861960306
              ],
              [
                -122.16366451070174,
                47.494877507712566
              ],
              [
                -122.16342923833663,
                47.49487545144239
              ],
              [
                -122.16337712407545,
                47.49487499685146
              ],
              [
                -122.16307436915316,
                47.49487235760105
              ],
              [
                -122.16283338030485,
                47.494870361649475
              ],
              [
                -122.16277061394908,
                47.49486984080305
              ],
              [
                -122.16246808284072,
                47.49486733405108
              ],
              [
                -122.16240875766913,
                47.494866842887205
              ],
              [
                -122.16234804910958,
                47.49486633909923
              ],
              [
                -122.16175513720509,
                47.494861423263025
              ],
              [
                -122.16175617027095,
                47.494888848109724
              ],
              [
                -122.16176268881195,
                47.49506210849397
              ],
              [
                -122.1617632609013,
                47.49507873128103
              ],
              [
                -122.16177052725712,
                47.49528978831257
              ],
              [
                -122.16177337811092,
                47.495372524540436
              ],
              [
                -122.16177770490731,
                47.495498194445645
              ],
              [
                -122.16178363491903,
                47.495679192636096
              ],
              [
                -122.16179210000635,
                47.495760190872865
              ],
              [
                -122.15671893865202,
                47.495734042328294
              ]
            ]
          ]
        ]
      }
    },
    {
      "type": "Feature",
      "properties": {
        "Neighborhood": "Victoria Hills",
        "DataProvider": "Renton",
        "Edit_Date": "2017-04-19T00:00:00.000",
        "GlobalID": "{8089FAE1-2234-4253-B247-F1B9B997421A}",
        "DataProvid": "Renton",
        "Shape_Length": 8447.475442807576,
        "Shape_Area": 2232500.4590211995
      },
      "geometry": {
        "type": "MultiPolygon",
        "coordinates": [
          [
            [
              [
                -122.2040229895264,
                47.459743924038065
              ],
              [
                -122.20408359315105,
                47.45948582033938
              ],
              [
                -122.20380125254327,
                47.45949870178745
              ],
              [
                -122.20379863191201,
                47.4594714419943
              ],
              [
                -122.20374499755337,
                47.458934655762654
              ],
              [
                -122.2043069266765,
                47.45864290010702
              ],
              [
                -122.20416908646213,
                47.45842013306257
              ],
              [
                -122.20403260031705,
                47.458182517238
              ],
              [
                -122.20397647549865,
                47.45794072797318
              ],
              [
                -122.20392929141919,
                47.457737437041175
              ],
              [
                -122.20383174436708,
                47.457581502018044
              ],
              [
                -122.2037365129983,
                47.45742927580195
              ],
              [
                -122.2040418210963,
                47.45724955793448
              ],
              [
                -122.20414068919105,
                47.45717148894783
              ],
              [
                -122.2040744111507,
                47.45713006344971
              ],
              [
                -122.2039272542449,
                47.45704926614911
              ],
              [
                -122.20384147070259,
                47.4570155597549
              ],
              [
                -122.20373041662721,
                47.4569817276368
              ],
              [
                -122.20357722621301,
                47.45695126497845
              ],
              [
                -122.2034184246905,
                47.456927291073654
              ],
              [
                -122.20329353155941,
                47.4569139147684
              ],
              [
                -122.20311099226453,
                47.456911619063604
              ],
              [
                -122.20294263498822,
                47.45692298739527
              ],
              [
                -122.20287044744563,
                47.456929003498644
              ],
              [
                -122.20277230472118,
                47.45694423958026
              ],
              [
                -122.20267435032957,
                47.45697004246108
              ],
              [
                -122.20251539852575,
                47.457011913818725
              ],
              [
                -122.20239306467755,
                47.45703709039232
              ],
              [
                -122.20224019252936,
                47.45705473969086
              ],
              [
                -122.20201323948119,
                47.457058621142856
              ],
              [
                -122.2018718361204,
                47.457037215792454
              ],
              [
                -122.2017144037437,
                47.45701338401869
              ],
              [
                -122.2017557416695,
                47.45690747005283
              ],
              [
                -122.20180971190008,
                47.45676918977235
              ],
              [
                -122.20184704867123,
                47.45667352615785
              ],
              [
                -122.201895292608,
                47.45654991687245
              ],
              [
                -122.20190811638855,
                47.45645945163007
              ],
              [
                -122.20192087974961,
                47.45636941531443
              ],
              [
                -122.2019188702716,
                47.45624488831931
              ],
              [
                -122.20190762556297,
                47.45615602409699
              ],
              [
                -122.20189089632771,
                47.456079193134265
              ],
              [
                -122.20187554086255,
                47.45600867053968
              ],
              [
                -122.2018390424171,
                47.45590795852069
              ],
              [
                -122.20182846439558,
                47.455885533665985
              ],
              [
                -122.20173589385779,
                47.45571294060228
              ],
              [
                -122.2016171845758,
                47.455581325492666
              ],
              [
                -122.20177625701933,
                47.45558223428099
              ],
              [
                -122.20205108328702,
                47.455573054691094
              ],
              [
                -122.20205487034256,
                47.45535367990238
              ],
              [
                -122.20205581396704,
                47.45529898219991
              ],
              [
                -122.20205842018507,
                47.455148019362085
              ],
              [
                -122.20206173270229,
                47.454956068573544
              ],
              [
                -122.20206575561417,
                47.45472298315379
              ],
              [
                -122.20206977725856,
                47.454489901348474
              ],
              [
                -122.20206979538685,
                47.45448882253431
              ],
              [
                -122.20207409750124,
                47.45423943067442
              ],
              [
                -122.20207452591751,
                47.45421475184834
              ],
              [
                -122.20207925790488,
                47.45394053631363
              ],
              [
                -122.20207954263648,
                47.453924084073414
              ],
              [
                -122.20208130831553,
                47.45392409875392
              ],
              [
                -122.20209006425112,
                47.45354879124195
              ],
              [
                -122.20208869643679,
                47.452134009050816
              ],
              [
                -122.20219333946399,
                47.45213475070982
              ],
              [
                -122.20219311997276,
                47.452145597784806
              ],
              [
                -122.20221333820525,
                47.45214522878284
              ],
              [
                -122.2022314977822,
                47.45214489811195
              ],
              [
                -122.20258839025061,
                47.45213755049052
              ],
              [
                -122.20306435768562,
                47.45212775207506
              ],
              [
                -122.20322390105156,
                47.4521244645796
              ],
              [
                -122.203631510212,
                47.45211590122005
              ],
              [
                -122.20407845266494,
                47.45298085574304
              ],
              [
                -122.2045581731138,
                47.45389850482209
              ],
              [
                -122.20509711029422,
                47.454926654758694
              ],
              [
                -122.20567416373862,
                47.45602747811719
              ],
              [
                -122.20620700823459,
                47.457069456140935
              ],
              [
                -122.20638916958049,
                47.45742976454861
              ],
              [
                -122.20646443548722,
                47.45758333135519
              ],
              [
                -122.20656450522104,
                47.45781059017584
              ],
              [
                -122.20664419438043,
                47.458001254203836
              ],
              [
                -122.20678593288996,
                47.4583948662202
              ],
              [
                -122.20688304978596,
                47.45873090900392
              ],
              [
                -122.20695873944344,
                47.459010607746315
              ],
              [
                -122.20699836319135,
                47.459157028589516
              ],
              [
                -122.2070294752339,
                47.45927199699784
              ],
              [
                -122.20705971762355,
                47.459438930290425
              ],
              [
                -122.20708807839995,
                47.45961001093586
              ],
              [
                -122.20711129719325,
                47.45975006973675
              ],
              [
                -122.20713970840559,
                47.45996280843011
              ],
              [
                -122.20716461985648,
                47.46017269464663
              ],
              [
                -122.20718067875386,
                47.460389081368774
              ],
              [
                -122.2071865947484,
                47.46061379777723
              ],
              [
                -122.20718830699919,
                47.46067883649618
              ],
              [
                -122.20718797696236,
                47.460693860785824
              ],
              [
                -122.20681534370243,
                47.46071059203816
              ],
              [
                -122.20661761936543,
                47.460719007116936
              ],
              [
                -122.20607870655427,
                47.46074193679874
              ],
              [
                -122.2056943340872,
                47.46075828822995
              ],
              [
                -122.20544920138407,
                47.46076871579672
              ],
              [
                -122.20523581793482,
                47.46077779460413
              ],
              [
                -122.20483891852443,
                47.46079467601707
              ],
              [
                -122.20437230075892,
                47.46081452330794
              ],
              [
                -122.20423178233823,
                47.4604890260245
              ],
              [
                -122.20412296297908,
                47.46023696873535
              ],
              [
                -122.20404520276244,
                47.460056849755134
              ],
              [
                -122.20398322474067,
                47.45991328071044
              ],
              [
                -122.2040229895264,
                47.459743924038065
              ]
            ]
          ]
        ]
      }
    },
    {
      "type": "Feature",
      "properties": {
        "Neighborhood": "Alder Crossing",
        "DataProvider": "Renton",
        "Edit_Date": "2017-04-19T00:00:00.000",
        "GlobalID": "{BD48137E-E6EC-404A-8438-92D3FFDC4DB3}",
        "DataProvid": "Renton",
        "Shape_Length": 3330.5906004060575,
        "Shape_Area": 495838.78150902624
      },
      "geometry": {
        "type": "MultiPolygon",
        "coordinates": [
          [
            [
              [
                -122.15114542715222,
                47.48755236229154
              ],
              [
                -122.15112804642935,
                47.48755223300986
              ],
              [
                -122.15112805227847,
                47.48755267463055
              ],
              [
                -122.15104227363646,
                47.48755421727015
              ],
              [
                -122.15107410353747,
                47.48742436199001
              ],
              [
                -122.1510897933076,
                47.48709654321248
              ],
              [
                -122.15118873195937,
                47.48709829850497
              ],
              [
                -122.15117273977665,
                47.486909083421246
              ],
              [
                -122.15116486476562,
                47.48682262817044
              ],
              [
                -122.15114928010058,
                47.486651531979426
              ],
              [
                -122.15113472809222,
                47.48649178446172
              ],
              [
                -122.15113412126658,
                47.48644512634567
              ],
              [
                -122.15113083800402,
                47.48619204633335
              ],
              [
                -122.15111562355827,
                47.48602724013186
              ],
              [
                -122.15095173907714,
                47.48602895354206
              ],
              [
                -122.15094774616395,
                47.48573744767482
              ],
              [
                -122.15112508046597,
                47.48575052357264
              ],
              [
                -122.15116552965809,
                47.48575082404013
              ],
              [
                -122.15138933679705,
                47.48575248422394
              ],
              [
                -122.15164630075574,
                47.485754389514774
              ],
              [
                -122.15165258170543,
                47.485754436215764
              ],
              [
                -122.15196973899383,
                47.48575678777305
              ],
              [
                -122.15207721992083,
                47.4857575848454
              ],
              [
                -122.1527848685202,
                47.48576282758473
              ],
              [
                -122.15278595992136,
                47.48584495190776
              ],
              [
                -122.15290731081029,
                47.48584586764849
              ],
              [
                -122.15290986250392,
                47.48603774409163
              ],
              [
                -122.15355707014021,
                47.486042625831935
              ],
              [
                -122.15356541755186,
                47.48666938679966
              ],
              [
                -122.15357741743244,
                47.48757057035854
              ],
              [
                -122.15357830465132,
                47.487637237058145
              ],
              [
                -122.15357938585797,
                47.48771843585203
              ],
              [
                -122.15358102870835,
                47.48784179904995
              ],
              [
                -122.15358267152092,
                47.48796516044953
              ],
              [
                -122.1535843143641,
                47.4880885227486
              ],
              [
                -122.15358595721501,
                47.48821188504784
              ],
              [
                -122.15358752098936,
                47.48832918696522
              ],
              [
                -122.15358788595479,
                47.48835660790753
              ],
              [
                -122.15358431718141,
                47.48848275291517
              ],
              [
                -122.1522222543169,
                47.48846871659506
              ],
              [
                -122.1522205527101,
                47.488383211583034
              ],
              [
                -122.15221854482816,
                47.48828234008321
              ],
              [
                -122.15221421177323,
                47.48806468918333
              ],
              [
                -122.15222564153012,
                47.48765858063838
              ],
              [
                -122.1522462158255,
                47.48756215782771
              ],
              [
                -122.15212485428539,
                47.487559822836594
              ],
              [
                -122.15211565687866,
                47.4875597551656
              ],
              [
                -122.15208440370773,
                47.48755952361012
              ],
              [
                -122.15190237607996,
                47.48755817556386
              ],
              [
                -122.1516952129617,
                47.48755657938985
              ],
              [
                -122.15161966596281,
                47.48755600030227
              ],
              [
                -122.15150011733675,
                47.48755508290246
              ],
              [
                -122.15132620421322,
                47.487553749458755
              ],
              [
                -122.15116849715494,
                47.487552538872194
              ],
              [
                -122.15114542715222,
                47.48755236229154
              ]
            ]
          ]
        ]
      }
    },
    {
      "type": "Feature",
      "properties": {
        "Neighborhood": "Sunset",
        "DataProvider": "Renton",
        "Edit_Date": "2017-04-19T00:00:00.000",
        "GlobalID": "{C1DF9162-FE05-4DD4-BB57-4FFCE758CA66}",
        "DataProvid": "Renton",
        "Shape_Length": 34002.52015201669,
        "Shape_Area": 28693822.42412908
      },
      "geometry": {
        "type": "MultiPolygon",
        "coordinates": [
          [
            [
              [
                -122.18362881827822,
                47.51532510878115
              ],
              [
                -122.1834995822087,
                47.51531693326734
              ],
              [
                -122.18295389916564,
                47.51532708519791
              ],
              [
                -122.18274576416617,
                47.51533472168735
              ],
              [
                -122.18274894425744,
                47.51525192380969
              ],
              [
                -122.18274113227686,
                47.5144577755335
              ],
              [
                -122.18273830962758,
                47.514170930671014
              ],
              [
                -122.18273782270977,
                47.51412164868478
              ],
              [
                -122.18113580931849,
                47.514104194312615
              ],
              [
                -122.18113965292956,
                47.513639640190945
              ],
              [
                -122.1811406725112,
                47.51351668128084
              ],
              [
                -122.18081648040668,
                47.51351312979906
              ],
              [
                -122.18048233765505,
                47.51350946872364
              ],
              [
                -122.1804823234139,
                47.51350326541942
              ],
              [
                -122.18048194067659,
                47.513323718273355
              ],
              [
                -122.18048120980835,
                47.51298189182407
              ],
              [
                -122.18048086589229,
                47.51280117477005
              ],
              [
                -122.18048050706182,
                47.512542702179594
              ],
              [
                -122.18047933922345,
                47.51217235177618
              ],
              [
                -122.18047881447946,
                47.512022351976185
              ],
              [
                -122.18047929722647,
                47.511987492195104
              ],
              [
                -122.1802375770073,
                47.51199798293832
              ],
              [
                -122.18029507983391,
                47.51137877985118
              ],
              [
                -122.1802893683009,
                47.51113900636228
              ],
              [
                -122.18027743157367,
                47.51082951403676
              ],
              [
                -122.1802114470859,
                47.51028283022044
              ],
              [
                -122.18008597259295,
                47.51029784690052
              ],
              [
                -122.17960056623419,
                47.51029402860111
              ],
              [
                -122.17931731345051,
                47.510291767142625
              ],
              [
                -122.17902781367148,
                47.51028944945888
              ],
              [
                -122.17873341893835,
                47.510287091870396
              ],
              [
                -122.1785610295406,
                47.51028571012209
              ],
              [
                -122.17786734736761,
                47.510280150180314
              ],
              [
                -122.17705764629947,
                47.51027364143371
              ],
              [
                -122.17656241691138,
                47.51026966729889
              ],
              [
                -122.17656556190482,
                47.50964882997164
              ],
              [
                -122.17656598421613,
                47.50956534983804
              ],
              [
                -122.17656744226854,
                47.50927749386353
              ],
              [
                -122.17656890035124,
                47.508989639688316
              ],
              [
                -122.1765703583715,
                47.508701783715196
              ],
              [
                -122.17657181756066,
                47.508413767604445
              ],
              [
                -122.17657320642306,
                47.50813971912336
              ],
              [
                -122.17689414801855,
                47.50814107183515
              ],
              [
                -122.1772368231876,
                47.508142515492175
              ],
              [
                -122.17726514268087,
                47.5081426355536
              ],
              [
                -122.17787215508211,
                47.50814518947064
              ],
              [
                -122.17787274611855,
                47.507871049586576
              ],
              [
                -122.17787281908078,
                47.507838149465975
              ],
              [
                -122.17787282607732,
                47.5078349199089
              ],
              [
                -122.17787341661796,
                47.50756189370523
              ],
              [
                -122.17787380244098,
                47.50737493766292
              ],
              [
                -122.17787440212541,
                47.50708558586505
              ],
              [
                -122.17787495780999,
                47.506817077741296
              ],
              [
                -122.17787514972645,
                47.506725054345196
              ],
              [
                -122.17787521737661,
                47.5066921542878
              ],
              [
                -122.17787566852466,
                47.506474370837736
              ],
              [
                -122.17787600942597,
                47.50630987051973
              ],
              [
                -122.17787671444722,
                47.50596982642703
              ],
              [
                -122.1778770730656,
                47.505797467212936
              ],
              [
                -122.17787730501638,
                47.50568496182049
              ],
              [
                -122.17788451472707,
                47.505682523170975
              ],
              [
                -122.17789213733425,
                47.50568075431362
              ],
              [
                -122.17790003815996,
                47.50567968383014
              ],
              [
                -122.17787841310171,
                47.50551479229449
              ],
              [
                -122.17787882683253,
                47.5052679638128
              ],
              [
                -122.17787923746623,
                47.50502132427905
              ],
              [
                -122.1778795125447,
                47.50485684633221
              ],
              [
                -122.1778799889353,
                47.50457167362648
              ],
              [
                -122.1778805309939,
                47.50424703758931
              ],
              [
                -122.17788080366311,
                47.504082363564834
              ],
              [
                -122.1778809418541,
                47.504000304499385
              ],
              [
                -122.17788123659835,
                47.50382351293914
              ],
              [
                -122.1781895873671,
                47.50382381971603
              ],
              [
                -122.17848075389858,
                47.50382411061582
              ],
              [
                -122.1786244314711,
                47.50382340712359
              ],
              [
                -122.17862450856215,
                47.50381615563484
              ],
              [
                -122.17861596617857,
                47.50310110361653
              ],
              [
                -122.17532524115502,
                47.50309934023947
              ],
              [
                -122.17524955496664,
                47.50066944697447
              ],
              [
                -122.17518485222843,
                47.49854814533572
              ],
              [
                -122.17510766137215,
                47.49609851988617
              ],
              [
                -122.17509601156402,
                47.494898813438326
              ],
              [
                -122.17505209243822,
                47.49286206027735
              ],
              [
                -122.17503082957512,
                47.49214229771311
              ],
              [
                -122.17495975197566,
                47.49093892891397
              ],
              [
                -122.17493912839683,
                47.490333767275004
              ],
              [
                -122.17491906825256,
                47.489612883156816
              ],
              [
                -122.17489431788741,
                47.48857202106281
              ],
              [
                -122.17579196167212,
                47.488573782493305
              ],
              [
                -122.17880532056347,
                47.488583614653606
              ],
              [
                -122.18038780259039,
                47.488575643264284
              ],
              [
                -122.18035656916435,
                47.48993743923572
              ],
              [
                -122.1804752943268,
                47.48993730158077
              ],
              [
                -122.18076139839096,
                47.48993697020476
              ],
              [
                -122.18089701034712,
                47.489936812497504
              ],
              [
                -122.18120034358404,
                47.48993645901851
              ],
              [
                -122.18146501401635,
                47.4899361518479
              ],
              [
                -122.18182731566077,
                47.489935727935176
              ],
              [
                -122.18199758773117,
                47.489935527836295
              ],
              [
                -122.18203114766091,
                47.48993548898252
              ],
              [
                -122.18203382710921,
                47.49008627370928
              ],
              [
                -122.18206338329867,
                47.49129450250203
              ],
              [
                -122.18226891344476,
                47.49129469729757
              ],
              [
                -122.18415216974797,
                47.491295001694084
              ],
              [
                -122.18559204039934,
                47.491299486379
              ],
              [
                -122.18558841776725,
                47.49034999874961
              ],
              [
                -122.18558612197202,
                47.489968902565046
              ],
              [
                -122.18558207283671,
                47.48901309241593
              ],
              [
                -122.1855926167803,
                47.48855677095185
              ],
              [
                -122.18562013123625,
                47.488477977657645
              ],
              [
                -122.18569219844866,
                47.48833069692989
              ],
              [
                -122.18577694940623,
                47.48818722318329
              ],
              [
                -122.18596024892403,
                47.488161447938644
              ],
              [
                -122.18611367741322,
                47.488174847775305
              ],
              [
                -122.18625770578902,
                47.488216441512016
              ],
              [
                -122.18650108969204,
                47.488303465984075
              ],
              [
                -122.18682187963006,
                47.48841758621238
              ],
              [
                -122.18737031961459,
                47.48858342932131
              ],
              [
                -122.18791247799992,
                47.488734210294226
              ],
              [
                -122.18814856650896,
                47.488780416382774
              ],
              [
                -122.18836014159606,
                47.48879971586947
              ],
              [
                -122.18855428923625,
                47.48879779958179
              ],
              [
                -122.18883378064193,
                47.488757627787926
              ],
              [
                -122.18927214054055,
                47.48868344658385
              ],
              [
                -122.18947109343088,
                47.48864426841535
              ],
              [
                -122.1896057007983,
                47.48859906503862
              ],
              [
                -122.18974082519699,
                47.488536038295464
              ],
              [
                -122.18994841676022,
                47.48840081974579
              ],
              [
                -122.19016454673796,
                47.488243888207876
              ],
              [
                -122.19026282807486,
                47.48813761949003
              ],
              [
                -122.19042515451403,
                47.4879379430113
              ],
              [
                -122.19061882049516,
                47.48767737972001
              ],
              [
                -122.19082779337536,
                47.487472306085806
              ],
              [
                -122.19082607325379,
                47.487879727285154
              ],
              [
                -122.1908242387134,
                47.48831406251325
              ],
              [
                -122.19081009982659,
                47.48866216564822
              ],
              [
                -122.19079777251768,
                47.48878366155155
              ],
              [
                -122.1911532724192,
                47.48878785267094
              ],
              [
                -122.19139402072683,
                47.48880727796087
              ],
              [
                -122.19164876351091,
                47.48883238075627
              ],
              [
                -122.19186779798423,
                47.48887390749332
              ],
              [
                -122.19207998906948,
                47.4889442887117
              ],
              [
                -122.19220251876423,
                47.489016135914405
              ],
              [
                -122.19230721317372,
                47.48910664053309
              ],
              [
                -122.19234779537658,
                47.489188986952634
              ],
              [
                -122.19238381377806,
                47.48932645384868
              ],
              [
                -122.19236855033098,
                47.48947871739056
              ],
              [
                -122.19230992629141,
                47.48961968583282
              ],
              [
                -122.19216845277644,
                47.48988678437951
              ],
              [
                -122.19200658581943,
                47.49008359720752
              ],
              [
                -122.19193152430002,
                47.49017765396853
              ],
              [
                -122.19186002320124,
                47.49027297605733
              ],
              [
                -122.19177159165083,
                47.49039998410207
              ],
              [
                -122.19173069848722,
                47.49047146627668
              ],
              [
                -122.19150556832979,
                47.490540798701275
              ],
              [
                -122.19120862407826,
                47.490632246653405
              ],
              [
                -122.19086818002933,
                47.49074361876348
              ],
              [
                -122.19067376883844,
                47.4908241174647
              ],
              [
                -122.1905589101606,
                47.49090264109858
              ],
              [
                -122.19041716860326,
                47.49102969251495
              ],
              [
                -122.19031054727182,
                47.491183612654396
              ],
              [
                -122.19023706880608,
                47.49133252084009
              ],
              [
                -122.19026901385412,
                47.49154946882886
              ],
              [
                -122.19029917148812,
                47.49161410014418
              ],
              [
                -122.19033030666736,
                47.49171981876033
              ],
              [
                -122.19038179074191,
                47.49184362033087
              ],
              [
                -122.19049069388822,
                47.49206919288022
              ],
              [
                -122.1906729801667,
                47.49239652262052
              ],
              [
                -122.19078498254808,
                47.492618332715026
              ],
              [
                -122.19084346774764,
                47.49282756153192
              ],
              [
                -122.19087004415573,
                47.49298865315187
              ],
              [
                -122.1908727832796,
                47.493048704981355
              ],
              [
                -122.19088417905206,
                47.49329849384496
              ],
              [
                -122.19093020016268,
                47.49348643653307
              ],
              [
                -122.1910463914707,
                47.49371418031498
              ],
              [
                -122.19113998426064,
                47.49385864148855
              ],
              [
                -122.19129558626133,
                47.49403137591732
              ],
              [
                -122.19152910423578,
                47.494236742235906
              ],
              [
                -122.19170493978135,
                47.49442502437394
              ],
              [
                -122.19186897718008,
                47.494700862094675
              ],
              [
                -122.19196320011994,
                47.49507921611344
              ],
              [
                -122.19193205076002,
                47.49544011982565
              ],
              [
                -122.1918906499747,
                47.49567196772251
              ],
              [
                -122.19184633141766,
                47.49590901768642
              ],
              [
                -122.1917541593726,
                47.49635355204022
              ],
              [
                -122.1916816461485,
                47.496552532675
              ],
              [
                -122.19142227319298,
                47.497126537942975
              ],
              [
                -122.19110041320464,
                47.49781879981857
              ],
              [
                -122.19050684613156,
                47.49908626629745
              ],
              [
                -122.19003841980798,
                47.5000625460067
              ],
              [
                -122.18996328736432,
                47.50020426172292
              ],
              [
                -122.18984990578866,
                47.50039035799627
              ],
              [
                -122.18973388921177,
                47.50054397849552
              ],
              [
                -122.18955835620437,
                47.50070822937338
              ],
              [
                -122.18946083484032,
                47.50079343801332
              ],
              [
                -122.18938166125875,
                47.500851118987015
              ],
              [
                -122.18926593382653,
                47.50092732690294
              ],
              [
                -122.18914856179265,
                47.50099921387349
              ],
              [
                -122.1889991532024,
                47.50107620687995
              ],
              [
                -122.18890010006214,
                47.501123541316275
              ],
              [
                -122.1887280289548,
                47.501197410392365
              ],
              [
                -122.18858250927492,
                47.5012486303104
              ],
              [
                -122.18836156428814,
                47.50130492415802
              ],
              [
                -122.18822756523818,
                47.50133381626894
              ],
              [
                -122.1880848548651,
                47.501362599851774
              ],
              [
                -122.18793677821996,
                47.50139044873906
              ],
              [
                -122.18775533934051,
                47.50141622243454
              ],
              [
                -122.18760416367384,
                47.501443291932105
              ],
              [
                -122.18737445619095,
                47.50143530562349
              ],
              [
                -122.1870666520567,
                47.50139499526246
              ],
              [
                -122.18685792062799,
                47.50136476228936
              ],
              [
                -122.18658332777869,
                47.50130344994534
              ],
              [
                -122.18639372974681,
                47.50124531982425
              ],
              [
                -122.1863235781006,
                47.50125645676551
              ],
              [
                -122.18622011644547,
                47.50128844690411
              ],
              [
                -122.1861338610966,
                47.50130905742069
              ],
              [
                -122.18622149936492,
                47.501372499463855
              ],
              [
                -122.18643710551868,
                47.501525101163026
              ],
              [
                -122.18667729100574,
                47.50166115777682
              ],
              [
                -122.1868361326169,
                47.50173677749749
              ],
              [
                -122.18702058344587,
                47.5018089144076
              ],
              [
                -122.18717660486475,
                47.50185829694062
              ],
              [
                -122.18738726758617,
                47.501905205170324
              ],
              [
                -122.18762037206379,
                47.501941066635574
              ],
              [
                -122.1878019322966,
                47.50196261667641
              ],
              [
                -122.18806222394711,
                47.50196865851716
              ],
              [
                -122.18836796802522,
                47.50194710530545
              ],
              [
                -122.18870966933454,
                47.501897791133985
              ],
              [
                -122.18942621237505,
                47.50171615572922
              ],
              [
                -122.19108401662783,
                47.501285279906284
              ],
              [
                -122.19107157080829,
                47.50236155748396
              ],
              [
                -122.1910565645171,
                47.50262019636436
              ],
              [
                -122.19103104986823,
                47.502886656769526
              ],
              [
                -122.19101469658123,
                47.5030907217762
              ],
              [
                -122.19102098604192,
                47.50636265434711
              ],
              [
                -122.18925222389225,
                47.5063902349076
              ],
              [
                -122.1856493402255,
                47.50642948815865
              ],
              [
                -122.18565329620941,
                47.506716584095905
              ],
              [
                -122.18567657472454,
                47.50878649981199
              ],
              [
                -122.18569489787207,
                47.51013226323388
              ],
              [
                -122.18571390389171,
                47.51111884188818
              ],
              [
                -122.18572894457422,
                47.51341937142552
              ],
              [
                -122.18574012205555,
                47.51434687637978
              ],
              [
                -122.18575139339144,
                47.51523703699973
              ],
              [
                -122.18575282588826,
                47.51556669949782
              ],
              [
                -122.18570092579586,
                47.51556610212451
              ],
              [
                -122.1854113392085,
                47.515562771377326
              ],
              [
                -122.18504186371315,
                47.51555852132566
              ],
              [
                -122.18452377456069,
                47.51554437147622
              ],
              [
                -122.18430146546498,
                47.515532234915455
              ],
              [
                -122.18416604644466,
                47.515499571660484
              ],
              [
                -122.18411287962215,
                47.51547826868616
              ],
              [
                -122.18405705346125,
                47.51544703540408
              ],
              [
                -122.18394846642845,
                47.515394476226994
              ],
              [
                -122.18384960003596,
                47.515353215193144
              ],
              [
                -122.18375398952494,
                47.51533752630089
              ],
              [
                -122.18362881827822,
                47.51532510878115
              ]
            ]
          ]
        ]
      }
    },
    {
      "type": "Feature",
      "properties": {
        "Neighborhood": "Chinquapin Ridge",
        "DataProvider": "Renton",
        "Edit_Date": "2017-04-19T00:00:00.000",
        "GlobalID": "{2947BF3E-6AD6-4C8F-9730-E082BCC90CCF}",
        "DataProvid": "Renton",
        "Shape_Length": 4957.614715279423,
        "Shape_Area": 1058220.97267559
      },
      "geometry": {
        "type": "MultiPolygon",
        "coordinates": [
          [
            [
              [
                -122.18845877686246,
                47.430894741232535
              ],
              [
                -122.18846183488833,
                47.43076779074323
              ],
              [
                -122.18846313435297,
                47.43071386004172
              ],
              [
                -122.18846844981115,
                47.4304936793326
              ],
              [
                -122.18847234424916,
                47.43033234965816
              ],
              [
                -122.18869765064217,
                47.43033215957881
              ],
              [
                -122.18880678687405,
                47.43033206772866
              ],
              [
                -122.18913395427367,
                47.430331790834785
              ],
              [
                -122.18912696639153,
                47.430536569274324
              ],
              [
                -122.18912089771521,
                47.4307143602427
              ],
              [
                -122.18918373734382,
                47.43071462364154
              ],
              [
                -122.18944607107194,
                47.43071571835768
              ],
              [
                -122.18971240355727,
                47.430716829407025
              ],
              [
                -122.18977124467912,
                47.430717084533285
              ],
              [
                -122.18977169160588,
                47.430539245603725
              ],
              [
                -122.18977211790258,
                47.43036908390348
              ],
              [
                -122.18977124955805,
                47.430359999577014
              ],
              [
                -122.1897686155196,
                47.43035107310679
              ],
              [
                -122.18976426098341,
                47.43034246227751
              ],
              [
                -122.1897582628118,
                47.43033431909746
              ],
              [
                -122.18998977974346,
                47.430333757101934
              ],
              [
                -122.18998348186098,
                47.43034198980312
              ],
              [
                -122.18997887930523,
                47.430350723975906
              ],
              [
                -122.18997605673472,
                47.430359799382714
              ],
              [
                -122.18997506686158,
                47.43036905077072
              ],
              [
                -122.18997210806197,
                47.43078857647307
              ],
              [
                -122.19044965543681,
                47.43078596051353
              ],
              [
                -122.19045124999481,
                47.43071673523763
              ],
              [
                -122.19045513011498,
                47.43054570456295
              ],
              [
                -122.1904599444543,
                47.43033451822323
              ],
              [
                -122.19075176241213,
                47.43033663518168
              ],
              [
                -122.19114502103162,
                47.430336567955436
              ],
              [
                -122.19114550361934,
                47.43033656937356
              ],
              [
                -122.19178525243397,
                47.43033790756708
              ],
              [
                -122.19178510257092,
                47.430353446846276
              ],
              [
                -122.19177776538203,
                47.4307162241651
              ],
              [
                -122.19177626089427,
                47.43078864009891
              ],
              [
                -122.19177095081619,
                47.43105200973191
              ],
              [
                -122.19177045581955,
                47.431076500333056
              ],
              [
                -122.1917647454511,
                47.43135832147716
              ],
              [
                -122.19175959912013,
                47.43161127565447
              ],
              [
                -122.19176060962212,
                47.43163462555012
              ],
              [
                -122.19175485380886,
                47.43185753038123
              ],
              [
                -122.19174958456982,
                47.432060412009086
              ],
              [
                -122.19174807669182,
                47.432118942123026
              ],
              [
                -122.19174554873106,
                47.43225006408464
              ],
              [
                -122.1917416070363,
                47.432452712113985
              ],
              [
                -122.19174087069874,
                47.43253621062666
              ],
              [
                -122.1917369480171,
                47.43272868601865
              ],
              [
                -122.19173598022728,
                47.43277617905697
              ],
              [
                -122.1917330817908,
                47.43291874627176
              ],
              [
                -122.19173021952018,
                47.43305872947003
              ],
              [
                -122.19172940879334,
                47.43309748214129
              ],
              [
                -122.19172569046958,
                47.43328079559955
              ],
              [
                -122.19172555873301,
                47.43328806395643
              ],
              [
                -122.19172219512647,
                47.43345239929901
              ],
              [
                -122.19172201472101,
                47.43346095643242
              ],
              [
                -122.19171854128626,
                47.433631874392724
              ],
              [
                -122.1917184708396,
                47.433635383584885
              ],
              [
                -122.19171500434034,
                47.433805040256395
              ],
              [
                -122.19171144478304,
                47.433978866680626
              ],
              [
                -122.19171071654849,
                47.43401457419757
              ],
              [
                -122.19122772989208,
                47.434018904668974
              ],
              [
                -122.19090044459656,
                47.434021864078005
              ],
              [
                -122.19065586007363,
                47.434024050449246
              ],
              [
                -122.19039301322147,
                47.434026402652805
              ],
              [
                -122.19011267526055,
                47.43402890593736
              ],
              [
                -122.18998277909128,
                47.434029774451496
              ],
              [
                -122.18982605651495,
                47.43403082696517
              ],
              [
                -122.18956291361572,
                47.43403260325739
              ],
              [
                -122.18932130287297,
                47.43403423123082
              ],
              [
                -122.18905925009499,
                47.43403602030685
              ],
              [
                -122.18901880732696,
                47.43403628428076
              ],
              [
                -122.18851304364684,
                47.4340396970223
              ],
              [
                -122.18853056049383,
                47.43343944722044
              ],
              [
                -122.18839786847644,
                47.43343990835413
              ],
              [
                -122.18840189520755,
                47.433275894556445
              ],
              [
                -122.18840595667918,
                47.433111687834824
              ],
              [
                -122.18841058689759,
                47.432922604645
              ],
              [
                -122.18841297441037,
                47.432791979300454
              ],
              [
                -122.18841901883832,
                47.43254214705215
              ],
              [
                -122.18841927190617,
                47.432531669367684
              ],
              [
                -122.18842418874092,
                47.432327173021534
              ],
              [
                -122.18842874094818,
                47.432138256288205
              ],
              [
                -122.18843424189375,
                47.43191121499196
              ],
              [
                -122.18843905828119,
                47.43171214968745
              ],
              [
                -122.18844339198311,
                47.431531981242564
              ],
              [
                -122.18844767536916,
                47.43135447254543
              ],
              [
                -122.18845201096214,
                47.431174277091685
              ],
              [
                -122.18845830686472,
                47.4309140229582
              ],
              [
                -122.18845877686246,
                47.430894741232535
              ]
            ]
          ]
        ]
      }
    },
    {
      "type": "Feature",
      "properties": {
        "Neighborhood": "Shamrock Heights",
        "DataProvider": "Renton",
        "Edit_Date": "2017-04-19T00:00:00.000",
        "GlobalID": "{10882F81-4B79-46B0-9859-6466587CFB48}",
        "DataProvid": "Renton",
        "Shape_Length": 8453.437964611434,
        "Shape_Area": 1650777.7970873395
      },
      "geometry": {
        "type": "MultiPolygon",
        "coordinates": [
          [
            [
              [
                -122.1432477204849,
                47.49434950606212
              ],
              [
                -122.14324255429906,
                47.49405536199043
              ],
              [
                -122.14382489505665,
                47.49405994134912
              ],
              [
                -122.1438205442495,
                47.493813164503905
              ],
              [
                -122.1442491986713,
                47.49381649021545
              ],
              [
                -122.14424791843282,
                47.493743697555615
              ],
              [
                -122.14424560244902,
                47.493612115688116
              ],
              [
                -122.14424328645421,
                47.49348053292147
              ],
              [
                -122.14424270686344,
                47.49344765320403
              ],
              [
                -122.14424125691306,
                47.4933652038418
              ],
              [
                -122.1442010179133,
                47.49336488941698
              ],
              [
                -122.1439583372499,
                47.493362988173594
              ],
              [
                -122.1437156552999,
                47.493361087326186
              ],
              [
                -122.14347297336766,
                47.493359185960095
              ],
              [
                -122.14327075349459,
                47.49335760166808
              ],
              [
                -122.14323029012618,
                47.493357284090635
              ],
              [
                -122.14322684096102,
                47.49316055960629
              ],
              [
                -122.14322875203722,
                47.49314459271716
              ],
              [
                -122.14323434711436,
                47.49312902861037
              ],
              [
                -122.14324348729066,
                47.49311425570202
              ],
              [
                -122.14325594687548,
                47.493100641819815
              ],
              [
                -122.14327141188183,
                47.49308852702369
              ],
              [
                -122.14328949837726,
                47.49307821439869
              ],
              [
                -122.14330975486641,
                47.49306995923281
              ],
              [
                -122.14333167558269,
                47.493063969763384
              ],
              [
                -122.1433547160491,
                47.49306039260449
              ],
              [
                -122.14337829854341,
                47.49305931898103
              ],
              [
                -122.14347824366232,
                47.49306012855918
              ],
              [
                -122.14372092310869,
                47.49306209199683
              ],
              [
                -122.14396360259589,
                47.49306405581511
              ],
              [
                -122.14403234522702,
                47.49306461159253
              ],
              [
                -122.14403263305763,
                47.49297550965525
              ],
              [
                -122.14403215098767,
                47.49294808919062
              ],
              [
                -122.14403152381941,
                47.49291236019169
              ],
              [
                -122.14403132331046,
                47.49290100186194
              ],
              [
                -122.14402947551169,
                47.49279589517705
              ],
              [
                -122.14402706648772,
                47.49265879193965
              ],
              [
                -122.14402465612693,
                47.49252168781842
              ],
              [
                -122.14402224580142,
                47.49238458459676
              ],
              [
                -122.14402191784617,
                47.49236593673964
              ],
              [
                -122.14401983546591,
                47.49224748047594
              ],
              [
                -122.14401706307629,
                47.492089737248534
              ],
              [
                -122.14401657967318,
                47.49206231590021
              ],
              [
                -122.14400327500792,
                47.49200600181263
              ],
              [
                -122.14309570171085,
                47.49200876269759
              ],
              [
                -122.14307875870259,
                47.49107765898768
              ],
              [
                -122.14356787915722,
                47.491081591104596
              ],
              [
                -122.14366506316385,
                47.49108237296848
              ],
              [
                -122.14365519871043,
                47.49110400988222
              ],
              [
                -122.14367727616562,
                47.4911041877641
              ],
              [
                -122.14367621669192,
                47.49108246193327
              ],
              [
                -122.14367513514914,
                47.49106028027625
              ],
              [
                -122.14367446289259,
                47.4910219007731
              ],
              [
                -122.14367201758203,
                47.49088236193206
              ],
              [
                -122.14366977068538,
                47.490754206632566
              ],
              [
                -122.14368739029737,
                47.490754347804376
              ],
              [
                -122.14368971428657,
                47.490715258143425
              ],
              [
                -122.14369964954632,
                47.49054810809972
              ],
              [
                -122.14370571540596,
                47.49044607026337
              ],
              [
                -122.14371161630827,
                47.49037566044008
              ],
              [
                -122.14372613608948,
                47.49020240338541
              ],
              [
                -122.1439773593589,
                47.490204498694155
              ],
              [
                -122.14414915320387,
                47.49020593183359
              ],
              [
                -122.14427260173963,
                47.49020696133789
              ],
              [
                -122.14430091147574,
                47.49020719756598
              ],
              [
                -122.1443332673459,
                47.49020746712501
              ],
              [
                -122.14449365554738,
                47.49020880476099
              ],
              [
                -122.14458402076919,
                47.490209558421526
              ],
              [
                -122.14486713006575,
                47.49021191767179
              ],
              [
                -122.14512545544258,
                47.4902140705262
              ],
              [
                -122.14515023808364,
                47.490214277130775
              ],
              [
                -122.14543334743132,
                47.49021663496921
              ],
              [
                -122.14566591718149,
                47.49021857240573
              ],
              [
                -122.1457266027169,
                47.490219077218306
              ],
              [
                -122.14572132889417,
                47.489938020383896
              ],
              [
                -122.14572081409862,
                47.48991059939644
              ],
              [
                -122.14571864320311,
                47.489794893228506
              ],
              [
                -122.14571812843303,
                47.489767473140404
              ],
              [
                -122.14571444955239,
                47.48957142416841
              ],
              [
                -122.14571441880156,
                47.48956978011301
              ],
              [
                -122.14571084744021,
                47.48937947993948
              ],
              [
                -122.14570997106479,
                47.48933273050962
              ],
              [
                -122.14570724668128,
                47.489187535695706
              ],
              [
                -122.14570534659357,
                47.48908633463654
              ],
              [
                -122.14570364462206,
                47.488995591467635
              ],
              [
                -122.14570041162581,
                47.48882332462877
              ],
              [
                -122.1456997853046,
                47.4887899407933
              ],
              [
                -122.14569541228131,
                47.48855685742605
              ],
              [
                -122.14569520665282,
                47.48854588956774
              ],
              [
                -122.14569505141948,
                47.48853766301105
              ],
              [
                -122.14569489753559,
                47.488529437338315
              ],
              [
                -122.14575558008785,
                47.488529901666574
              ],
              [
                -122.1466658281282,
                47.488536876080914
              ],
              [
                -122.14698997390786,
                47.488539357001294
              ],
              [
                -122.14703042942284,
                47.48853966698981
              ],
              [
                -122.14703069510732,
                47.48855337693852
              ],
              [
                -122.14703095948775,
                47.48856708780195
              ],
              [
                -122.1470347597328,
                47.48876338815917
              ],
              [
                -122.14703908530048,
                47.4889869195754
              ],
              [
                -122.14703961670129,
                47.48901434037232
              ],
              [
                -122.14704089706413,
                47.489080506816066
              ],
              [
                -122.14704104404983,
                47.489088081281714
              ],
              [
                -122.14704169390791,
                47.489121627669434
              ],
              [
                -122.14704280129604,
                47.48917887149515
              ],
              [
                -122.14704598591092,
                47.48934340261827
              ],
              [
                -122.14704829431682,
                47.489462660498496
              ],
              [
                -122.14704917074972,
                47.48950794183544
              ],
              [
                -122.14705410302139,
                47.48976277391983
              ],
              [
                -122.14705463430205,
                47.48979018932111
              ],
              [
                -122.14705684109947,
                47.48990425247002
              ],
              [
                -122.14705737152225,
                47.489931633697736
              ],
              [
                -122.14705862246018,
                47.48999626132133
              ],
              [
                -122.14706315061181,
                47.490230198407396
              ],
              [
                -122.14680614593205,
                47.490228061667004
              ],
              [
                -122.14681355331214,
                47.49064261589581
              ],
              [
                -122.1468170941036,
                47.49084076157661
              ],
              [
                -122.14682003254416,
                47.491005238878195
              ],
              [
                -122.14682017907272,
                47.4910134286542
              ],
              [
                -122.14682078173188,
                47.49104716089996
              ],
              [
                -122.14682221896214,
                47.49112757559607
              ],
              [
                -122.14633443304129,
                47.49112450204393
              ],
              [
                -122.14629397690665,
                47.4911242466651
              ],
              [
                -122.14574291109759,
                47.49112077251604
              ],
              [
                -122.14574397190349,
                47.49117774970674
              ],
              [
                -122.14574473736705,
                47.491218823244616
              ],
              [
                -122.14575972600011,
                47.49202316453685
              ],
              [
                -122.1458818789162,
                47.49202411646234
              ],
              [
                -122.14608416660786,
                47.49202569256235
              ],
              [
                -122.14626420403341,
                47.49202709562008
              ],
              [
                -122.1462945467963,
                47.492027332140374
              ],
              [
                -122.1463248895595,
                47.49202756865254
              ],
              [
                -122.14722120843817,
                47.492034546583454
              ],
              [
                -122.14778576026829,
                47.49203893881552
              ],
              [
                -122.14839136657865,
                47.49204364613184
              ],
              [
                -122.14843425959126,
                47.49204397959297
              ],
              [
                -122.1484346721582,
                47.492064815126504
              ],
              [
                -122.14843499659786,
                47.49208115563554
              ],
              [
                -122.14843831841833,
                47.49224868345301
              ],
              [
                -122.14844103663376,
                47.49238574626612
              ],
              [
                -122.14844375484074,
                47.49252280818013
              ],
              [
                -122.14844647173521,
                47.49265987010971
              ],
              [
                -122.14844918999353,
                47.492796932923376
              ],
              [
                -122.14845190691653,
                47.4929339948533
              ],
              [
                -122.14845246391079,
                47.49296208373741
              ],
              [
                -122.14845462385382,
                47.493071056783435
              ],
              [
                -122.14845538198954,
                47.49310933275472
              ],
              [
                -122.14845734080538,
                47.493208118713746
              ],
              [
                -122.1484600591208,
                47.49334518152817
              ],
              [
                -122.1484627774278,
                47.49348224344345
              ],
              [
                -122.14846549574914,
                47.49361930535895
              ],
              [
                -122.14846821410742,
                47.49375636817392
              ],
              [
                -122.14847006253498,
                47.49384961676697
              ],
              [
                -122.14847093113038,
                47.49389343010517
              ],
              [
                -122.14847364949453,
                47.49403049202122
              ],
              [
                -122.14847636654609,
                47.49416755395279
              ],
              [
                -122.14847901575028,
                47.49430113533888
              ],
              [
                -122.148480799892,
                47.49439114892809
              ],
              [
                -122.14756134406605,
                47.494383817689695
              ],
              [
                -122.14709917286993,
                47.494380130324
              ],
              [
                -122.14703764260929,
                47.49437963866156
              ],
              [
                -122.14697611104549,
                47.49437914788041
              ],
              [
                -122.14621370854802,
                47.49437305963229
              ],
              [
                -122.14556412047605,
                47.49436786819523
              ],
              [
                -122.14549319238196,
                47.49436730080075
              ],
              [
                -122.14539221872576,
                47.49436649315842
              ],
              [
                -122.14522031568025,
                47.494365118775974
              ],
              [
                -122.14507848741897,
                47.49436398498984
              ],
              [
                -122.14504814314391,
                47.49436374184943
              ],
              [
                -122.1450352683676,
                47.49436363871322
              ],
              [
                -122.1450177988917,
                47.49436349960021
              ],
              [
                -122.1449874546172,
                47.494363256443634
              ],
              [
                -122.14482599293058,
                47.494361965041435
              ],
              [
                -122.14466378381313,
                47.49436066674971
              ],
              [
                -122.14465882268131,
                47.49436062689587
              ],
              [
                -122.14449165246322,
                47.49435928940355
              ],
              [
                -122.14446112905978,
                47.49435904817496
              ],
              [
                -122.14432448275106,
                47.494357971449844
              ],
              [
                -122.14428347028948,
                47.49435764888456
              ],
              [
                -122.14415731316032,
                47.49435665774658
              ],
              [
                -122.14399014225116,
                47.494355343812515
              ],
              [
                -122.14382297267731,
                47.494354029617035
              ],
              [
                -122.14366077751139,
                47.49435275491994
              ],
              [
                -122.14349858233084,
                47.49435147909181
              ],
              [
                -122.14329635049002,
                47.49434988864205
              ],
              [
                -122.1432477204849,
                47.49434950606212
              ]
            ]
          ]
        ]
      }
    },
    {
      "type": "Feature",
      "properties": {
        "Neighborhood": "Starwood",
        "DataProvider": "Renton",
        "Edit_Date": "2017-04-19T00:00:00.000",
        "GlobalID": "{E175D994-EEDE-4887-84DF-DA647784263F}",
        "DataProvid": "Renton",
        "Shape_Length": 2631.5074720021366,
        "Shape_Area": 438134.53435986384
      },
      "geometry": {
        "type": "MultiPolygon",
        "coordinates": [
          [
            [
              [
                -122.12436667055599,
                47.479609516137096
              ],
              [
                -122.12436460335101,
                47.47917243702994
              ],
              [
                -122.12449685031277,
                47.479172508784714
              ],
              [
                -122.12449684031846,
                47.47917183692412
              ],
              [
                -122.12471930713761,
                47.479175522950186
              ],
              [
                -122.1249215608063,
                47.47917887272434
              ],
              [
                -122.12512381450097,
                47.479182222138164
              ],
              [
                -122.12532609392888,
                47.47918687706609
              ],
              [
                -122.1255283733706,
                47.47919153073425
              ],
              [
                -122.12556878759668,
                47.4791924613593
              ],
              [
                -122.12586317406645,
                47.47919923403798
              ],
              [
                -122.12620330477432,
                47.479204194043334
              ],
              [
                -122.12689638500454,
                47.47921429774866
              ],
              [
                -122.12702925868084,
                47.479211649923876
              ],
              [
                -122.12707152839019,
                47.48100388052575
              ],
              [
                -122.12502469236159,
                47.48100386550506
              ],
              [
                -122.12450896637561,
                47.481003858048
              ],
              [
                -122.12445567666977,
                47.48098207316285
              ],
              [
                -122.12441764210195,
                47.48096652413129
              ],
              [
                -122.12442391575405,
                47.480948072881525
              ],
              [
                -122.12435572171799,
                47.48084548412549
              ],
              [
                -122.12435869307504,
                47.48048658367872
              ],
              [
                -122.12436667055599,
                47.479609516137096
              ]
            ]
          ]
        ]
      }
    },
    {
      "type": "Feature",
      "properties": {
        "Neighborhood": "North Renton",
        "DataProvider": "Renton",
        "Edit_Date": "2017-07-18T00:00:00.000",
        "GlobalID": "{FB122484-2812-444A-89F0-6CE39AA24D58}",
        "DataProvid": "Renton",
        "Shape_Length": 16674.87931394516,
        "Shape_Area": 18681605.6461066
      },
      "geometry": {
        "type": "MultiPolygon",
        "coordinates": [
          [
            [
              [
                -122.20588039323701,
                47.49562422308968
              ],
              [
                -122.20321684397652,
                47.49563510125073
              ],
              [
                -122.2022449667633,
                47.49565890438504
              ],
              [
                -122.19367756587856,
                47.49570905125558
              ],
              [
                -122.19292776720152,
                47.494575349649175
              ],
              [
                -122.19256434379074,
                47.494025445887566
              ],
              [
                -122.19242501162157,
                47.49377290035239
              ],
              [
                -122.19227361922923,
                47.49349842601803
              ],
              [
                -122.19214540714381,
                47.49321858097252
              ],
              [
                -122.19204078659752,
                47.49293426362137
              ],
              [
                -122.19196009306677,
                47.49264638671311
              ],
              [
                -122.19190358520133,
                47.49235587440828
              ],
              [
                -122.19187144399793,
                47.49206365931228
              ],
              [
                -122.19186377222529,
                47.4917706794811
              ],
              [
                -122.19187693743434,
                47.49168807883335
              ],
              [
                -122.19189260021973,
                47.49160567864382
              ],
              [
                -122.19191075397525,
                47.49152351360086
              ],
              [
                -122.1919313910475,
                47.49144161829365
              ],
              [
                -122.19195450273699,
                47.49136002719762
              ],
              [
                -122.19198007930301,
                47.49127877466
              ],
              [
                -122.19200810996695,
                47.49119789488537
              ],
              [
                -122.19207111420631,
                47.49104370952698
              ],
              [
                -122.19214378736697,
                47.49089149107605
              ],
              [
                -122.19222599644391,
                47.490741517943874
              ],
              [
                -122.19231759099458,
                47.490594064432614
              ],
              [
                -122.1924184034147,
                47.49044940023381
              ],
              [
                -122.19252824924386,
                47.490307789935045
              ],
              [
                -122.19264692750576,
                47.490169492536346
              ],
              [
                -122.19275173280069,
                47.490047743450106
              ],
              [
                -122.19285249638476,
                47.489924436850174
              ],
              [
                -122.19294916792732,
                47.48979963436279
              ],
              [
                -122.19304169914322,
                47.48967339836131
              ],
              [
                -122.19313004381841,
                47.48954579193517
              ],
              [
                -122.19321415783169,
                47.48941687885814
              ],
              [
                -122.19329399917716,
                47.48928672355662
              ],
              [
                -122.19334505796185,
                47.489163456909026
              ],
              [
                -122.19339223109239,
                47.48903948101827
              ],
              [
                -122.19343549718775,
                47.48891485214826
              ],
              [
                -122.1934748366411,
                47.48878962685885
              ],
              [
                -122.19351023162734,
                47.48866386198023
              ],
              [
                -122.19354166611241,
                47.488537614586996
              ],
              [
                -122.19356912585916,
                47.48841094197224
              ],
              [
                -122.19359897889386,
                47.488286332802566
              ],
              [
                -122.19363210793766,
                47.48816210459878
              ],
              [
                -122.19366850241592,
                47.488038296928806
              ],
              [
                -122.19370815071309,
                47.4879149492262
              ],
              [
                -122.19375104017804,
                47.48779210077781
              ],
              [
                -122.1937971571278,
                47.4876697907112
              ],
              [
                -122.19384648685082,
                47.48754805798214
              ],
              [
                -122.19393092740397,
                47.487373940281635
              ],
              [
                -122.19402391321556,
                47.4872018346677
              ],
              [
                -122.1941253401252,
                47.48703193377235
              ],
              [
                -122.19423509452876,
                47.48686442775814
              ],
              [
                -122.19435305350433,
                47.48669950410526
              ],
              [
                -122.19447908495115,
                47.4865373474019
              ],
              [
                -122.19461304773708,
                47.4863781391376
              ],
              [
                -122.19498398301457,
                47.4859781638551
              ],
              [
                -122.1953198527545,
                47.48562303909
              ],
              [
                -122.19673805043409,
                47.48411146829225
              ],
              [
                -122.19698088064882,
                47.484169892810854
              ],
              [
                -122.19711036759297,
                47.48419112804291
              ],
              [
                -122.19723161432518,
                47.48420513326839
              ],
              [
                -122.19724881711966,
                47.484207117047085
              ],
              [
                -122.19738810736943,
                47.48421658283081
              ],
              [
                -122.19745500865456,
                47.48421684399122
              ],
              [
                -122.19767330178654,
                47.48421769380098
              ],
              [
                -122.19782784664609,
                47.484211126020135
              ],
              [
                -122.19791712209042,
                47.48420281124836
              ],
              [
                -122.19802552629488,
                47.48419203188497
              ],
              [
                -122.19814355179305,
                47.484180294733406
              ],
              [
                -122.19928759997944,
                47.48405874448282
              ],
              [
                -122.199735767501,
                47.48400840768487
              ],
              [
                -122.19987514813918,
                47.483976595732145
              ],
              [
                -122.1999287683053,
                47.48396435733523
              ],
              [
                -122.2000465993037,
                47.48392669376065
              ],
              [
                -122.20021822396306,
                47.48385319167225
              ],
              [
                -122.20037502312432,
                47.48376392101905
              ],
              [
                -122.20059451556436,
                47.48362878561644
              ],
              [
                -122.20168811207546,
                47.48295547045172
              ],
              [
                -122.20222249086197,
                47.48262642282997
              ],
              [
                -122.20251250438993,
                47.482448145687094
              ],
              [
                -122.2025496572071,
                47.48242530699943
              ],
              [
                -122.2025953665365,
                47.4823972086924
              ],
              [
                -122.20261778826226,
                47.48238342563244
              ],
              [
                -122.20273733953091,
                47.48245587940398
              ],
              [
                -122.20297517858228,
                47.48258153732388
              ],
              [
                -122.20305203701251,
                47.482626416522116
              ],
              [
                -122.20315628865146,
                47.48268728977688
              ],
              [
                -122.20317486116124,
                47.48269813497875
              ],
              [
                -122.20337833163957,
                47.48279850133205
              ],
              [
                -122.20356543001498,
                47.48291715461788
              ],
              [
                -122.2037333762206,
                47.483001763926694
              ],
              [
                -122.20393148349866,
                47.4831117152202
              ],
              [
                -122.2041849729927,
                47.483244798451786
              ],
              [
                -122.20436312543676,
                47.483343565331886
              ],
              [
                -122.2045184632532,
                47.483429277553455
              ],
              [
                -122.20466939074505,
                47.4835074279025
              ],
              [
                -122.20480191548741,
                47.4835800871656
              ],
              [
                -122.20493288686966,
                47.48364705271306
              ],
              [
                -122.20501871799277,
                47.483696670939324
              ],
              [
                -122.20512969433803,
                47.48376082560627
              ],
              [
                -122.20525500089276,
                47.48382595483956
              ],
              [
                -122.20539033574168,
                47.483898579473006
              ],
              [
                -122.20554355591474,
                47.483983722206084
              ],
              [
                -122.20566389842432,
                47.484053671588235
              ],
              [
                -122.20575221178385,
                47.4841073469615
              ],
              [
                -122.20583322434796,
                47.48415040013666
              ],
              [
                -122.20588495045573,
                47.48418131220045
              ],
              [
                -122.20593376147035,
                47.484201548184906
              ],
              [
                -122.20598838583835,
                47.48424254004112
              ],
              [
                -122.2060739895258,
                47.48429327302537
              ],
              [
                -122.20617841317708,
                47.48435865380535
              ],
              [
                -122.20631140355391,
                47.484429932967494
              ],
              [
                -122.2063121474052,
                47.48447558668208
              ],
              [
                -122.206373366227,
                47.48451051548888
              ],
              [
                -122.20639155643741,
                47.484475631025674
              ],
              [
                -122.20648963921306,
                47.4845315508725
              ],
              [
                -122.20667512042904,
                47.48464165025339
              ],
              [
                -122.20685057539804,
                47.48474425390681
              ],
              [
                -122.20703172066311,
                47.4848496446063
              ],
              [
                -122.20735550362134,
                47.485038041020886
              ],
              [
                -122.20754783498248,
                47.485141392010334
              ],
              [
                -122.207793218854,
                47.485285990222835
              ],
              [
                -122.20800723993271,
                47.48541287804993
              ],
              [
                -122.20812029247377,
                47.485492434354754
              ],
              [
                -122.2083274951489,
                47.48562702092696
              ],
              [
                -122.20846396657926,
                47.485689156216594
              ],
              [
                -122.2085709525657,
                47.485698332185166
              ],
              [
                -122.20859020877535,
                47.485736181766164
              ],
              [
                -122.2087434041258,
                47.485793352635014
              ],
              [
                -122.20882970582764,
                47.48581706072658
              ],
              [
                -122.20899656408305,
                47.48593883465211
              ],
              [
                -122.20918772725597,
                47.48607834677266
              ],
              [
                -122.20930101030784,
                47.48616646675991
              ],
              [
                -122.20941669927898,
                47.486239324864464
              ],
              [
                -122.20952637090672,
                47.48629702319333
              ],
              [
                -122.20962827122436,
                47.48637956941724
              ],
              [
                -122.20976534892999,
                47.486464544302265
              ],
              [
                -122.20990388232481,
                47.48655140668862
              ],
              [
                -122.2100284748279,
                47.48664224500701
              ],
              [
                -122.210183407969,
                47.48676508574478
              ],
              [
                -122.21028714101519,
                47.486863793543264
              ],
              [
                -122.21033526023554,
                47.48693080621919
              ],
              [
                -122.21037633483681,
                47.48699695257279
              ],
              [
                -122.21042909023923,
                47.48702677784748
              ],
              [
                -122.21051414053933,
                47.487056212216245
              ],
              [
                -122.21059174643118,
                47.48712286706765
              ],
              [
                -122.21070701967916,
                47.487286174679085
              ],
              [
                -122.21085162789011,
                47.487443413880904
              ],
              [
                -122.21094007271067,
                47.48760133447454
              ],
              [
                -122.21101201776231,
                47.48771946884088
              ],
              [
                -122.21108333748172,
                47.48786712422981
              ],
              [
                -122.21116777248092,
                47.488032710086706
              ],
              [
                -122.2112544930544,
                47.48823158955134
              ],
              [
                -122.21132694572226,
                47.48842207453213
              ],
              [
                -122.21139110295518,
                47.48867073536825
              ],
              [
                -122.21142785438026,
                47.4888921189001
              ],
              [
                -122.2114634228202,
                47.48906876979016
              ],
              [
                -122.21153204216964,
                47.489273582060285
              ],
              [
                -122.21158709395954,
                47.489443332289945
              ],
              [
                -122.21165466266756,
                47.48966148545795
              ],
              [
                -122.21171072137771,
                47.489869305410124
              ],
              [
                -122.2117490967214,
                47.489992607537225
              ],
              [
                -122.21190306009302,
                47.49034395166936
              ],
              [
                -122.21198547409772,
                47.49053907502732
              ],
              [
                -122.21205372003588,
                47.490729610706914
              ],
              [
                -122.21214488621773,
                47.490937004123964
              ],
              [
                -122.21221386296426,
                47.491155139915094
              ],
              [
                -122.21227310645514,
                47.491323887199606
              ],
              [
                -122.21238780000272,
                47.491570981999324
              ],
              [
                -122.2124629948219,
                47.49175857598963
              ],
              [
                -122.21252201328488,
                47.4919187573788
              ],
              [
                -122.21254200454868,
                47.49198420649758
              ],
              [
                -122.2125761397872,
                47.4920532917165
              ],
              [
                -122.21260470764891,
                47.49212434987801
              ],
              [
                -122.2126770402865,
                47.49225675947464
              ],
              [
                -122.21272946166187,
                47.492379889773105
              ],
              [
                -122.21278632723404,
                47.492564851001525
              ],
              [
                -122.21282601485454,
                47.49273764358019
              ],
              [
                -122.21286532643161,
                47.49289615985225
              ],
              [
                -122.21293844604729,
                47.493111388764554
              ],
              [
                -122.21303682414742,
                47.49337867356858
              ],
              [
                -122.21311709156411,
                47.493598576110855
              ],
              [
                -122.21316989307323,
                47.49373598338386
              ],
              [
                -122.21326260004487,
                47.493948117892884
              ],
              [
                -122.21329468404305,
                47.494045790490034
              ],
              [
                -122.21328132663706,
                47.494124973039426
              ],
              [
                -122.21327381393012,
                47.494212653969406
              ],
              [
                -122.21327108688483,
                47.49426885882532
              ],
              [
                -122.21327512993615,
                47.4943154611182
              ],
              [
                -122.21330723288725,
                47.49436076970479
              ],
              [
                -122.2133388573649,
                47.4943879944002
              ],
              [
                -122.21336999902229,
                47.49446478743774
              ],
              [
                -122.21338995416569,
                47.494513997615115
              ],
              [
                -122.2076335203809,
                47.495598883821465
              ],
              [
                -122.20706168821788,
                47.49561503812837
              ],
              [
                -122.20588039323701,
                47.49562422308968
              ]
            ]
          ]
        ]
      }
    },
    {
      "type": "Feature",
      "properties": {
        "Neighborhood": "Woodbury Lane",
        "DataProvider": "Renton",
        "Edit_Date": "2017-04-19T00:00:00.000",
        "GlobalID": "{62FEAE07-853E-40BC-AC4D-69F68574A2D3}",
        "DataProvid": "Renton",
        "Shape_Length": 5368.869871770182,
        "Shape_Area": 1716306.1078407364
      },
      "geometry": {
        "type": "MultiPolygon",
        "coordinates": [
          [
            [
              [
                -122.19162509212715,
                47.441511444978644
              ],
              [
                -122.19165880937602,
                47.43780605109359
              ],
              [
                -122.1917628813231,
                47.43780374760711
              ],
              [
                -122.19176288455178,
                47.43780142576117
              ],
              [
                -122.19207457406584,
                47.43779589468723
              ],
              [
                -122.19235098890827,
                47.437790938378335
              ],
              [
                -122.19243424181042,
                47.43778944777805
              ],
              [
                -122.19263399125992,
                47.43778590244224
              ],
              [
                -122.19315753813073,
                47.43777652643413
              ],
              [
                -122.19324786031267,
                47.43777492348862
              ],
              [
                -122.19340200418517,
                47.43777217011665
              ],
              [
                -122.19390187965182,
                47.43776324005817
              ],
              [
                -122.19417401430564,
                47.437758384624196
              ],
              [
                -122.19432092780319,
                47.43775577253219
              ],
              [
                -122.1944602868461,
                47.437753277901265
              ],
              [
                -122.1944831501827,
                47.437752866771284
              ],
              [
                -122.19473617970719,
                47.43774834902614
              ],
              [
                -122.19476857431913,
                47.43774776765256
              ],
              [
                -122.19501978525848,
                47.43774327110471
              ],
              [
                -122.19558578547343,
                47.437733156463274
              ],
              [
                -122.19577575858425,
                47.437729750003186
              ],
              [
                -122.19634786023022,
                47.43771953127146
              ],
              [
                -122.19673289529808,
                47.43771262731514
              ],
              [
                -122.1968169140672,
                47.43771112428821
              ],
              [
                -122.19681688593981,
                47.43771349951138
              ],
              [
                -122.19702084538808,
                47.43771561624418
              ],
              [
                -122.19701434972056,
                47.43823768241236
              ],
              [
                -122.19700075994612,
                47.43961912043912
              ],
              [
                -122.19698587514719,
                47.441132126538484
              ],
              [
                -122.19681147891613,
                47.44112268336806
              ],
              [
                -122.1964144991266,
                47.44112169761158
              ],
              [
                -122.1963233941912,
                47.44112177773741
              ],
              [
                -122.19412365618527,
                47.44114337982408
              ],
              [
                -122.19412245321985,
                47.441378532942494
              ],
              [
                -122.19412216496703,
                47.44143502805021
              ],
              [
                -122.19405831064134,
                47.44148530775727
              ],
              [
                -122.19400150575582,
                47.441495983533464
              ],
              [
                -122.19382760004204,
                47.44149734459927
              ],
              [
                -122.19162509212715,
                47.441511444978644
              ]
            ]
          ]
        ]
      }
    },
    {
      "type": "Feature",
      "properties": {
        "Neighborhood": "Earlington Hill",
        "DataProvider": "Renton",
        "Edit_Date": "2017-04-19T00:00:00.000",
        "GlobalID": "{E70A11C8-3211-47FD-B8B8-1DFC240CC356}",
        "DataProvid": "Renton",
        "Shape_Length": 22661.96742510154,
        "Shape_Area": 16952874.4468719
      },
      "geometry": {
        "type": "MultiPolygon",
        "coordinates": [
          [
            [
              [
                -122.22004924336795,
                47.493428730795735
              ],
              [
                -122.21992277495335,
                47.49342611754104
              ],
              [
                -122.21991881180243,
                47.49350829612394
              ],
              [
                -122.21941095345952,
                47.49349700409954
              ],
              [
                -122.21917887862503,
                47.49349266384802
              ],
              [
                -122.21898588038498,
                47.4935085339317
              ],
              [
                -122.2188865282289,
                47.49315488870038
              ],
              [
                -122.21872881205323,
                47.492738412638566
              ],
              [
                -122.21842720068966,
                47.492057210259574
              ],
              [
                -122.218272532804,
                47.491707880038405
              ],
              [
                -122.21805044923595,
                47.49120627455877
              ],
              [
                -122.21787271857995,
                47.49060684598558
              ],
              [
                -122.2178603105585,
                47.49039896961372
              ],
              [
                -122.21787446442912,
                47.48998291613217
              ],
              [
                -122.21792174007895,
                47.48952218031332
              ],
              [
                -122.21795524172494,
                47.48897262210553
              ],
              [
                -122.21797047562148,
                47.48859619466371
              ],
              [
                -122.2179686718128,
                47.48810321094137
              ],
              [
                -122.21796255360924,
                47.48772946560943
              ],
              [
                -122.21789869314794,
                47.48702257038107
              ],
              [
                -122.21784385278198,
                47.48673067323446
              ],
              [
                -122.21778617322751,
                47.48645053496189
              ],
              [
                -122.2177072217571,
                47.48606708529243
              ],
              [
                -122.21758758819864,
                47.485488927566315
              ],
              [
                -122.21749907470743,
                47.48502603977641
              ],
              [
                -122.2174368785414,
                47.48465211735847
              ],
              [
                -122.21735131991076,
                47.4841400915298
              ],
              [
                -122.21728218713669,
                47.483684357405544
              ],
              [
                -122.2172254395282,
                47.483215168332514
              ],
              [
                -122.21719874261507,
                47.48289180500045
              ],
              [
                -122.21718772707322,
                47.48273629616734
              ],
              [
                -122.21717200450789,
                47.482297261121
              ],
              [
                -122.21716898336781,
                47.48199104756741
              ],
              [
                -122.21717888380135,
                47.48168585403697
              ],
              [
                -122.21720393693072,
                47.481353344349884
              ],
              [
                -122.2172202632895,
                47.481184741593836
              ],
              [
                -122.21725155771843,
                47.480861573531236
              ],
              [
                -122.21726066935594,
                47.48076255960218
              ],
              [
                -122.217278199672,
                47.480572077794776
              ],
              [
                -122.21726771807512,
                47.48043598536143
              ],
              [
                -122.21725206792021,
                47.480232765204285
              ],
              [
                -122.21720840683125,
                47.480056095909625
              ],
              [
                -122.21717843984864,
                47.47993483587177
              ],
              [
                -122.21710893970315,
                47.47975437227704
              ],
              [
                -122.2171083615715,
                47.479753337608365
              ],
              [
                -122.21719474936609,
                47.47975350692641
              ],
              [
                -122.21768442573483,
                47.47974856481313
              ],
              [
                -122.21820782287699,
                47.47973888486799
              ],
              [
                -122.21857296423552,
                47.47970764409555
              ],
              [
                -122.21900137447491,
                47.47964324207882
              ],
              [
                -122.21928351085613,
                47.4795776191017
              ],
              [
                -122.21947453887714,
                47.47952744744592
              ],
              [
                -122.21968439073898,
                47.479452864749675
              ],
              [
                -122.21995535787573,
                47.47933807573377
              ],
              [
                -122.22058248139238,
                47.479017859639676
              ],
              [
                -122.22097084082608,
                47.4788174232823
              ],
              [
                -122.22090587616408,
                47.47867486615278
              ],
              [
                -122.22090068099993,
                47.47861254804074
              ],
              [
                -122.22092565818419,
                47.478506208774974
              ],
              [
                -122.22096452437901,
                47.4784089078392
              ],
              [
                -122.22107141350594,
                47.47824716026609
              ],
              [
                -122.22119509710264,
                47.478098296169385
              ],
              [
                -122.2214870486571,
                47.477742966177125
              ],
              [
                -122.22174437425402,
                47.477423457583065
              ],
              [
                -122.22187111544287,
                47.47726608032321
              ],
              [
                -122.22225391735137,
                47.47681625635387
              ],
              [
                -122.22232252388594,
                47.47673762345791
              ],
              [
                -122.22247206744746,
                47.476566223486216
              ],
              [
                -122.22255198964703,
                47.4764547826583
              ],
              [
                -122.222636868567,
                47.47631927210099
              ],
              [
                -122.22268385325309,
                47.476137380423516
              ],
              [
                -122.22269119662836,
                47.47606236688541
              ],
              [
                -122.222674094507,
                47.47593271860222
              ],
              [
                -122.2226500534259,
                47.47586890314687
              ],
              [
                -122.2226213321827,
                47.47579266594867
              ],
              [
                -122.22258162377472,
                47.4757254628167
              ],
              [
                -122.22254649067071,
                47.475687467132985
              ],
              [
                -122.22237573592336,
                47.47550279627635
              ],
              [
                -122.22227295657852,
                47.475391639427784
              ],
              [
                -122.22234202157617,
                47.47536543133234
              ],
              [
                -122.22253988107873,
                47.475315928139636
              ],
              [
                -122.22274634049603,
                47.47528559470157
              ],
              [
                -122.22295686803677,
                47.475275046901466
              ],
              [
                -122.22308340262681,
                47.47528143817955
              ],
              [
                -122.22319376915938,
                47.47528701258138
              ],
              [
                -122.22348390966414,
                47.4753237164353
              ],
              [
                -122.22369550091683,
                47.47535322980892
              ],
              [
                -122.22390965372057,
                47.47542193777346
              ],
              [
                -122.22399400976535,
                47.47534400953204
              ],
              [
                -122.22404430113369,
                47.475153226599716
              ],
              [
                -122.22420238840692,
                47.47517681056655
              ],
              [
                -122.22435981797642,
                47.47520289242524
              ],
              [
                -122.22451658749888,
                47.475231483002396
              ],
              [
                -122.22467142199524,
                47.475262337051724
              ],
              [
                -122.22482854834858,
                47.47529464170966
              ],
              [
                -122.22531832729243,
                47.4753955585714
              ],
              [
                -122.22716282829985,
                47.47577988451086
              ],
              [
                -122.22760034645788,
                47.47587037933272
              ],
              [
                -122.22842551164558,
                47.47603969406175
              ],
              [
                -122.2293747300408,
                47.47623445560383
              ],
              [
                -122.22930443734728,
                47.476386466725295
              ],
              [
                -122.2295326677632,
                47.47650032298121
              ],
              [
                -122.22934646607453,
                47.47690299904319
              ],
              [
                -122.2290631224144,
                47.476908324324086
              ],
              [
                -122.2288659952828,
                47.47733460946718
              ],
              [
                -122.22873327834844,
                47.47761902222519
              ],
              [
                -122.22866576428832,
                47.47778600922658
              ],
              [
                -122.2290042733409,
                47.4778459957398
              ],
              [
                -122.22934134239358,
                47.47792433701189
              ],
              [
                -122.22969329855744,
                47.47802288324944
              ],
              [
                -122.22992838351459,
                47.47810401302361
              ],
              [
                -122.23024799697264,
                47.478217866162275
              ],
              [
                -122.23062365043639,
                47.47837115545343
              ],
              [
                -122.23089147705566,
                47.47849644386774
              ],
              [
                -122.23110524419151,
                47.47862642216497
              ],
              [
                -122.23151562209969,
                47.478875945034375
              ],
              [
                -122.23185958312585,
                47.479111232971285
              ],
              [
                -122.23221370476578,
                47.47936056315995
              ],
              [
                -122.23259607796554,
                47.479629778398824
              ],
              [
                -122.23277149305727,
                47.47975307924897
              ],
              [
                -122.23304704267017,
                47.47991727446766
              ],
              [
                -122.23326113336715,
                47.48004484565972
              ],
              [
                -122.23352003968255,
                47.48017276951446
              ],
              [
                -122.23382269264889,
                47.48032230804783
              ],
              [
                -122.23366815996997,
                47.48045409061563
              ],
              [
                -122.23362042901316,
                47.48043200719336
              ],
              [
                -122.23343457701844,
                47.48058374630318
              ],
              [
                -122.23330580475178,
                47.480688882409424
              ],
              [
                -122.2328097050078,
                47.48058403259421
              ],
              [
                -122.2324645332163,
                47.48051107999099
              ],
              [
                -122.23229160338593,
                47.48047453107451
              ],
              [
                -122.2322137413168,
                47.48064023547701
              ],
              [
                -122.23214008283729,
                47.48079699021245
              ],
              [
                -122.23206642526571,
                47.48095374578343
              ],
              [
                -122.23199276590087,
                47.481110500424066
              ],
              [
                -122.23191910611749,
                47.48126725591669
              ],
              [
                -122.23184544719398,
                47.48142401044623
              ],
              [
                -122.23177178652529,
                47.48158076584404
              ],
              [
                -122.23169812538983,
                47.481737520295205
              ],
              [
                -122.23162446516237,
                47.48189427558191
              ],
              [
                -122.23155080314159,
                47.48205102993828
              ],
              [
                -122.23147714202887,
                47.48220778513022
              ],
              [
                -122.23132029466585,
                47.48254155709251
              ],
              [
                -122.23123896136816,
                47.48271463243303
              ],
              [
                -122.23120197484344,
                47.482793338394124
              ],
              [
                -122.23109414214365,
                47.48277687697283
              ],
              [
                -122.23158534151011,
                47.48315956900271
              ],
              [
                -122.23199382187647,
                47.483477809089656
              ],
              [
                -122.23235728956766,
                47.48376097534175
              ],
              [
                -122.23237577831759,
                47.48377537923847
              ],
              [
                -122.23305847184945,
                47.4843072338416
              ],
              [
                -122.2330842470351,
                47.484321554077106
              ],
              [
                -122.233109475295,
                47.484335570693894
              ],
              [
                -122.23310696354147,
                47.48473941064127
              ],
              [
                -122.23310477062915,
                47.48509198283659
              ],
              [
                -122.23310332072913,
                47.48532507361936
              ],
              [
                -122.23310187081616,
                47.48555816440294
              ],
              [
                -122.23310033498714,
                47.48580496684094
              ],
              [
                -122.23309879914356,
                47.486051769279804
              ],
              [
                -122.2330984581325,
                47.48610661406287
              ],
              [
                -122.23309688007959,
                47.48636035013451
              ],
              [
                -122.23309585572949,
                47.48652488540027
              ],
              [
                -122.23285319697581,
                47.48652242488045
              ],
              [
                -122.23253503585862,
                47.486517218775944
              ],
              [
                -122.23204166193557,
                47.48650914388376
              ],
              [
                -122.23163725814281,
                47.486502523995654
              ],
              [
                -122.23123455654783,
                47.486495929385185
              ],
              [
                -122.23033027509682,
                47.4864811172531
              ],
              [
                -122.23003690284813,
                47.4864763106653
              ],
              [
                -122.2296729482295,
                47.48647034567161
              ],
              [
                -122.22930898971406,
                47.486464379560125
              ],
              [
                -122.22909052305015,
                47.48646079848027
              ],
              [
                -122.2289450392661,
                47.48645841308328
              ],
              [
                -122.22858108492132,
                47.486452445488645
              ],
              [
                -122.22821713063574,
                47.48644647582796
              ],
              [
                -122.22771751384134,
                47.486438279853374
              ],
              [
                -122.2274678688061,
                47.48643418353397
              ],
              [
                -122.22746744469632,
                47.48653946718439
              ],
              [
                -122.22746700256135,
                47.48664914103151
              ],
              [
                -122.22746545333897,
                47.48703298422626
              ],
              [
                -122.22700518369072,
                47.487026185555656
              ],
              [
                -122.22681719519282,
                47.48702473303808
              ],
              [
                -122.22672212313418,
                47.48702400010121
              ],
              [
                -122.22651393938938,
                47.4870223919492
              ],
              [
                -122.2264390652548,
                47.48702181390846
              ],
              [
                -122.22615600739921,
                47.487019627010035
              ],
              [
                -122.22615194551813,
                47.487019595883986
              ],
              [
                -122.22615108678441,
                47.4871917005925
              ],
              [
                -122.22566585513239,
                47.48718858157998
              ],
              [
                -122.2256644410305,
                47.487471888944086
              ],
              [
                -122.2256641631485,
                47.487527204217876
              ],
              [
                -122.2256625765052,
                47.4878449156181
              ],
              [
                -122.22595582177884,
                47.487846444475466
              ],
              [
                -122.22597952816643,
                47.48784656746639
              ],
              [
                -122.22612431771203,
                47.487847320785875
              ],
              [
                -122.22616476195493,
                47.487847531646814
              ],
              [
                -122.22624898604325,
                47.487847969971284
              ],
              [
                -122.22685553151291,
                47.487851126760624
              ],
              [
                -122.22746207575328,
                47.48785428122512
              ],
              [
                -122.22746091165176,
                47.48808729255954
              ],
              [
                -122.22746049847247,
                47.48816955029771
              ],
              [
                -122.22716121152327,
                47.488167980738154
              ],
              [
                -122.22693067899537,
                47.4881667718316
              ],
              [
                -122.22670014382469,
                47.48816556248949
              ],
              [
                -122.22646556821036,
                47.48816433209546
              ],
              [
                -122.22619863433452,
                47.48816293150143
              ],
              [
                -122.22597821362407,
                47.48816177291305
              ],
              [
                -122.22557979455841,
                47.488159679048955
              ],
              [
                -122.22532748551286,
                47.48815835252942
              ],
              [
                -122.22533131365418,
                47.48852924752202
              ],
              [
                -122.22533218020261,
                47.488613234714315
              ],
              [
                -122.22533319167178,
                47.48871120507287
              ],
              [
                -122.22533514184992,
                47.48890014251648
              ],
              [
                -122.22605544349588,
                47.48890449603684
              ],
              [
                -122.22644993148468,
                47.48890657537036
              ],
              [
                -122.22645255873941,
                47.48915400094413
              ],
              [
                -122.22645518336554,
                47.48940142655121
              ],
              [
                -122.22747396175161,
                47.48940679126972
              ],
              [
                -122.22748010075867,
                47.489984116392044
              ],
              [
                -122.22748258584133,
                47.490217796292356
              ],
              [
                -122.22748478808451,
                47.49042470801335
              ],
              [
                -122.22748744665738,
                47.490674806812144
              ],
              [
                -122.2274897773122,
                47.4908939189308
              ],
              [
                -122.22698555914285,
                47.49089476617147
              ],
              [
                -122.22695175659894,
                47.490894850070724
              ],
              [
                -122.22640720213786,
                47.490896186283436
              ],
              [
                -122.22621753875956,
                47.49089664947876
              ],
              [
                -122.22614886928139,
                47.490896819073164
              ],
              [
                -122.226048026908,
                47.49089706485817
              ],
              [
                -122.22566801540809,
                47.490897994531316
              ],
              [
                -122.22544464504588,
                47.49089854056958
              ],
              [
                -122.22490855507694,
                47.49089984856207
              ],
              [
                -122.2241733842111,
                47.490901637435606
              ],
              [
                -122.2229500872225,
                47.49089974841617
              ],
              [
                -122.2229496320507,
                47.49101437180757
              ],
              [
                -122.22294919591684,
                47.4911240310606
              ],
              [
                -122.22294770997082,
                47.491493668600654
              ],
              [
                -122.22294053949152,
                47.49192373602072
              ],
              [
                -122.22294041311956,
                47.49217244560999
              ],
              [
                -122.2229403016632,
                47.49239182677346
              ],
              [
                -122.22294024858829,
                47.492501517322935
              ],
              [
                -122.22294019285958,
                47.4926112079051
              ],
              [
                -122.22294013645964,
                47.49272087330724
              ],
              [
                -122.22294008213811,
                47.49283051709412
              ],
              [
                -122.22294002521053,
                47.49294016271216
              ],
              [
                -122.22293997093648,
                47.493049808297954
              ],
              [
                -122.22293991666217,
                47.49315945388386
              ],
              [
                -122.2229398597339,
                47.493269099502434
              ],
              [
                -122.22293980545913,
                47.49337874508865
              ],
              [
                -122.2229397485304,
                47.49348839070755
              ],
              [
                -122.22246946787666,
                47.49347868907744
              ],
              [
                -122.22234818127,
                47.493476187839896
              ],
              [
                -122.22194491602248,
                47.493467866315946
              ],
              [
                -122.22168279153611,
                47.493462455773944
              ],
              [
                -122.22164246452957,
                47.49346162471517
              ],
              [
                -122.2214321626006,
                47.49345728370529
              ],
              [
                -122.22112888268856,
                47.493451029276414
              ],
              [
                -122.2208656906581,
                47.49344559571516
              ],
              [
                -122.22085690442391,
                47.493445415226645
              ],
              [
                -122.22070336800974,
                47.4934422448507
              ],
              [
                -122.22039222616553,
                47.493435820049775
              ],
              [
                -122.22004924336795,
                47.493428730795735
              ]
            ]
          ]
        ]
      }
    },
    {
      "type": "Feature",
      "properties": {
        "Neighborhood": "Ellis Park",
        "DataProvider": "Renton",
        "Edit_Date": "2017-04-19T00:00:00.000",
        "GlobalID": "{811D96D8-A637-40E0-BF5F-B248D797AB00}",
        "DataProvid": "Renton",
        "Shape_Length": 1700.952919867398,
        "Shape_Area": 171275.54965759043
      },
      "geometry": {
        "type": "MultiPolygon",
        "coordinates": [
          [
            [
              [
                -122.14043673116194,
                47.492043898100654
              ],
              [
                -122.14043539341594,
                47.49197002664272
              ],
              [
                -122.14049422056529,
                47.49197044502363
              ],
              [
                -122.14175751507935,
                47.491981353491404
              ],
              [
                -122.14256045174378,
                47.49199793447672
              ],
              [
                -122.14256057157631,
                47.49207757452366
              ],
              [
                -122.14256519519873,
                47.49234085526269
              ],
              [
                -122.14256538764282,
                47.492351905132566
              ],
              [
                -122.14256981621409,
                47.4926041360331
              ],
              [
                -122.14256996139521,
                47.49261245715954
              ],
              [
                -122.14257020213458,
                47.49262617099211
              ],
              [
                -122.14257044291915,
                47.492639886623316
              ],
              [
                -122.14257443723093,
                47.492867415005605
              ],
              [
                -122.14257482175555,
                47.49288939420764
              ],
              [
                -122.14236313319424,
                47.49288662483086
              ],
              [
                -122.14233278728099,
                47.49288622806728
              ],
              [
                -122.14232267287632,
                47.492886096400284
              ],
              [
                -122.14227209545584,
                47.492885434515756
              ],
              [
                -122.14207003281234,
                47.492882792900495
              ],
              [
                -122.14178784080119,
                47.49287910077077
              ],
              [
                -122.14112177374584,
                47.49287038492777
              ],
              [
                -122.1408644576756,
                47.49286701746482
              ],
              [
                -122.14045153528576,
                47.492861610654735
              ],
              [
                -122.14044955975164,
                47.49275260224289
              ],
              [
                -122.1404486516354,
                47.49270238805611
              ],
              [
                -122.14044644285298,
                47.49258036559107
              ],
              [
                -122.14044567140796,
                47.49253782853746
              ],
              [
                -122.14044332336618,
                47.49240813076873
              ],
              [
                -122.14044269385305,
                47.49237326898854
              ],
              [
                -122.14044020655376,
                47.492235895916174
              ],
              [
                -122.14043981390806,
                47.49221419207861
              ],
              [
                -122.1404372261092,
                47.49207132560662
              ],
              [
                -122.14043683089065,
                47.49204941309917
              ],
              [
                -122.14043673116194,
                47.492043898100654
              ]
            ]
          ]
        ]
      }
    },
    {
      "type": "Feature",
      "properties": {
        "Neighborhood": "Glencoe",
        "DataProvider": "Renton",
        "Edit_Date": "2017-04-19T00:00:00.000",
        "GlobalID": "{73C7EB2D-532A-4578-8A0D-F75CBA98769B}",
        "DataProvid": "Renton",
        "Shape_Length": 21575.119614917352,
        "Shape_Area": 11561925.057295792
      },
      "geometry": {
        "type": "MultiPolygon",
        "coordinates": [
          [
            [
              [
                -122.16456084128379,
                47.515760912603454
              ],
              [
                -122.16443117091507,
                47.51576080136644
              ],
              [
                -122.16398595140568,
                47.51575811080334
              ],
              [
                -122.1633789705307,
                47.51575444046828
              ],
              [
                -122.16230413231152,
                47.515747931690896
              ],
              [
                -122.16188577695702,
                47.5157453953497
              ],
              [
                -122.1618694244809,
                47.51646749748911
              ],
              [
                -122.16152989173158,
                47.51646550680781
              ],
              [
                -122.16104009467689,
                47.516462633211916
              ],
              [
                -122.16058065595868,
                47.516459934418855
              ],
              [
                -122.16047751714227,
                47.516397481368664
              ],
              [
                -122.16037174739908,
                47.5163334370379
              ],
              [
                -122.15955649972693,
                47.51586906281191
              ],
              [
                -122.15921328290263,
                47.51567355921324
              ],
              [
                -122.15921491478178,
                47.51560281587107
              ],
              [
                -122.15848066971819,
                47.51518456494277
              ],
              [
                -122.1584249145045,
                47.5151525160032
              ],
              [
                -122.1584312210124,
                47.515146114846296
              ],
              [
                -122.15828363056788,
                47.51507918312721
              ],
              [
                -122.15815911999033,
                47.51502287492574
              ],
              [
                -122.1580298851812,
                47.51497168447481
              ],
              [
                -122.1578963848296,
                47.51492579262015
              ],
              [
                -122.15761696381071,
                47.51481224331085
              ],
              [
                -122.15728123895703,
                47.51466826406729
              ],
              [
                -122.15683271693219,
                47.51443962988759
              ],
              [
                -122.15678963348078,
                47.51448132505133
              ],
              [
                -122.15668079548274,
                47.514427263286436
              ],
              [
                -122.15657762708804,
                47.514368320865465
              ],
              [
                -122.15648060126148,
                47.514304769362006
              ],
              [
                -122.15639016894184,
                47.514236902196565
              ],
              [
                -122.15630674572209,
                47.5141650329921
              ],
              [
                -122.1562307157405,
                47.51408949193005
              ],
              [
                -122.15616243042182,
                47.51401062846351
              ],
              [
                -122.15610220570885,
                47.513928806850934
              ],
              [
                -122.15605031936241,
                47.51384440438868
              ],
              [
                -122.15600700958912,
                47.51375780962684
              ],
              [
                -122.15597247639232,
                47.51366942325348
              ],
              [
                -122.15594687875821,
                47.513579651829794
              ],
              [
                -122.15593211296998,
                47.5134986582179
              ],
              [
                -122.15576030326946,
                47.51346024105755
              ],
              [
                -122.15575856293869,
                47.51344293109374
              ],
              [
                -122.15579703795031,
                47.512965393167434
              ],
              [
                -122.15588802970252,
                47.512145149603406
              ],
              [
                -122.15610958543797,
                47.51013140033302
              ],
              [
                -122.15611823276357,
                47.5100527994876
              ],
              [
                -122.15612152152968,
                47.510021664826084
              ],
              [
                -122.15626461271198,
                47.51002095077553
              ],
              [
                -122.15629698849234,
                47.51002151459513
              ],
              [
                -122.15636384933342,
                47.51002267700678
              ],
              [
                -122.15670303899945,
                47.51002857188152
              ],
              [
                -122.15689107717813,
                47.510031839247965
              ],
              [
                -122.15694823092304,
                47.51003283377528
              ],
              [
                -122.15715381585454,
                47.510036405365284
              ],
              [
                -122.15721488540386,
                47.51003746746083
              ],
              [
                -122.15742463853906,
                47.51004111051567
              ],
              [
                -122.15750308213794,
                47.510042473657116
              ],
              [
                -122.15766716337244,
                47.510045324590266
              ],
              [
                -122.15779128158196,
                47.510047479091156
              ],
              [
                -122.15792585887498,
                47.510049819125534
              ],
              [
                -122.15807946812805,
                47.51005249653903
              ],
              [
                -122.15816837088185,
                47.510054046673645
              ],
              [
                -122.15836764960319,
                47.51005752051212
              ],
              [
                -122.15841088558271,
                47.510058273673025
              ],
              [
                -122.15869608904622,
                47.51006324340089
              ],
              [
                -122.15889818118984,
                47.51006676623775
              ],
              [
                -122.15930670367305,
                47.51007388252617
              ],
              [
                -122.1593072881458,
                47.509960506336206
              ],
              [
                -122.15930773285524,
                47.50987504547392
              ],
              [
                -122.15930828330976,
                47.509768684537825
              ],
              [
                -122.15930871008167,
                47.50968596397905
              ],
              [
                -122.1593092758576,
                47.50957686456933
              ],
              [
                -122.15930968995563,
                47.509496882453476
              ],
              [
                -122.15931024044792,
                47.50939052331634
              ],
              [
                -122.1593106672136,
                47.50930780275782
              ],
              [
                -122.15931131687842,
                47.509182164651165
              ],
              [
                -122.1593120531779,
                47.50911871469224
              ],
              [
                -122.15931349035048,
                47.508984992839736
              ],
              [
                -122.15931408492528,
                47.508929543523024
              ],
              [
                -122.15931499107954,
                47.508845313284446
              ],
              [
                -122.15931561012029,
                47.50878779826655
              ],
              [
                -122.15931637127225,
                47.50871697333245
              ],
              [
                -122.15931772717371,
                47.50859060192602
              ],
              [
                -122.15931843039203,
                47.50852532982213
              ],
              [
                -122.15931984691137,
                47.508393407353445
              ],
              [
                -122.15932092586155,
                47.50829300260575
              ],
              [
                -122.15902591041711,
                47.50828857369376
              ],
              [
                -122.15887580081346,
                47.50828631915272
              ],
              [
                -122.15869904552423,
                47.50828366471714
              ],
              [
                -122.15847194736189,
                47.50828025347181
              ],
              [
                -122.1584147563244,
                47.50827949405692
              ],
              [
                -122.15813174952348,
                47.50827573412274
              ],
              [
                -122.15785682563002,
                47.508272080718505
              ],
              [
                -122.15759336081705,
                47.508268060941745
              ],
              [
                -122.15727756753176,
                47.50826278128955
              ],
              [
                -122.1569963399989,
                47.50825807842473
              ],
              [
                -122.15659566928542,
                47.50825205444094
              ],
              [
                -122.15648811701206,
                47.50825043703002
              ],
              [
                -122.15628630811678,
                47.50824789981541
              ],
              [
                -122.15636579084389,
                47.507349447977816
              ],
              [
                -122.15641829004892,
                47.506787047291255
              ],
              [
                -122.15645584688974,
                47.506476119321945
              ],
              [
                -122.15666067005762,
                47.50648323852741
              ],
              [
                -122.15708489533857,
                47.50648812487539
              ],
              [
                -122.15754997543476,
                47.506493481406
              ],
              [
                -122.15761318573988,
                47.5064942088243
              ],
              [
                -122.15799786326389,
                47.50649863716379
              ],
              [
                -122.15804489851045,
                47.50649917879279
              ],
              [
                -122.15847661136335,
                47.50650414712028
              ],
              [
                -122.15890832429848,
                47.50650911380677
              ],
              [
                -122.15929528092772,
                47.50651356512589
              ],
              [
                -122.15933573194579,
                47.50651403017008
              ],
              [
                -122.15934019667394,
                47.506514080589824
              ],
              [
                -122.15969771678385,
                47.506518190570056
              ],
              [
                -122.1598816773508,
                47.50652030583313
              ],
              [
                -122.15990190284202,
                47.50652053735329
              ],
              [
                -122.15998035873851,
                47.506521439797645
              ],
              [
                -122.16026320521212,
                47.50652468953088
              ],
              [
                -122.16054604911227,
                47.50652794038937
              ],
              [
                -122.16082889300192,
                47.50653118874484
              ],
              [
                -122.16093288112472,
                47.50653238219131
              ],
              [
                -122.16111173692681,
                47.50653443639596
              ],
              [
                -122.16139458358715,
                47.506537685110246
              ],
              [
                -122.16167743023696,
                47.5065409313215
              ],
              [
                -122.16196027426753,
                47.506544176859414
              ],
              [
                -122.16224312103357,
                47.50654742346051
              ],
              [
                -122.16252597044341,
                47.5065506675275
              ],
              [
                -122.16280881723398,
                47.506553910921205
              ],
              [
                -122.16309166410566,
                47.50655715540908
              ],
              [
                -122.16318315313141,
                47.5065582034895
              ],
              [
                -122.16337531572204,
                47.50656040596022
              ],
              [
                -122.16365816266418,
                47.50656364903731
              ],
              [
                -122.16368905742468,
                47.506564003181765
              ],
              [
                -122.16394101224999,
                47.506566889580284
              ],
              [
                -122.16422386191695,
                47.506570131217444
              ],
              [
                -122.16456739888024,
                47.50657406590313
              ],
              [
                -122.16470434860634,
                47.506581363519956
              ],
              [
                -122.16470386581877,
                47.50388104744754
              ],
              [
                -122.16485348534306,
                47.5039367470762
              ],
              [
                -122.16499750921685,
                47.504004389183805
              ],
              [
                -122.16529738509561,
                47.50414522572399
              ],
              [
                -122.16577480123014,
                47.50436943695696
              ],
              [
                -122.16667719552902,
                47.504793228139526
              ],
              [
                -122.16694525181435,
                47.50491911251096
              ],
              [
                -122.16768843493747,
                47.50526812096395
              ],
              [
                -122.16816686175108,
                47.505475769161485
              ],
              [
                -122.16840671063618,
                47.50556285029308
              ],
              [
                -122.16866810776817,
                47.50563408974884
              ],
              [
                -122.16883146050034,
                47.505658551505874
              ],
              [
                -122.16927412269945,
                47.505710524474765
              ],
              [
                -122.17133215986746,
                47.505873943508156
              ],
              [
                -122.17194452261927,
                47.505925923418474
              ],
              [
                -122.17195093699178,
                47.50604798923774
              ],
              [
                -122.17195079562849,
                47.506075578133014
              ],
              [
                -122.17195017264284,
                47.50619734458614
              ],
              [
                -122.17194942293818,
                47.50634390928425
              ],
              [
                -122.17194928234561,
                47.506371373129724
              ],
              [
                -122.17194786752766,
                47.506647992551294
              ],
              [
                -122.17193726640544,
                47.506647887218556
              ],
              [
                -122.17192331087388,
                47.506647749457635
              ],
              [
                -122.17187961959183,
                47.50664731539172
              ],
              [
                -122.17172536088017,
                47.50664578347533
              ],
              [
                -122.17156353944847,
                47.50664417674586
              ],
              [
                -122.17140171667637,
                47.50664256890216
              ],
              [
                -122.17136125901145,
                47.50664216760313
              ],
              [
                -122.17131124665507,
                47.50664167105904
              ],
              [
                -122.17131065371358,
                47.50677873888547
              ],
              [
                -122.17130984074298,
                47.50696652186946
              ],
              [
                -122.1713094203785,
                47.507063545840495
              ],
              [
                -122.17130928601779,
                47.50709473204375
              ],
              [
                -122.17130666762932,
                47.50769982422935
              ],
              [
                -122.17130651498438,
                47.507735368182985
              ],
              [
                -122.17130645445899,
                47.50774925471506
              ],
              [
                -122.1713060265482,
                47.50784795108294
              ],
              [
                -122.17130568534519,
                47.50792684861232
              ],
              [
                -122.17130496824677,
                47.50809270785812
              ],
              [
                -122.17130434372514,
                47.50823723802153
              ],
              [
                -122.1713036312881,
                47.50840172716207
              ],
              [
                -122.17130348880919,
                47.50843466673037
              ],
              [
                -122.17113437713675,
                47.50843317129946
              ],
              [
                -122.17113357874153,
                47.50847428852047
              ],
              [
                -122.17113277901774,
                47.508515405757116
              ],
              [
                -122.17125493915931,
                47.50851648548781
              ],
              [
                -122.17125386021657,
                47.50883288095183
              ],
              [
                -122.17125120074334,
                47.50888295826345
              ],
              [
                -122.17124357502321,
                47.5089328008193
              ],
              [
                -122.17123101841817,
                47.50898218330837
              ],
              [
                -122.17096984324789,
                47.50898114512171
              ],
              [
                -122.17064924827186,
                47.50897987138155
              ],
              [
                -122.17044704417891,
                47.50897906683293
              ],
              [
                -122.17050398381073,
                47.509182381026186
              ],
              [
                -122.17055785457174,
                47.509374733144924
              ],
              [
                -122.17058130939532,
                47.509458479840916
              ],
              [
                -122.17061171840169,
                47.50956705833752
              ],
              [
                -122.1706655899806,
                47.509759411305076
              ],
              [
                -122.17071945460536,
                47.50995173644717
              ],
              [
                -122.17077331962741,
                47.51014406156409
              ],
              [
                -122.17015127653788,
                47.51014201428603
              ],
              [
                -122.16997538634267,
                47.51014143525479
              ],
              [
                -122.16997535711182,
                47.51014992757177
              ],
              [
                -122.16997531820776,
                47.510161460560674
              ],
              [
                -122.16997421527316,
                47.51022367274533
              ],
              [
                -122.16985282788045,
                47.51022254021671
              ],
              [
                -122.16985153713436,
                47.51030477821254
              ],
              [
                -122.16984776992014,
                47.510544713578206
              ],
              [
                -122.16984454284594,
                47.51075030227317
              ],
              [
                -122.16984131574632,
                47.5109558909684
              ],
              [
                -122.16983873408518,
                47.5111203633636
              ],
              [
                -122.16983550506885,
                47.51132598266682
              ],
              [
                -122.1698322779441,
                47.511531573161285
              ],
              [
                -122.16982691027287,
                47.51187399416637
              ],
              [
                -122.16982690719621,
                47.51187418491212
              ],
              [
                -122.17006968971423,
                47.511875933539514
              ],
              [
                -122.17006776129652,
                47.511998796587484
              ],
              [
                -122.17006501473853,
                47.51217669707131
              ],
              [
                -122.17006500950231,
                47.51217695890882
              ],
              [
                -122.17072252758953,
                47.51218012299626
              ],
              [
                -122.17093214098325,
                47.512181130503144
              ],
              [
                -122.17098230157775,
                47.51235967543999
              ],
              [
                -122.171090320109,
                47.51274410619705
              ],
              [
                -122.17117014829077,
                47.513027938561905
              ],
              [
                -122.17108595664658,
                47.5131084759247
              ],
              [
                -122.17100456350687,
                47.51318631392647
              ],
              [
                -122.17078538253666,
                47.513395922988956
              ],
              [
                -122.17069857748083,
                47.513476494423415
              ],
              [
                -122.17061733972793,
                47.51355375727632
              ],
              [
                -122.16997573406867,
                47.51354671416402
              ],
              [
                -122.16963178798407,
                47.51354925994136
              ],
              [
                -122.16944852983775,
                47.51350094712656
              ],
              [
                -122.16890643889869,
                47.51322638973436
              ],
              [
                -122.16854446605396,
                47.51303265135849
              ],
              [
                -122.16822772924445,
                47.512863122961896
              ],
              [
                -122.16792297719002,
                47.51270000626978
              ],
              [
                -122.16776983620662,
                47.512643286626485
              ],
              [
                -122.16755893935886,
                47.51259048193468
              ],
              [
                -122.1674291980415,
                47.512568666552546
              ],
              [
                -122.16735414674902,
                47.51255604730295
              ],
              [
                -122.16734537404943,
                47.51255552423974
              ],
              [
                -122.16722909357675,
                47.512619945504895
              ],
              [
                -122.16726105860029,
                47.51262021238554
              ],
              [
                -122.1673015055846,
                47.51262110739108
              ],
              [
                -122.16734246412398,
                47.51262305427153
              ],
              [
                -122.16734178780483,
                47.51265053697036
              ],
              [
                -122.16733577105809,
                47.51289486326855
              ],
              [
                -122.16750873462216,
                47.512896788853745
              ],
              [
                -122.16764347896708,
                47.51297148434846
              ],
              [
                -122.1676437429552,
                47.51297163057627
              ],
              [
                -122.16780346185685,
                47.51306017017224
              ],
              [
                -122.16773918428692,
                47.513113413657834
              ],
              [
                -122.16757268253019,
                47.51311211867107
              ],
              [
                -122.1673258629191,
                47.51311019885739
              ],
              [
                -122.16725096747453,
                47.51310961578444
              ],
              [
                -122.16725017197811,
                47.513109609834395
              ],
              [
                -122.16725305887394,
                47.51294895989123
              ],
              [
                -122.16725330568019,
                47.51293525379904
              ],
              [
                -122.16725355115892,
                47.512921547722414
              ],
              [
                -122.16725407950811,
                47.51290784372103
              ],
              [
                -122.16689803457912,
                47.51290487134751
              ],
              [
                -122.16689399859307,
                47.51290483777408
              ],
              [
                -122.16668359723998,
                47.512903079989464
              ],
              [
                -122.16654198834037,
                47.51290189697422
              ],
              [
                -122.16624259739426,
                47.51289939547212
              ],
              [
                -122.16618594349268,
                47.512898922368635
              ],
              [
                -122.16582989868553,
                47.512895946647035
              ],
              [
                -122.16547385256872,
                47.512892968925705
              ],
              [
                -122.16511780784299,
                47.51288999097205
              ],
              [
                -122.16474555013191,
                47.51288687541539
              ],
              [
                -122.16463091300791,
                47.51289033678045
              ],
              [
                -122.16462373541582,
                47.51340698053958
              ],
              [
                -122.16461839660039,
                47.51352824429827
              ],
              [
                -122.16472972729315,
                47.51352607122697
              ],
              [
                -122.1653366792434,
                47.513529406036604
              ],
              [
                -122.16584247213669,
                47.51353218197288
              ],
              [
                -122.16622687544903,
                47.513534289666524
              ],
              [
                -122.16622428657031,
                47.51364653004406
              ],
              [
                -122.16622063095991,
                47.51380502367389
              ],
              [
                -122.16626063272274,
                47.51380534855891
              ],
              [
                -122.16667810115986,
                47.51380873091504
              ],
              [
                -122.16691019499548,
                47.51381061097749
              ],
              [
                -122.1671138427205,
                47.51381226058314
              ],
              [
                -122.16731785567893,
                47.51381391273077
              ],
              [
                -122.16756063131555,
                47.51381587830667
              ],
              [
                -122.16776468414751,
                47.51381753008329
              ],
              [
                -122.16796833192655,
                47.513819178157
              ],
              [
                -122.16834054760913,
                47.51382218927116
              ],
              [
                -122.16897633679808,
                47.51382732919572
              ],
              [
                -122.16918977393657,
                47.513829054269806
              ],
              [
                -122.16945925608502,
                47.51383123152933
              ],
              [
                -122.16991732304949,
                47.51383493040469
              ],
              [
                -122.16991120123531,
                47.51422711120599
              ],
              [
                -122.16990725579156,
                47.51446921035299
              ],
              [
                -122.16990336944023,
                47.51470786703651
              ],
              [
                -122.16989761023197,
                47.515061476158756
              ],
              [
                -122.169895726911,
                47.51517710699899
              ],
              [
                -122.16941523194542,
                47.515173474715645
              ],
              [
                -122.168923013931,
                47.51516975155704
              ],
              [
                -122.16468948684343,
                47.51513763834841
              ],
              [
                -122.16468953605758,
                47.51513566590893
              ],
              [
                -122.16458160634664,
                47.51513247716938
              ],
              [
                -122.16456084128379,
                47.515760912603454
              ]
            ]
          ]
        ]
      }
    },
    {
      "type": "Feature",
      "properties": {
        "Neighborhood": "The Pointe",
        "DataProvider": "Renton",
        "Edit_Date": "2018-12-26T00:00:00.000",
        "GlobalID": "{DA70C393-8B6B-43E2-A22D-037A94A17A5B}",
        "DataProvid": "Renton",
        "Shape_Length": 6009.5123458395465,
        "Shape_Area": 1538117.7456903886
      },
      "geometry": {
        "type": "MultiPolygon",
        "coordinates": [
          [
            [
              [
                -122.20651642275057,
                47.44479287016693
              ],
              [
                -122.20758970385066,
                47.44474080218523
              ],
              [
                -122.20896339155915,
                47.444739522886756
              ],
              [
                -122.20893904588142,
                47.44506814698581
              ],
              [
                -122.20893365196854,
                47.445145359513425
              ],
              [
                -122.20923661549072,
                47.445147527746755
              ],
              [
                -122.20943241581355,
                47.44514710011249
              ],
              [
                -122.2094218341668,
                47.44523217766973
              ],
              [
                -122.20911021413998,
                47.44838268473592
              ],
              [
                -122.20808248502713,
                47.44838719761784
              ],
              [
                -122.20791952497976,
                47.44838791211252
              ],
              [
                -122.20750755281388,
                47.44838971807697
              ],
              [
                -122.20752808247042,
                47.44747750560419
              ],
              [
                -122.20617707175715,
                47.44752976915557
              ],
              [
                -122.20591909535659,
                47.44753934010005
              ],
              [
                -122.20220023597639,
                47.447681901221955
              ],
              [
                -122.2022135079567,
                47.447021738818044
              ],
              [
                -122.2022156189541,
                47.44691675316148
              ],
              [
                -122.20246793431312,
                47.44683797155882
              ],
              [
                -122.20256695757769,
                47.44679680919379
              ],
              [
                -122.20266151000517,
                47.44675106440213
              ],
              [
                -122.20275113158242,
                47.446700959745655
              ],
              [
                -122.2028353862906,
                47.44664673899747
              ],
              [
                -122.20291386422531,
                47.446588665955815
              ],
              [
                -122.202986183592,
                47.446527023160485
              ],
              [
                -122.2030519925627,
                47.44646211051793
              ],
              [
                -122.20311097098741,
                47.44639424384208
              ],
              [
                -122.2031628319519,
                47.44632375331759
              ],
              [
                -122.20320732317253,
                47.446250981893265
              ],
              [
                -122.20324422822402,
                47.44617628361347
              ],
              [
                -122.20328234465768,
                47.44608924147631
              ],
              [
                -122.20333930378827,
                47.44595916617015
              ],
              [
                -122.20338928395864,
                47.44584502571267
              ],
              [
                -122.20526103647279,
                47.445759021941754
              ],
              [
                -122.20524838446198,
                47.44485399816586
              ],
              [
                -122.20651642275057,
                47.44479287016693
              ]
            ]
          ]
        ]
      }
    },
    {
      "type": "Feature",
      "properties": {
        "Neighborhood": "Monterrey Terrace",
        "DataProvider": "Renton",
        "Edit_Date": "2017-04-19T00:00:00.000",
        "GlobalID": "{03604E8C-218C-4B67-89C0-631DD4A7674B}",
        "DataProvid": "Renton",
        "Shape_Length": 3379.578970085744,
        "Shape_Area": 753077.583909467
      },
      "geometry": {
        "type": "MultiPolygon",
        "coordinates": [
          [
            [
              [
                -122.18991735335725,
                47.48338106965466
              ],
              [
                -122.18992798280766,
                47.48317553316696
              ],
              [
                -122.18993861482757,
                47.48296999664722
              ],
              [
                -122.18994968625536,
                47.48275594847285
              ],
              [
                -122.18995275336951,
                47.48269662068428
              ],
              [
                -122.18995947521589,
                47.482640257402494
              ],
              [
                -122.18997374342497,
                47.482584543381996
              ],
              [
                -122.18999544133813,
                47.4825299432962
              ],
              [
                -122.19002438829418,
                47.482476909988065
              ],
              [
                -122.19004909266721,
                47.48244060914006
              ],
              [
                -122.19007719763103,
                47.482405462279296
              ],
              [
                -122.19019668688492,
                47.48226689526833
              ],
              [
                -122.19044979185362,
                47.481972971363795
              ],
              [
                -122.1906622640653,
                47.48197106237046
              ],
              [
                -122.19094520214463,
                47.481968520711256
              ],
              [
                -122.19097969875887,
                47.48196821066898
              ],
              [
                -122.1912036388954,
                47.481966199481384
              ],
              [
                -122.1912856999926,
                47.481965460677664
              ],
              [
                -122.19158900272707,
                47.481962734954664
              ],
              [
                -122.19189230538292,
                47.4819600066227
              ],
              [
                -122.19207805264729,
                47.48195833567297
              ],
              [
                -122.19219560540078,
                47.48195727931074
              ],
              [
                -122.19232330464015,
                47.48195613013572
              ],
              [
                -122.19267813855335,
                47.481952937465124
              ],
              [
                -122.19329186533376,
                47.48194741223518
              ],
              [
                -122.19329103525399,
                47.4821333217456
              ],
              [
                -122.1932890863296,
                47.482570313247045
              ],
              [
                -122.19328817131313,
                47.48277587055754
              ],
              [
                -122.19328725363626,
                47.48298142790056
              ],
              [
                -122.19328633855852,
                47.48318698341382
              ],
              [
                -122.19324589883517,
                47.48318689216985
              ],
              [
                -122.19324498363774,
                47.48339244948206
              ],
              [
                -122.19324406843307,
                47.48359800679497
              ],
              [
                -122.19324315322125,
                47.48380356410858
              ],
              [
                -122.19324238775692,
                47.483975162362796
              ],
              [
                -122.19324310059912,
                47.48400912188384
              ],
              [
                -122.19324988880413,
                47.48407820730522
              ],
              [
                -122.19326380642161,
                47.48414680070566
              ],
              [
                -122.19328457177286,
                47.48421397169571
              ],
              [
                -122.19332343422296,
                47.4843209930682
              ],
              [
                -122.19316636064568,
                47.48434716161249
              ],
              [
                -122.1932160372958,
                47.484483964438155
              ],
              [
                -122.19323884689608,
                47.48454677678203
              ],
              [
                -122.19284616087522,
                47.48461219834221
              ],
              [
                -122.19260561772599,
                47.48463786613638
              ],
              [
                -122.1926060623514,
                47.484639090535104
              ],
              [
                -122.19214592105237,
                47.484680512409035
              ],
              [
                -122.19197102969152,
                47.48467248551575
              ],
              [
                -122.19179704965188,
                47.48465797048909
              ],
              [
                -122.19168440960351,
                47.484645038520455
              ],
              [
                -122.19157252421178,
                47.48462938608441
              ],
              [
                -122.19145390960729,
                47.484609666995965
              ],
              [
                -122.19128578200234,
                47.48457602452091
              ],
              [
                -122.19112062781672,
                47.4845361841282
              ],
              [
                -122.19097213987918,
                47.48449428024792
              ],
              [
                -122.19088606635917,
                47.48446720235257
              ],
              [
                -122.19080121683346,
                47.484438404157224
              ],
              [
                -122.1906479233171,
                47.484380760748174
              ],
              [
                -122.1904995216809,
                47.48431750645867
              ],
              [
                -122.19040633134378,
                47.484273684900565
              ],
              [
                -122.19031549350177,
                47.484227649172894
              ],
              [
                -122.1901768347108,
                47.484150419116034
              ],
              [
                -122.18992842546852,
                47.48411010042518
              ],
              [
                -122.18994760130262,
                47.48403447679132
              ],
              [
                -122.18995684047691,
                47.483957999465204
              ],
              [
                -122.18995606972693,
                47.48388126844383
              ],
              [
                -122.18994603136083,
                47.48380848487735
              ],
              [
                -122.18990704121533,
                47.48361442447235
              ],
              [
                -122.18990600625864,
                47.48360044841552
              ],
              [
                -122.18990672116978,
                47.48358660617374
              ],
              [
                -122.18991735335725,
                47.48338106965466
              ]
            ]
          ]
        ]
      }
    },
    {
      "type": "Feature",
      "properties": {
        "Neighborhood": "Clover Creek",
        "DataProvider": "Renton",
        "Edit_Date": "2017-04-19T00:00:00.000",
        "GlobalID": "{8D5DDDE9-BA52-482D-838E-36EFD1C9A4F8}",
        "DataProvid": "Renton",
        "Shape_Length": 99.6621233667882,
        "Shape_Area": 0.1917441960607702
      },
      "geometry": {
        "type": "MultiPolygon",
        "coordinates": [
          [
            [
              [
                -122.20238585131591,
                47.51661736553094
              ],
              [
                -122.20258750561806,
                47.516617117178384
              ],
              [
                -122.20246386533975,
                47.51661729059116
              ],
              [
                -122.20238585131591,
                47.51661736553094
              ]
            ]
          ]
        ]
      }
    },
    {
      "type": "Feature",
      "properties": {
        "Neighborhood": "May Creek",
        "DataProvider": "Renton",
        "Edit_Date": "2017-04-19T00:00:00.000",
        "GlobalID": "{1DAC5CE2-37ED-4478-A828-32EACC8072C5}",
        "DataProvid": "Renton",
        "Shape_Length": 2835.539359464379,
        "Shape_Area": 497557.63656930014
      },
      "geometry": {
        "type": "MultiPolygon",
        "coordinates": [
          [
            [
              [
                -122.15628530530545,
                47.50825923709135
              ],
              [
                -122.15628630811678,
                47.50824789981541
              ],
              [
                -122.15648811701206,
                47.50825043703002
              ],
              [
                -122.1569963399989,
                47.50825807842473
              ],
              [
                -122.15727756753176,
                47.50826278128955
              ],
              [
                -122.15759336081705,
                47.508268060941745
              ],
              [
                -122.15785682563002,
                47.508272080718505
              ],
              [
                -122.15813174952348,
                47.50827573412274
              ],
              [
                -122.1584147563244,
                47.50827949405692
              ],
              [
                -122.15847194736189,
                47.50828025347181
              ],
              [
                -122.15869904552423,
                47.50828366471714
              ],
              [
                -122.15887580081346,
                47.50828631915272
              ],
              [
                -122.15902591041711,
                47.50828857369376
              ],
              [
                -122.15932092586155,
                47.50829300260575
              ],
              [
                -122.15931984691137,
                47.508393407353445
              ],
              [
                -122.15931843039203,
                47.50852532982213
              ],
              [
                -122.15931772717371,
                47.50859060192602
              ],
              [
                -122.15931637127225,
                47.50871697333245
              ],
              [
                -122.15931561012029,
                47.50878779826655
              ],
              [
                -122.15931499107954,
                47.508845313284446
              ],
              [
                -122.15931408492528,
                47.508929543523024
              ],
              [
                -122.15931349035048,
                47.508984992839736
              ],
              [
                -122.1593120531779,
                47.50911871469224
              ],
              [
                -122.15931131687842,
                47.509182164651165
              ],
              [
                -122.1593106672136,
                47.50930780275782
              ],
              [
                -122.15931024044792,
                47.50939052331634
              ],
              [
                -122.15930968995563,
                47.509496882453476
              ],
              [
                -122.1593092758576,
                47.50957686456933
              ],
              [
                -122.15930871008167,
                47.50968596397905
              ],
              [
                -122.15930828330976,
                47.509768684537825
              ],
              [
                -122.15930773285524,
                47.50987504547392
              ],
              [
                -122.1593072881458,
                47.509960506336206
              ],
              [
                -122.15930670367305,
                47.51007388252617
              ],
              [
                -122.15889818118984,
                47.51006676623775
              ],
              [
                -122.15869608904622,
                47.51006324340089
              ],
              [
                -122.15841088558271,
                47.510058273673025
              ],
              [
                -122.15836764960319,
                47.51005752051212
              ],
              [
                -122.15816837088185,
                47.510054046673645
              ],
              [
                -122.15807946812805,
                47.51005249653903
              ],
              [
                -122.15792585887498,
                47.510049819125534
              ],
              [
                -122.15779128158196,
                47.510047479091156
              ],
              [
                -122.15766716337244,
                47.510045324590266
              ],
              [
                -122.15750308213794,
                47.510042473657116
              ],
              [
                -122.15742463853906,
                47.51004111051567
              ],
              [
                -122.15721488540386,
                47.51003746746083
              ],
              [
                -122.15715381585454,
                47.510036405365284
              ],
              [
                -122.15694823092304,
                47.51003283377528
              ],
              [
                -122.15689107717813,
                47.510031839247965
              ],
              [
                -122.15670303899945,
                47.51002857188152
              ],
              [
                -122.15636384933342,
                47.51002267700678
              ],
              [
                -122.15629698849234,
                47.51002151459513
              ],
              [
                -122.15626461271198,
                47.51002095077553
              ],
              [
                -122.15612152152968,
                47.510021664826084
              ],
              [
                -122.15616921479551,
                47.509570105998854
              ],
              [
                -122.15620974405611,
                47.5091124640346
              ],
              [
                -122.15628530530545,
                47.50825923709135
              ]
            ]
          ]
        ]
      }
    },
    {
      "type": "Feature",
      "properties": {
        "Neighborhood": "Saddlebrook",
        "DataProvider": "Renton",
        "Edit_Date": "2017-04-19T00:00:00.000",
        "GlobalID": "{DC1246FC-D36E-41B1-AC8D-CE36220672D0}",
        "DataProvid": "Renton",
        "Shape_Length": 2234.996864210324,
        "Shape_Area": 243384.20118300788
      },
      "geometry": {
        "type": "MultiPolygon",
        "coordinates": [
          [
            [
              [
                -122.12971223273257,
                47.482004764117214
              ],
              [
                -122.12971205996439,
                47.48199621032728
              ],
              [
                -122.12983082201156,
                47.481997584997806
              ],
              [
                -122.12987001642469,
                47.481998143935364
              ],
              [
                -122.13015321565904,
                47.48200218723309
              ],
              [
                -122.1304364401205,
                47.482006228637054
              ],
              [
                -122.13071966604181,
                47.48201027291644
              ],
              [
                -122.13100289182812,
                47.482014309294726
              ],
              [
                -122.13128611765823,
                47.48201834496643
              ],
              [
                -122.13132647229583,
                47.48201891982045
              ],
              [
                -122.1315693421384,
                47.482022377248754
              ],
              [
                -122.13160960517922,
                47.482022950351066
              ],
              [
                -122.13217594939177,
                47.482031010196856
              ],
              [
                -122.13221631996817,
                47.48203158455243
              ],
              [
                -122.13236233328718,
                47.48203328253501
              ],
              [
                -122.1323732254621,
                47.483307050682924
              ],
              [
                -122.13233657222266,
                47.483306637134206
              ],
              [
                -122.13223217167699,
                47.48330546144358
              ],
              [
                -122.13223176389812,
                47.48327272462214
              ],
              [
                -122.13223175827666,
                47.483272285698504
              ],
              [
                -122.13221150159174,
                47.483271975048446
              ],
              [
                -122.132171050597,
                47.48327135392339
              ],
              [
                -122.13183884432557,
                47.48326625337308
              ],
              [
                -122.13136595776457,
                47.48325899053997
              ],
              [
                -122.13136299580111,
                47.48302135923643
              ],
              [
                -122.13136251668266,
                47.48298296047002
              ],
              [
                -122.1313619765853,
                47.482939071453885
              ],
              [
                -122.13136156527639,
                47.48290243775899
              ],
              [
                -122.13130652385745,
                47.482901591859545
              ],
              [
                -122.13102330397292,
                47.482897241268056
              ],
              [
                -122.13074008348705,
                47.48289286388999
              ],
              [
                -122.13045686363009,
                47.4828885091874
              ],
              [
                -122.13017364220316,
                47.48288414210235
              ],
              [
                -122.12989041153719,
                47.48287977441679
              ],
              [
                -122.12985222823266,
                47.48287918593881
              ],
              [
                -122.12972982221953,
                47.48287351338252
              ],
              [
                -122.12971223273257,
                47.482004764117214
              ]
            ]
          ]
        ]
      }
    },
    {
      "type": "Feature",
      "properties": {
        "Neighborhood": "Steeple Chase Hills",
        "DataProvider": "Renton",
        "Edit_Date": "2017-04-19T00:00:00.000",
        "GlobalID": "{B5194007-DB21-46D6-BE20-1768DA935DC8}",
        "DataProvid": "Renton",
        "Shape_Length": 1821.3572350562529,
        "Shape_Area": 178658.6048625993
      },
      "geometry": {
        "type": "MultiPolygon",
        "coordinates": [
          [
            [
              [
                -122.19763933963911,
                47.46417705705053
              ],
              [
                -122.19921836609986,
                47.464152666091586
              ],
              [
                -122.19895015950681,
                47.46452251846261
              ],
              [
                -122.19869109040853,
                47.46489373551986
              ],
              [
                -122.19865897807618,
                47.4649481335092
              ],
              [
                -122.19865149147742,
                47.464983138036715
              ],
              [
                -122.19864886735553,
                47.464995401181625
              ],
              [
                -122.19844977044322,
                47.46499997623258
              ],
              [
                -122.19656168495193,
                47.46504913136121
              ],
              [
                -122.19656431013897,
                47.46488344068959
              ],
              [
                -122.19656714491619,
                47.464704852945786
              ],
              [
                -122.19657041060162,
                47.46449878690606
              ],
              [
                -122.19657422181521,
                47.464258560925586
              ],
              [
                -122.19657524281172,
                47.4641944123295
              ],
              [
                -122.19661643988418,
                47.46419374106431
              ],
              [
                -122.19680750516343,
                47.46419062496616
              ],
              [
                -122.19763933963911,
                47.46417705705053
              ]
            ]
          ]
        ]
      }
    },
    {
      "type": "Feature",
      "properties": {
        "Neighborhood": "Evendell",
        "DataProvider": "Renton",
        "Edit_Date": "2017-04-19T00:00:00.000",
        "GlobalID": "{14B696E2-E25C-47C4-ACB1-E922074AF4B2}",
        "DataProvid": "Renton",
        "Shape_Length": 2934.756792452485,
        "Shape_Area": 516331.41551600274
      },
      "geometry": {
        "type": "MultiPolygon",
        "coordinates": [
          [
            [
              [
                -122.12707152839019,
                47.48100388052575
              ],
              [
                -122.12702925868084,
                47.479211649923876
              ],
              [
                -122.12701996842219,
                47.478817710593674
              ],
              [
                -122.12713445267114,
                47.47882024412246
              ],
              [
                -122.1271748995173,
                47.47882068083956
              ],
              [
                -122.12735683730754,
                47.478822644021875
              ],
              [
                -122.12751856890777,
                47.478824387524774
              ],
              [
                -122.12772073410889,
                47.47882656747103
              ],
              [
                -122.1278824683865,
                47.4788283104252
              ],
              [
                -122.12800533527421,
                47.47882963470827
              ],
              [
                -122.12808463361803,
                47.47883048972342
              ],
              [
                -122.12817115224495,
                47.478831422438205
              ],
              [
                -122.12824636791997,
                47.478832232159064
              ],
              [
                -122.12833696918239,
                47.47883320812726
              ],
              [
                -122.12844853318184,
                47.47883441080919
              ],
              [
                -122.12850682901006,
                47.47883503919737
              ],
              [
                -122.12861026750807,
                47.47883615272642
              ],
              [
                -122.12870907653837,
                47.47883721644502
              ],
              [
                -122.12881243280036,
                47.47883833072845
              ],
              [
                -122.1288789363921,
                47.47883904695833
              ],
              [
                -122.12897416449783,
                47.478840072157425
              ],
              [
                -122.12908118399622,
                47.478841225341604
              ],
              [
                -122.12909950812538,
                47.4788414227581
              ],
              [
                -122.12919654925862,
                47.478842466654065
              ],
              [
                -122.12925104383137,
                47.47884305349948
              ],
              [
                -122.1294532914665,
                47.4788452312198
              ],
              [
                -122.12965553911846,
                47.47884740857973
              ],
              [
                -122.12965983857312,
                47.47916225399705
              ],
              [
                -122.12966062095533,
                47.47921958333369
              ],
              [
                -122.12966167096415,
                47.47929932317508
              ],
              [
                -122.12966311409426,
                47.47940897985747
              ],
              [
                -122.12966455718568,
                47.47951863474147
              ],
              [
                -122.12966605884193,
                47.47963267523575
              ],
              [
                -122.12966636307074,
                47.4796557042233
              ],
              [
                -122.1296681689205,
                47.47979277190685
              ],
              [
                -122.12966961207795,
                47.47990242859007
              ],
              [
                -122.12967143739323,
                47.48004113326033
              ],
              [
                -122.1296718004546,
                47.4800685586499
              ],
              [
                -122.12967283869503,
                47.48014739636347
              ],
              [
                -122.12958066076993,
                47.4801408432468
              ],
              [
                -122.12958120463934,
                47.480219763068455
              ],
              [
                -122.12958174701521,
                47.480298462513886
              ],
              [
                -122.12958255982826,
                47.480416294445895
              ],
              [
                -122.12958378838174,
                47.48059453911392
              ],
              [
                -122.12959789038592,
                47.48069831740761
              ],
              [
                -122.12961480471665,
                47.48075736509795
              ],
              [
                -122.12964059729701,
                47.48082376429011
              ],
              [
                -122.1296576101228,
                47.480878708833934
              ],
              [
                -122.12966946649615,
                47.480942359783874
              ],
              [
                -122.12967874920248,
                47.48103262676999
              ],
              [
                -122.12968102454589,
                47.48107394029453
              ],
              [
                -122.12900965611574,
                47.48105616516919
              ],
              [
                -122.12707152839019,
                47.48100388052575
              ]
            ]
          ]
        ]
      }
    },
    {
      "type": "Feature",
      "properties": {
        "Neighborhood": "Emerald Crest",
        "DataProvider": "Renton",
        "Edit_Date": "2017-04-19T00:00:00.000",
        "GlobalID": "{5307C1C5-CA41-450B-8DAB-FFC1D7AA2102}",
        "DataProvid": "Renton",
        "Shape_Length": 4887.599980633323,
        "Shape_Area": 1049689.6346773377
      },
      "geometry": {
        "type": "MultiPolygon",
        "coordinates": [
          [
            [
              [
                -122.13233328664965,
                47.462668207445375
              ],
              [
                -122.1323349847003,
                47.462490018320864
              ],
              [
                -122.13233649979405,
                47.46233101721814
              ],
              [
                -122.13233811864754,
                47.462161051027316
              ],
              [
                -122.13234148998826,
                47.46180741134194
              ],
              [
                -122.13234442391467,
                47.46149950696257
              ],
              [
                -122.13234591649294,
                47.46134280091121
              ],
              [
                -122.13236906082514,
                47.46031416921663
              ],
              [
                -122.13498610664732,
                47.460351839429386
              ],
              [
                -122.13497129617106,
                47.46179596161385
              ],
              [
                -122.13529449277415,
                47.46179746929039
              ],
              [
                -122.1352597666756,
                47.461919102223554
              ],
              [
                -122.13508735283104,
                47.46252301399555
              ],
              [
                -122.13496441535418,
                47.4625224407682
              ],
              [
                -122.13495703896263,
                47.46330064075169
              ],
              [
                -122.13495589440366,
                47.46342126315835
              ],
              [
                -122.13562730500405,
                47.46342418869481
              ],
              [
                -122.13562709869403,
                47.46344590028599
              ],
              [
                -122.13562494118378,
                47.46367385075382
              ],
              [
                -122.13495312636604,
                47.46371175209715
              ],
              [
                -122.13494948337745,
                47.46409612885675
              ],
              [
                -122.13494409394862,
                47.4646645921005
              ],
              [
                -122.13494792678347,
                47.464842021667515
              ],
              [
                -122.1345007983394,
                47.46476911679748
              ],
              [
                -122.13299515236534,
                47.464523604926754
              ],
              [
                -122.13230070804256,
                47.46441545960645
              ],
              [
                -122.13231827163963,
                47.464243773525936
              ],
              [
                -122.13231898152792,
                47.46416933717045
              ],
              [
                -122.1323227078652,
                47.46377847119851
              ],
              [
                -122.13232571094582,
                47.46346321117154
              ],
              [
                -122.13232819251779,
                47.46320277842034
              ],
              [
                -122.13232989060319,
                47.46302458929374
              ],
              [
                -122.13233158863224,
                47.462846398369216
              ],
              [
                -122.13233328664965,
                47.462668207445375
              ]
            ]
          ]
        ]
      }
    },
    {
      "type": "Feature",
      "properties": {
        "Neighborhood": "Shadow Hawk",
        "DataProvider": "Renton",
        "Edit_Date": "2017-04-19T00:00:00.000",
        "GlobalID": "{B222CFEB-05F5-4C6B-A6B9-109DF0C0F655}",
        "DataProvid": "Renton",
        "Shape_Length": 8380.726530498227,
        "Shape_Area": 2776750.2925294572
      },
      "geometry": {
        "type": "MultiPolygon",
        "coordinates": [
          [
            [
              [
                -122.1723660866488,
                47.470429250262235
              ],
              [
                -122.17183587888398,
                47.46987726764275
              ],
              [
                -122.17218535408797,
                47.46942090987231
              ],
              [
                -122.172218036118,
                47.469378231750675
              ],
              [
                -122.17228043226585,
                47.46929675347225
              ],
              [
                -122.17235570713713,
                47.469191841339345
              ],
              [
                -122.17242278839355,
                47.46908440358153
              ],
              [
                -122.17248149259548,
                47.468974734739824
              ],
              [
                -122.17253166031945,
                47.468863134467895
              ],
              [
                -122.17257315352815,
                47.46874990846257
              ],
              [
                -122.17260585947946,
                47.46863536571856
              ],
              [
                -122.17262968811909,
                47.468519820358566
              ],
              [
                -122.17264457464026,
                47.468403588004364
              ],
              [
                -122.17265047687644,
                47.468286987606795
              ],
              [
                -122.17264738181622,
                47.468170336871005
              ],
              [
                -122.17262953816034,
                47.46789649962544
              ],
              [
                -122.17312896105095,
                47.46841644099867
              ],
              [
                -122.17318904879859,
                47.4684789949731
              ],
              [
                -122.17326248687588,
                47.468555448020346
              ],
              [
                -122.17375832098347,
                47.4690716365517
              ],
              [
                -122.17795795898907,
                47.46951311243615
              ],
              [
                -122.17801808778897,
                47.46951943104901
              ],
              [
                -122.18036691212775,
                47.4697662728903
              ],
              [
                -122.18045394306077,
                47.4697250710908
              ],
              [
                -122.18045540440046,
                47.469724839644954
              ],
              [
                -122.18060912406193,
                47.46985705507415
              ],
              [
                -122.18082293589931,
                47.469973967489096
              ],
              [
                -122.1810094843091,
                47.47004898801865
              ],
              [
                -122.18116968631574,
                47.470102281571
              ],
              [
                -122.18134606167122,
                47.47010850862365
              ],
              [
                -122.18159930889551,
                47.47010155463577
              ],
              [
                -122.18187671560996,
                47.47006587112291
              ],
              [
                -122.18193547992894,
                47.470048560349404
              ],
              [
                -122.1819569921077,
                47.470105629244095
              ],
              [
                -122.18236109652244,
                47.47158394905917
              ],
              [
                -122.18245444478515,
                47.471925428314165
              ],
              [
                -122.18260065629595,
                47.47246027788882
              ],
              [
                -122.18260380410004,
                47.47247179821102
              ],
              [
                -122.18271425375977,
                47.47287581757352
              ],
              [
                -122.18276459949125,
                47.47305998098464
              ],
              [
                -122.18304809009366,
                47.47409695108092
              ],
              [
                -122.18303350333653,
                47.4740969536333
              ],
              [
                -122.18296911401812,
                47.47409696191261
              ],
              [
                -122.18265868137838,
                47.47409700260757
              ],
              [
                -122.18208769828891,
                47.47409707698297
              ],
              [
                -122.1814592889165,
                47.474097155955796
              ],
              [
                -122.1811438649045,
                47.47409719422466
              ],
              [
                -122.18096399678016,
                47.47409721613953
              ],
              [
                -122.1789458689837,
                47.47409743627524
              ],
              [
                -122.17837707889437,
                47.4735072442478
              ],
              [
                -122.17827424368143,
                47.47340053917822
              ],
              [
                -122.17822356918145,
                47.47334795683617
              ],
              [
                -122.17816515985965,
                47.47328735196469
              ],
              [
                -122.17792249627126,
                47.47303555042247
              ],
              [
                -122.17646987914559,
                47.4715281724171
              ],
              [
                -122.17613051211225,
                47.47134393985877
              ],
              [
                -122.17494323470764,
                47.47069938021905
              ],
              [
                -122.1723660866488,
                47.470429250262235
              ]
            ]
          ]
        ]
      }
    },
    {
      "type": "Feature",
      "properties": {
        "Neighborhood": "South Union",
        "DataProvider": "Renton",
        "Edit_Date": "2017-04-19T00:00:00.000",
        "GlobalID": "{159AF8E5-EA76-4105-8457-CE51A25A9BDF}",
        "DataProvid": "Renton",
        "Shape_Length": 8519.37556234486,
        "Shape_Area": 3960101.5397431906
      },
      "geometry": {
        "type": "MultiPolygon",
        "coordinates": [
          [
            [
              [
                -122.15902720330374,
                47.486766541993966
              ],
              [
                -122.15902694621795,
                47.48672541121519
              ],
              [
                -122.15882483184939,
                47.48672330494875
              ],
              [
                -122.15880423491723,
                47.48672309025743
              ],
              [
                -122.15849028172147,
                47.486719817149606
              ],
              [
                -122.15828803996271,
                47.48671770871641
              ],
              [
                -122.1581563316578,
                47.48671633485575
              ],
              [
                -122.15808579952422,
                47.48671559900815
              ],
              [
                -122.15788355647146,
                47.48671348986991
              ],
              [
                -122.15761650134274,
                47.4867107034415
              ],
              [
                -122.15737383572153,
                47.48670817076614
              ],
              [
                -122.15713111437887,
                47.4867056373226
              ],
              [
                -122.15688843288414,
                47.48670310379541
              ],
              [
                -122.15648901523012,
                47.48669893336614
              ],
              [
                -122.1564485661271,
                47.48669851154423
              ],
              [
                -122.15630419161606,
                47.486697016890254
              ],
              [
                -122.15628693996564,
                47.484864845249994
              ],
              [
                -122.15628217779887,
                47.48308629363528
              ],
              [
                -122.15627964720957,
                47.482264815708774
              ],
              [
                -122.15626872947325,
                47.481279430384035
              ],
              [
                -122.1563779554203,
                47.4812807957568
              ],
              [
                -122.15645417843241,
                47.4812812800328
              ],
              [
                -122.15720298286746,
                47.48128603727871
              ],
              [
                -122.15731435914452,
                47.48128177864408
              ],
              [
                -122.15788317101263,
                47.481285827648186
              ],
              [
                -122.15808863943882,
                47.4812867600419
              ],
              [
                -122.16415960933979,
                47.48134508253646
              ],
              [
                -122.16418451147206,
                47.48677963995011
              ],
              [
                -122.16404290997882,
                47.486777574783446
              ],
              [
                -122.16323399431884,
                47.48676917783236
              ],
              [
                -122.1631935490642,
                47.486768757467566
              ],
              [
                -122.16304237852077,
                47.48676718726873
              ],
              [
                -122.16288062144524,
                47.486765506969014
              ],
              [
                -122.16285467878087,
                47.48676523777684
              ],
              [
                -122.1627188617267,
                47.48676382646992
              ],
              [
                -122.16253688339971,
                47.48676193629183
              ],
              [
                -122.16237512370326,
                47.48676025530296
              ],
              [
                -122.16232583621718,
                47.48675974294182
              ],
              [
                -122.1622665131025,
                47.486759126747124
              ],
              [
                -122.1616055944692,
                47.48675225551996
              ],
              [
                -122.16154492401921,
                47.486751625926885
              ],
              [
                -122.16151572507277,
                47.48675132166252
              ],
              [
                -122.16145505460207,
                47.4867506911221
              ],
              [
                -122.16143478685771,
                47.48675048025307
              ],
              [
                -122.16130671831054,
                47.486749148424494
              ],
              [
                -122.16124763016359,
                47.48674853344689
              ],
              [
                -122.16104539083564,
                47.48674642989452
              ],
              [
                -122.16084314882472,
                47.48674432421428
              ],
              [
                -122.1606409095294,
                47.48674221994135
              ],
              [
                -122.16049932742932,
                47.48674074654687
              ],
              [
                -122.16035774799066,
                47.486739272944774
              ],
              [
                -122.16023380527389,
                47.48673798343313
              ],
              [
                -122.16023402081049,
                47.48677911290678
              ],
              [
                -122.1602343199912,
                47.48683667656848
              ],
              [
                -122.16023568126161,
                47.487098961223424
              ],
              [
                -122.16023569737776,
                47.48710230743987
              ],
              [
                -122.16023590829332,
                47.48714252480265
              ],
              [
                -122.16023625202389,
                47.48720862127631
              ],
              [
                -122.16023682008934,
                47.4873182795618
              ],
              [
                -122.16023739085641,
                47.48742793961504
              ],
              [
                -122.16023795892663,
                47.48753759790087
              ],
              [
                -122.16023850978387,
                47.487643658103295
              ],
              [
                -122.15991163437279,
                47.487640040637785
              ],
              [
                -122.15987400747565,
                47.48763962572988
              ],
              [
                -122.15980119886785,
                47.48763881948089
              ],
              [
                -122.15959895811493,
                47.48763658199147
              ],
              [
                -122.15939671733366,
                47.487634342343256
              ],
              [
                -122.15907308386294,
                47.48763076015957
              ],
              [
                -122.15905198707644,
                47.487630526158405
              ],
              [
                -122.15903263463463,
                47.487630311364335
              ],
              [
                -122.15903184531581,
                47.487505165073756
              ],
              [
                -122.15903115163762,
                47.48739547769297
              ],
              [
                -122.15903070731255,
                47.48732505007432
              ],
              [
                -122.15903230597088,
                47.48731140110628
              ],
              [
                -122.15903394523559,
                47.487306973165936
              ],
              [
                -122.1590411001306,
                47.48708037584636
              ],
              [
                -122.159035440825,
                47.487071533484475
              ],
              [
                -122.1590306351203,
                47.4870586285869
              ],
              [
                -122.15902896301584,
                47.48704536864726
              ],
              [
                -122.15902849142456,
                47.48697052625322
              ],
              [
                -122.15902780045977,
                47.48686084064096
              ],
              [
                -122.15902720330374,
                47.486766541993966
              ]
            ]
          ]
        ]
      }
    },
    {
      "type": "Feature",
      "properties": {
        "Neighborhood": "Windsong",
        "DataProvider": "Renton",
        "Edit_Date": "2017-04-19T00:00:00.000",
        "GlobalID": "{B576CD2B-87FC-478B-B3EE-F095477E6ADC}",
        "DataProvid": "Renton",
        "Shape_Length": 3237.893078361141,
        "Shape_Area": 609429.0361402791
      },
      "geometry": {
        "type": "MultiPolygon",
        "coordinates": [
          [
            [
              [
                -122.15123500512104,
                47.490261720537475
              ],
              [
                -122.1511944039085,
                47.49026121491776
              ],
              [
                -122.15107328297006,
                47.49026392072234
              ],
              [
                -122.15107263264703,
                47.49023334830872
              ],
              [
                -122.149736116428,
                47.49021688821933
              ],
              [
                -122.14973560232676,
                47.4901541897146
              ],
              [
                -122.14972977934542,
                47.48986353628398
              ],
              [
                -122.14972916948675,
                47.48983316850458
              ],
              [
                -122.14972568122356,
                47.48965909914848
              ],
              [
                -122.14972384400885,
                47.489567376995694
              ],
              [
                -122.14972356965059,
                47.4895536671454
              ],
              [
                -122.14972302088921,
                47.489526245646196
              ],
              [
                -122.14972271284378,
                47.48951099072672
              ],
              [
                -122.14971974708911,
                47.489362880475916
              ],
              [
                -122.14971708572024,
                47.4892300899562
              ],
              [
                -122.1497167787431,
                47.489214772054645
              ],
              [
                -122.14971381036845,
                47.489066661835025
              ],
              [
                -122.14971144857962,
                47.48894878989471
              ],
              [
                -122.14971131625063,
                47.48894217959622
              ],
              [
                -122.14971090005785,
                47.48892137738875
              ],
              [
                -122.14971062575185,
                47.48890766933711
              ],
              [
                -122.14971060191569,
                47.48890651456679
              ],
              [
                -122.14971049315066,
                47.488901048246944
              ],
              [
                -122.14970808978747,
                47.48878110778013
              ],
              [
                -122.14970547245225,
                47.488650585464676
              ],
              [
                -122.14970463494689,
                47.48860877780674
              ],
              [
                -122.14970420983751,
                47.48858751692257
              ],
              [
                -122.14970408647774,
                47.488581367099485
              ],
              [
                -122.14969667679594,
                47.48844616412237
              ],
              [
                -122.15104442796795,
                47.48845656468118
              ],
              [
                -122.1522222543169,
                47.48846871659506
              ],
              [
                -122.15309127246799,
                47.488477673834154
              ],
              [
                -122.15309178951136,
                47.48860783287135
              ],
              [
                -122.15308768048372,
                47.48884825827842
              ],
              [
                -122.15328224148053,
                47.48906521067994
              ],
              [
                -122.15328308400244,
                47.489148742134354
              ],
              [
                -122.15338232499259,
                47.489203291398525
              ],
              [
                -122.1535313861222,
                47.4892852270605
              ],
              [
                -122.15372539513014,
                47.489283434948156
              ],
              [
                -122.15373021319212,
                47.48949734341429
              ],
              [
                -122.153732995043,
                47.48962075364197
              ],
              [
                -122.15373577622411,
                47.4897441368906
              ],
              [
                -122.1537385554022,
                47.489867545350826
              ],
              [
                -122.15374133697391,
                47.48999094298865
              ],
              [
                -122.15374213858539,
                47.4900265908181
              ],
              [
                -122.15374789668871,
                47.49028202869438
              ],
              [
                -122.15354386969932,
                47.49028028684549
              ],
              [
                -122.15336012677173,
                47.490278718988215
              ],
              [
                -122.15322928956529,
                47.49027760264939
              ],
              [
                -122.15317808303786,
                47.49027716526318
              ],
              [
                -122.15302706884812,
                47.490275909038814
              ],
              [
                -122.15299604063459,
                47.490275663405946
              ],
              [
                -122.15282484785665,
                47.49027430862665
              ],
              [
                -122.15261165669841,
                47.49027262123783
              ],
              [
                -122.15242040330287,
                47.49027110855128
              ],
              [
                -122.15221817969498,
                47.49026950708948
              ],
              [
                -122.15201595879866,
                47.49026790703525
              ],
              [
                -122.15181373526111,
                47.490266306651684
              ],
              [
                -122.15123500512104,
                47.490261720537475
              ]
            ]
          ]
        ]
      }
    },
    {
      "type": "Feature",
      "properties": {
        "Neighborhood": "Maplewood",
        "DataProvider": "Renton",
        "Edit_Date": "2017-04-19T00:00:00.000",
        "GlobalID": "{ADA71811-28B2-416B-8175-5793DB12760F}",
        "DataProvid": "Renton",
        "Shape_Length": 7828.875285503955,
        "Shape_Area": 3111669.28301912
      },
      "geometry": {
        "type": "MultiPolygon",
        "coordinates": [
          [
            [
              [
                -122.16190084620382,
                47.465864944590976
              ],
              [
                -122.16196877739306,
                47.465832520312226
              ],
              [
                -122.16203405988968,
                47.46580287969372
              ],
              [
                -122.16209995158523,
                47.465776848179495
              ],
              [
                -122.16217551795545,
                47.465756181721225
              ],
              [
                -122.1622484752423,
                47.465744019728156
              ],
              [
                -122.16232150748284,
                47.465742093930956
              ],
              [
                -122.16239076556673,
                47.46573990643651
              ],
              [
                -122.16246305464692,
                47.46574328232964
              ],
              [
                -122.16253173002788,
                47.46574779978225
              ],
              [
                -122.1625884717049,
                47.46576044877752
              ],
              [
                -122.16261621065696,
                47.46576878671078
              ],
              [
                -122.16268538032782,
                47.46577666627578
              ],
              [
                -122.16274569252954,
                47.465776895263176
              ],
              [
                -122.16280345139202,
                47.46578624879969
              ],
              [
                -122.16285174110955,
                47.465796226007015
              ],
              [
                -122.1628818166713,
                47.46580775696503
              ],
              [
                -122.16291116683708,
                47.465821223296516
              ],
              [
                -122.16293152112355,
                47.46583056344229
              ],
              [
                -122.1629716836486,
                47.46581990070507
              ],
              [
                -122.16303466738444,
                47.46582241013455
              ],
              [
                -122.16310276417069,
                47.46583503376442
              ],
              [
                -122.16316163877201,
                47.465852245295366
              ],
              [
                -122.16322277362879,
                47.465869133448365
              ],
              [
                -122.16326223203941,
                47.4658834149806
              ],
              [
                -122.16329945366533,
                47.4659031021525
              ],
              [
                -122.16332195412764,
                47.46591721718901
              ],
              [
                -122.16333717472087,
                47.4659267685605
              ],
              [
                -122.16338007951047,
                47.46595238923818
              ],
              [
                -122.16341979220132,
                47.465968835703826
              ],
              [
                -122.1634525291228,
                47.46598484217179
              ],
              [
                -122.16348644902247,
                47.46600978550024
              ],
              [
                -122.16352018978954,
                47.46602249674626
              ],
              [
                -122.16355467477268,
                47.466040983503234
              ],
              [
                -122.16358956695031,
                47.4660619123111
              ],
              [
                -122.163624573147,
                47.466077946102814
              ],
              [
                -122.1637101116837,
                47.46609897020262
              ],
              [
                -122.16373251757312,
                47.46610447736909
              ],
              [
                -122.16381148852273,
                47.46612941416515
              ],
              [
                -122.16389621233077,
                47.46616145303789
              ],
              [
                -122.16397552865537,
                47.46619472470087
              ],
              [
                -122.164066802216,
                47.466229214441334
              ],
              [
                -122.16413362657738,
                47.46625162892811
              ],
              [
                -122.16415049662662,
                47.46625728909309
              ],
              [
                -122.16423562256726,
                47.46628895417691
              ],
              [
                -122.16430085418973,
                47.4663171553009
              ],
              [
                -122.1643386876116,
                47.46634062036222
              ],
              [
                -122.16437404634117,
                47.46636255278214
              ],
              [
                -122.16444826727701,
                47.466407191505255
              ],
              [
                -122.164518959972,
                47.466444045296974
              ],
              [
                -122.16460354751617,
                47.46647590533705
              ],
              [
                -122.16468090124467,
                47.46649825175441
              ],
              [
                -122.16475347376873,
                47.46651268760996
              ],
              [
                -122.16476703678711,
                47.466515385514846
              ],
              [
                -122.16483512408333,
                47.46653226320681
              ],
              [
                -122.16489405845307,
                47.466548123796215
              ],
              [
                -122.16495046738171,
                47.466564310849364
              ],
              [
                -122.16500606226155,
                47.46659902061597
              ],
              [
                -122.16504733734781,
                47.46663298264317
              ],
              [
                -122.16509460759968,
                47.466658063890804
              ],
              [
                -122.16515548016574,
                47.466693719168454
              ],
              [
                -122.16522428225403,
                47.46672091532707
              ],
              [
                -122.16533395340514,
                47.466761476141926
              ],
              [
                -122.16537057351202,
                47.46677261478328
              ],
              [
                -122.16542272020806,
                47.46680214731063
              ],
              [
                -122.16548020436764,
                47.46683029478607
              ],
              [
                -122.16554541875084,
                47.46685568874878
              ],
              [
                -122.16555803638781,
                47.46686302505736
              ],
              [
                -122.16559538066414,
                47.466884752083416
              ],
              [
                -122.16563706844394,
                47.466925085224325
              ],
              [
                -122.1656827018825,
                47.46696085617346
              ],
              [
                -122.16573436771381,
                47.46699336279537
              ],
              [
                -122.16578892476034,
                47.4670279134573
              ],
              [
                -122.16583647969767,
                47.46705320515985
              ],
              [
                -122.1658556980599,
                47.46706342711819
              ],
              [
                -122.16593609647666,
                47.46710052590832
              ],
              [
                -122.16600133402264,
                47.4671356347217
              ],
              [
                -122.16607802212816,
                47.46717600645066
              ],
              [
                -122.16610963287658,
                47.46719398106697
              ],
              [
                -122.1661437259512,
                47.46721336583499
              ],
              [
                -122.16622200675637,
                47.467264560405695
              ],
              [
                -122.16629944853622,
                47.46731157097473
              ],
              [
                -122.16633677354298,
                47.46734196986583
              ],
              [
                -122.16639646628582,
                47.46738901794397
              ],
              [
                -122.16645538988455,
                47.46743202335488
              ],
              [
                -122.16651738092582,
                47.46748687424808
              ],
              [
                -122.16655009278783,
                47.46751220870298
              ],
              [
                -122.16657614590083,
                47.4675323858713
              ],
              [
                -122.16662680853715,
                47.46758269742428
              ],
              [
                -122.16667490780031,
                47.46762977362753
              ],
              [
                -122.1667297672832,
                47.46767361647824
              ],
              [
                -122.16677820262491,
                47.46772386957823
              ],
              [
                -122.16682193351261,
                47.46775988733626
              ],
              [
                -122.16685529903928,
                47.46780144230873
              ],
              [
                -122.16689487200186,
                47.46784398582057
              ],
              [
                -122.16690974763327,
                47.46786200035867
              ],
              [
                -122.16692618126076,
                47.467881903678816
              ],
              [
                -122.16696304922627,
                47.467917228404595
              ],
              [
                -122.16700018478817,
                47.46795263993133
              ],
              [
                -122.1670356876253,
                47.46799735422125
              ],
              [
                -122.16708235719399,
                47.46803985024956
              ],
              [
                -122.16710694144572,
                47.4680580781005
              ],
              [
                -122.16712929447263,
                47.46807465177013
              ],
              [
                -122.16717892774967,
                47.468111121774996
              ],
              [
                -122.16721589142698,
                47.468153291042896
              ],
              [
                -122.16725431922445,
                47.46820851567414
              ],
              [
                -122.16728829105027,
                47.46825258939934
              ],
              [
                -122.16732759525142,
                47.4683043115658
              ],
              [
                -122.16733289854373,
                47.4683166363351
              ],
              [
                -122.16734815789462,
                47.46835203504163
              ],
              [
                -122.16738026272094,
                47.46838576041893
              ],
              [
                -122.16739003305132,
                47.46839689921153
              ],
              [
                -122.16741811434153,
                47.46842891771236
              ],
              [
                -122.1674531321296,
                47.46848939808995
              ],
              [
                -122.16746973457346,
                47.46852584968394
              ],
              [
                -122.16748502436776,
                47.46855942368339
              ],
              [
                -122.16750394994544,
                47.46861627005268
              ],
              [
                -122.16751966421647,
                47.46866789527422
              ],
              [
                -122.16752392227973,
                47.46868188393915
              ],
              [
                -122.16754789252818,
                47.46874819746409
              ],
              [
                -122.16757806639178,
                47.46880393104151
              ],
              [
                -122.16758018031845,
                47.46881406955613
              ],
              [
                -122.167587441384,
                47.46884889119182
              ],
              [
                -122.16760681070271,
                47.468905442667314
              ],
              [
                -122.16761407555198,
                47.468950371852635
              ],
              [
                -122.16763068998979,
                47.468993300206755
              ],
              [
                -122.16764824315783,
                47.46903828114035
              ],
              [
                -122.16766310810678,
                47.46908832948614
              ],
              [
                -122.1676678760447,
                47.469128997067344
              ],
              [
                -122.16767002146428,
                47.469139432069326
              ],
              [
                -122.16767658491165,
                47.46917135268624
              ],
              [
                -122.16768436511296,
                47.4692420323662
              ],
              [
                -122.16768694071693,
                47.46931151564041
              ],
              [
                -122.1676825495735,
                47.4693941084386
              ],
              [
                -122.16768241529546,
                47.46947030380105
              ],
              [
                -122.16768017280324,
                47.46954104735522
              ],
              [
                -122.16767427230886,
                47.46961981852503
              ],
              [
                -122.167662715816,
                47.46968565917485
              ],
              [
                -122.16764852189613,
                47.46975834959239
              ],
              [
                -122.16764693894288,
                47.46978184164692
              ],
              [
                -122.16764375208722,
                47.46982914804911
              ],
              [
                -122.16763914281472,
                47.4698891047704
              ],
              [
                -122.16762930747106,
                47.469961555028064
              ],
              [
                -122.16761559993289,
                47.470021831019935
              ],
              [
                -122.16759978727461,
                47.470093275663295
              ],
              [
                -122.16759578221611,
                47.470144697332024
              ],
              [
                -122.16759810655769,
                47.4702023865702
              ],
              [
                -122.16760098076941,
                47.470254704293644
              ],
              [
                -122.16759827987691,
                47.470282833293346
              ],
              [
                -122.16759228701575,
                47.47031099739875
              ],
              [
                -122.16758265450491,
                47.47035849292699
              ],
              [
                -122.16758206074462,
                47.47036142171904
              ],
              [
                -122.1675806367857,
                47.47041831842414
              ],
              [
                -122.16758245835278,
                47.47047658030464
              ],
              [
                -122.16758323612827,
                47.47053552913641
              ],
              [
                -122.16758856238445,
                47.47058765071144
              ],
              [
                -122.16760037451381,
                47.470644373807986
              ],
              [
                -122.16763133985263,
                47.470712854018586
              ],
              [
                -122.16764450011938,
                47.47073741773891
              ],
              [
                -122.16765886968464,
                47.47076423776022
              ],
              [
                -122.16768266488936,
                47.470820550085314
              ],
              [
                -122.16769842935918,
                47.47086788014523
              ],
              [
                -122.1677133012417,
                47.470934777403436
              ],
              [
                -122.16772888231269,
                47.47098136656947
              ],
              [
                -122.16773430403879,
                47.47099758148287
              ],
              [
                -122.16774571369925,
                47.4710619016916
              ],
              [
                -122.1677605669855,
                47.4711228799771
              ],
              [
                -122.16776838475988,
                47.471194079169926
              ],
              [
                -122.16777569451476,
                47.471212112406725
              ],
              [
                -122.16779122601648,
                47.47125042968055
              ],
              [
                -122.16781132160446,
                47.47130835973779
              ],
              [
                -122.16783006400632,
                47.47136836572511
              ],
              [
                -122.1678574995325,
                47.47143751529202
              ],
              [
                -122.16788655835074,
                47.47148153329855
              ],
              [
                -122.16792351162388,
                47.47153666533577
              ],
              [
                -122.16793796804797,
                47.471581078144105
              ],
              [
                -122.16795215406884,
                47.47163670280436
              ],
              [
                -122.16796328416287,
                47.471659269927585
              ],
              [
                -122.16797959456613,
                47.47169234250716
              ],
              [
                -122.1680049723392,
                47.47173684276767
              ],
              [
                -122.16803165226234,
                47.471793345997874
              ],
              [
                -122.16806842228765,
                47.471836632777475
              ],
              [
                -122.16810761632749,
                47.47187042933234
              ],
              [
                -122.16812483242609,
                47.471885274896756
              ],
              [
                -122.1681601161055,
                47.47192076184446
              ],
              [
                -122.168200604662,
                47.47195381269
              ],
              [
                -122.16827822219311,
                47.47205692089337
              ],
              [
                -122.1682873087436,
                47.47206899062449
              ],
              [
                -122.16839219059065,
                47.47219561312142
              ],
              [
                -122.16849054812226,
                47.47229486632272
              ],
              [
                -122.16858988174808,
                47.47239232680541
              ],
              [
                -122.16868832591003,
                47.47249649049208
              ],
              [
                -122.16878692154087,
                47.472572864515286
              ],
              [
                -122.16889653772411,
                47.472631935922834
              ],
              [
                -122.16899856967234,
                47.47270310578254
              ],
              [
                -122.16903919760033,
                47.47273015455234
              ],
              [
                -122.16911501881513,
                47.47276786282966
              ],
              [
                -122.16929228186214,
                47.47284164088013
              ],
              [
                -122.16926863863583,
                47.47287251006726
              ],
              [
                -122.16907050829815,
                47.47309303532139
              ],
              [
                -122.16903797068656,
                47.47308085933362
              ],
              [
                -122.1689126269612,
                47.473033957242144
              ],
              [
                -122.16781862626033,
                47.472624578684616
              ],
              [
                -122.1677825527792,
                47.47261108016882
              ],
              [
                -122.16562629746834,
                47.47183267738513
              ],
              [
                -122.16460626811906,
                47.471461402795136
              ],
              [
                -122.16361300536443,
                47.47109985637324
              ],
              [
                -122.16257861780237,
                47.47068632821028
              ],
              [
                -122.16248948675187,
                47.4706506939295
              ],
              [
                -122.16197325961667,
                47.47043600384147
              ],
              [
                -122.16024927712618,
                47.46976927102071
              ],
              [
                -122.15950745337402,
                47.46949757136654
              ],
              [
                -122.15978971937261,
                47.46921530473611
              ],
              [
                -122.15982089627141,
                47.469180663071036
              ],
              [
                -122.1598263643655,
                47.46916718295574
              ],
              [
                -122.15984128310154,
                47.4691304086321
              ],
              [
                -122.15986855937321,
                47.46909022981107
              ],
              [
                -122.15989482749549,
                47.46901979220933
              ],
              [
                -122.15992373320258,
                47.4689555218109
              ],
              [
                -122.15996946902386,
                47.46890993844855
              ],
              [
                -122.160032389902,
                47.4688752962455
              ],
              [
                -122.16007791460014,
                47.468843746812176
              ],
              [
                -122.1601243302881,
                47.46876950230476
              ],
              [
                -122.16014845421643,
                47.46872484442224
              ],
              [
                -122.16018851263871,
                47.46867398209631
              ],
              [
                -122.16022418084692,
                47.46862524909703
              ],
              [
                -122.16025210566436,
                47.4685662525671
              ],
              [
                -122.16028152013641,
                47.4685001050137
              ],
              [
                -122.16030276432213,
                47.468473157337016
              ],
              [
                -122.16032157476728,
                47.468438150972524
              ],
              [
                -122.16031066092694,
                47.46839190031486
              ],
              [
                -122.16032770717221,
                47.46832769291705
              ],
              [
                -122.16037466688176,
                47.46824253014177
              ],
              [
                -122.16038378234421,
                47.46822443392626
              ],
              [
                -122.16038984404109,
                47.468212395148804
              ],
              [
                -122.16042620460591,
                47.46814020396922
              ],
              [
                -122.16047656696999,
                47.468030585201745
              ],
              [
                -122.16048170332428,
                47.4680194082348
              ],
              [
                -122.16051886599527,
                47.46794131365339
              ],
              [
                -122.1605592678415,
                47.467846411372754
              ],
              [
                -122.16056472084017,
                47.46783360247486
              ],
              [
                -122.16060973025569,
                47.467736992874
              ],
              [
                -122.16064918162897,
                47.467616942474244
              ],
              [
                -122.16067948326327,
                47.467535124698806
              ],
              [
                -122.1606855534931,
                47.46751873367983
              ],
              [
                -122.16072164579064,
                47.4674199704085
              ],
              [
                -122.16073314162176,
                47.467347249556994
              ],
              [
                -122.16076192601561,
                47.46726681505305
              ],
              [
                -122.16076737826974,
                47.467257735774325
              ],
              [
                -122.16081411940995,
                47.4671798996632
              ],
              [
                -122.16085648984973,
                47.46708858331504
              ],
              [
                -122.16086456125777,
                47.46707065759539
              ],
              [
                -122.16089564139273,
                47.46700163154344
              ],
              [
                -122.16092716734569,
                47.466930943256656
              ],
              [
                -122.16095062714608,
                47.466863371887925
              ],
              [
                -122.16096131862862,
                47.466832571432604
              ],
              [
                -122.16098035128014,
                47.4667505507673
              ],
              [
                -122.16102318033332,
                47.46667728337496
              ],
              [
                -122.1610426273887,
                47.466655140492854
              ],
              [
                -122.1610717205423,
                47.466622012528255
              ],
              [
                -122.16111426125408,
                47.4665598401836
              ],
              [
                -122.16115924842052,
                47.46647338675999
              ],
              [
                -122.16120742801564,
                47.46641355025027
              ],
              [
                -122.16122435632607,
                47.46639252708881
              ],
              [
                -122.16127501602978,
                47.46632255934378
              ],
              [
                -122.161323565026,
                47.46626765710409
              ],
              [
                -122.16139209319813,
                47.46619089533128
              ],
              [
                -122.16152606754835,
                47.466091948724646
              ],
              [
                -122.16158762814294,
                47.466053341828534
              ],
              [
                -122.16168061525542,
                47.46599502804381
              ],
              [
                -122.16187800992306,
                47.465877742981256
              ],
              [
                -122.16190084620382,
                47.465864944590976
              ]
            ]
          ]
        ]
      }
    },
    {
      "type": "Feature",
      "properties": {
        "Neighborhood": "VerCello",
        "DataProvider": "Renton",
        "Edit_Date": "2017-04-19T00:00:00.000",
        "GlobalID": "{E5F135AE-A6BD-4591-8338-9F0A6149B81A}",
        "DataProvid": "Renton",
        "Shape_Length": 8325.856721176462,
        "Shape_Area": 1222936.2095781285
      },
      "geometry": {
        "type": "MultiPolygon",
        "coordinates": [
          [
            [
              [
                -122.14590291079762,
                47.49890495824946
              ],
              [
                -122.14588982217846,
                47.49835004162695
              ],
              [
                -122.14588964481248,
                47.49834246751171
              ],
              [
                -122.14613799997892,
                47.49834448999719
              ],
              [
                -122.14613919488384,
                47.4983444995707
              ],
              [
                -122.14619105987266,
                47.4982998138507
              ],
              [
                -122.14636891092304,
                47.49822643954944
              ],
              [
                -122.14642556566429,
                47.49818273463348
              ],
              [
                -122.1464461758459,
                47.498160527023934
              ],
              [
                -122.1464339044335,
                47.498055691085256
              ],
              [
                -122.14648548195228,
                47.49799718577856
              ],
              [
                -122.14668667689578,
                47.49780655928827
              ],
              [
                -122.1467599587954,
                47.497648107206984
              ],
              [
                -122.14636221340317,
                47.49764486857233
              ],
              [
                -122.1463526840855,
                47.49758724625889
              ],
              [
                -122.14634908901633,
                47.49756550567926
              ],
              [
                -122.14635452672348,
                47.49754613445915
              ],
              [
                -122.14637661890926,
                47.49746744740298
              ],
              [
                -122.1468987854286,
                47.497471698870754
              ],
              [
                -122.14691050476841,
                47.49731818863723
              ],
              [
                -122.14715410880889,
                47.49730009907756
              ],
              [
                -122.14715892815346,
                47.49736251835872
              ],
              [
                -122.14723510488339,
                47.49733379523795
              ],
              [
                -122.1472952692767,
                47.49727435538022
              ],
              [
                -122.1472654298779,
                47.49715424123783
              ],
              [
                -122.14727198299516,
                47.497003196184714
              ],
              [
                -122.14726543382416,
                47.49699656118966
              ],
              [
                -122.14724226671866,
                47.49697309685659
              ],
              [
                -122.14728838075804,
                47.49695923701128
              ],
              [
                -122.147355168493,
                47.49686735758442
              ],
              [
                -122.14733761918312,
                47.4968038712132
              ],
              [
                -122.14740448438441,
                47.49674952806202
              ],
              [
                -122.14748977265198,
                47.49669905928144
              ],
              [
                -122.14754007361066,
                47.49661327892448
              ],
              [
                -122.14759611174672,
                47.496566072212474
              ],
              [
                -122.14775703380273,
                47.49650080780607
              ],
              [
                -122.14780381981555,
                47.49641525872453
              ],
              [
                -122.14778087021891,
                47.4963057374322
              ],
              [
                -122.1478147696891,
                47.49622385844001
              ],
              [
                -122.147926493952,
                47.49617998835298
              ],
              [
                -122.14797592186675,
                47.49609427007257
              ],
              [
                -122.14803582027847,
                47.49602731787852
              ],
              [
                -122.14790814403916,
                47.49594100725475
              ],
              [
                -122.14784324513067,
                47.49589141156494
              ],
              [
                -122.14787701064012,
                47.49581181540775
              ],
              [
                -122.14795798730839,
                47.495701909483344
              ],
              [
                -122.14788593806861,
                47.495685847976794
              ],
              [
                -122.1478180178749,
                47.49568109477885
              ],
              [
                -122.14779380650003,
                47.49563630308115
              ],
              [
                -122.1479179082504,
                47.49563676977376
              ],
              [
                -122.14809944478672,
                47.495626954876364
              ],
              [
                -122.14812781785092,
                47.495552613392775
              ],
              [
                -122.14821773590383,
                47.49549267013713
              ],
              [
                -122.14828588524227,
                47.49544292815403
              ],
              [
                -122.14824947273956,
                47.49535381036625
              ],
              [
                -122.1480926993884,
                47.49531517045298
              ],
              [
                -122.14807444749039,
                47.49520119053274
              ],
              [
                -122.14833762664095,
                47.49520328825801
              ],
              [
                -122.14849683534626,
                47.49519981598777
              ],
              [
                -122.14849583740808,
                47.495149559634925
              ],
              [
                -122.1484925749064,
                47.494985030284106
              ],
              [
                -122.14848931237995,
                47.49482049913492
              ],
              [
                -122.14848796781631,
                47.49475265482743
              ],
              [
                -122.14848632259542,
                47.49466973003075
              ],
              [
                -122.148480799892,
                47.49439114892809
              ],
              [
                -122.14847901575028,
                47.49430113533888
              ],
              [
                -122.14871372379358,
                47.494302971809844
              ],
              [
                -122.14891597286699,
                47.49430455241125
              ],
              [
                -122.14897177570732,
                47.49430498888046
              ],
              [
                -122.14911820072207,
                47.49430613289852
              ],
              [
                -122.14917408052686,
                47.494306568376395
              ],
              [
                -122.14930021509502,
                47.49430755510129
              ],
              [
                -122.14932043920467,
                47.49430771290255
              ],
              [
                -122.14934066331445,
                47.49430787070019
              ],
              [
                -122.14937638805783,
                47.494308149279725
              ],
              [
                -122.1495024535887,
                47.494309134781155
              ],
              [
                -122.1495226776996,
                47.49430929254637
              ],
              [
                -122.14954290181059,
                47.494309450308016
              ],
              [
                -122.14957869294724,
                47.494309729853406
              ],
              [
                -122.1497249162067,
                47.49431087183002
              ],
              [
                -122.14978099784886,
                47.49431131006661
              ],
              [
                -122.1499271547261,
                47.494312450753455
              ],
              [
                -122.14998330271743,
                47.4943128881208
              ],
              [
                -122.15012939325769,
                47.494314029316705
              ],
              [
                -122.15018561029738,
                47.49431446758232
              ],
              [
                -122.1503316318016,
                47.494315607519695
              ],
              [
                -122.15038791523574,
                47.49431604671422
              ],
              [
                -122.15053387035768,
                47.494317185362526
              ],
              [
                -122.15059022018644,
                47.49431762548569
              ],
              [
                -122.15079252775772,
                47.49431920206727
              ],
              [
                -122.1509872948323,
                47.49432072186847
              ],
              [
                -122.15099538765575,
                47.494320784472514
              ],
              [
                -122.15112854724504,
                47.4943132937555
              ],
              [
                -122.15117820650173,
                47.49571193920917
              ],
              [
                -122.1490379450106,
                47.495696587674196
              ],
              [
                -122.14895323263976,
                47.49569531136752
              ],
              [
                -122.14895157235927,
                47.49566774981891
              ],
              [
                -122.14850591035722,
                47.49565688260084
              ],
              [
                -122.14850767390662,
                47.49573449677241
              ],
              [
                -122.14850902585665,
                47.49579400019228
              ],
              [
                -122.14851214123632,
                47.49593111238802
              ],
              [
                -122.1485211240776,
                47.49632646064856
              ],
              [
                -122.14852373512282,
                47.496441467282445
              ],
              [
                -122.14852404640239,
                47.496455178505144
              ],
              [
                -122.14852436033605,
                47.49646888969713
              ],
              [
                -122.14852747305171,
                47.49660599832711
              ],
              [
                -122.14853059109166,
                47.49674310689576
              ],
              [
                -122.1485308432252,
                47.49675426222867
              ],
              [
                -122.14853370658479,
                47.49688021909254
              ],
              [
                -122.1485342711616,
                47.49690502626328
              ],
              [
                -122.14853682213962,
                47.49701733308807
              ],
              [
                -122.1485373853132,
                47.497042084501835
              ],
              [
                -122.14853994031945,
                47.49715444525439
              ],
              [
                -122.14854081328747,
                47.49719284853674
              ],
              [
                -122.14854392747348,
                47.49732990677561
              ],
              [
                -122.14854423862755,
                47.49734361260258
              ],
              [
                -122.14854455243581,
                47.49735731839883
              ],
              [
                -122.14854694780104,
                47.49746271653815
              ],
              [
                -122.1485671788028,
                47.49746288880098
              ],
              [
                -122.1487694542352,
                47.49746460803365
              ],
              [
                -122.14879709894419,
                47.497464843694516
              ],
              [
                -122.14899200580334,
                47.49746649857045
              ],
              [
                -122.14903987621129,
                47.4974669064172
              ],
              [
                -122.14921456008696,
                47.49746839043888
              ],
              [
                -122.14924220475461,
                47.49746862419272
              ],
              [
                -122.14943664435823,
                47.497470276524425
              ],
              [
                -122.1494445333567,
                47.49747034340636
              ],
              [
                -122.14964686458072,
                47.49747206043011
              ],
              [
                -122.1496515790239,
                47.49747225405687
              ],
              [
                -122.14984919320946,
                47.497473778922696
              ],
              [
                -122.14988722290425,
                47.497474100807814
              ],
              [
                -122.14989320858197,
                47.497741055939954
              ],
              [
                -122.14989382364234,
                47.49776846767895
              ],
              [
                -122.14989535086244,
                47.49783653117056
              ],
              [
                -122.14989784381626,
                47.49794768362643
              ],
              [
                -122.1499012267187,
                47.49809850216496
              ],
              [
                -122.149903519943,
                47.49820079618006
              ],
              [
                -122.15030802359804,
                47.49820423193858
              ],
              [
                -122.15031065873232,
                47.49837679814495
              ],
              [
                -122.1502773425043,
                47.49838222574725
              ],
              [
                -122.150207795291,
                47.498380790627095
              ],
              [
                -122.1501149717564,
                47.498375402820415
              ],
              [
                -122.14999464580049,
                47.498398355436656
              ],
              [
                -122.14990050572763,
                47.49840328278883
              ],
              [
                -122.14988675911316,
                47.49840465030087
              ],
              [
                -122.14987341875292,
                47.49840728239303
              ],
              [
                -122.14986073690316,
                47.498411128463495
              ],
              [
                -122.1498489520055,
                47.49841611648102
              ],
              [
                -122.14990836148854,
                47.49841664386003
              ],
              [
                -122.14990959668239,
                47.498471666984244
              ],
              [
                -122.1499101032412,
                47.49849425469217
              ],
              [
                -122.14991167821414,
                47.49856452337476
              ],
              [
                -122.14991937163275,
                47.49890752089021
              ],
              [
                -122.1499202933466,
                47.498948654701934
              ],
              [
                -122.14992589003059,
                47.499198191493676
              ],
              [
                -122.14992644438077,
                47.49922288184068
              ],
              [
                -122.14991478677756,
                47.49928544261927
              ],
              [
                -122.1512801456138,
                47.49929544246561
              ],
              [
                -122.15129349383835,
                47.499740965771
              ],
              [
                -122.15115255803217,
                47.499740597274126
              ],
              [
                -122.15111209250844,
                47.49974023749396
              ],
              [
                -122.15110399994369,
                47.49974016588971
              ],
              [
                -122.15091188936313,
                47.49973846050302
              ],
              [
                -122.15070955252267,
                47.49973666293551
              ],
              [
                -122.15068230467097,
                47.49973642132288
              ],
              [
                -122.1505072183501,
                47.49973486497667
              ],
              [
                -122.15047996784625,
                47.49973462334627
              ],
              [
                -122.15030488153751,
                47.49973306668816
              ],
              [
                -122.15027763368958,
                47.49973282497843
              ],
              [
                -122.15010242525867,
                47.49973126762551
              ],
              [
                -122.15007529689282,
                47.499731026280806
              ],
              [
                -122.14989996899384,
                47.49972946820193
              ],
              [
                -122.14987296276404,
                47.49972922719194
              ],
              [
                -122.14969747023191,
                47.499727667111074
              ],
              [
                -122.14965039923788,
                47.49972724845104
              ],
              [
                -122.14949497418344,
                47.49972586742699
              ],
              [
                -122.14944806513849,
                47.49972544860511
              ],
              [
                -122.14929243559254,
                47.49972406427677
              ],
              [
                -122.1492255042986,
                47.49972346900076
              ],
              [
                -122.14909009890907,
                47.49972226562239
              ],
              [
                -122.14902316757446,
                47.4997216684285
              ],
              [
                -122.14882083356363,
                47.49971986926361
              ],
              [
                -122.14863715422509,
                47.49971823327104
              ],
              [
                -122.14859820902763,
                47.49971788736918
              ],
              [
                -122.14859000871277,
                47.49935708426558
              ],
              [
                -122.14858988361992,
                47.49935159834363
              ],
              [
                -122.1485898203362,
                47.499348878779976
              ],
              [
                -122.14858957230575,
                47.4993378871206
              ],
              [
                -122.14858926099177,
                47.499324175897584
              ],
              [
                -122.1485881594177,
                47.49927571178341
              ],
              [
                -122.14805765251357,
                47.49927181542251
              ],
              [
                -122.145910946987,
                47.49925602719702
              ],
              [
                -122.14591012069685,
                47.49921070119659
              ],
              [
                -122.14590947559273,
                47.49918327901207
              ],
              [
                -122.14590896050598,
                47.49916154959299
              ],
              [
                -122.14590291079762,
                47.49890495824946
              ]
            ]
          ]
        ]
      }
    },
    {
      "type": "Feature",
      "properties": {
        "Neighborhood": "Heritage Garden Estates",
        "DataProvider": "Renton",
        "Edit_Date": "2017-04-19T00:00:00.000",
        "GlobalID": "{FA40B795-9E2D-42D5-80A2-66D03F2C5B4B}",
        "DataProvid": "Renton",
        "Shape_Length": 3218.3781053655975,
        "Shape_Area": 495119.16150025453
      },
      "geometry": {
        "type": "MultiPolygon",
        "coordinates": [
          [
            [
              [
                -122.19271721103681,
                47.47405986280487
              ],
              [
                -122.19266691671048,
                47.47401981329192
              ],
              [
                -122.19262792264283,
                47.47402024254531
              ],
              [
                -122.19262868446431,
                47.47397910473314
              ],
              [
                -122.19263060274557,
                47.473875106779886
              ],
              [
                -122.19263360318651,
                47.47371262871931
              ],
              [
                -122.19263663913388,
                47.47354815317147
              ],
              [
                -122.19263714556534,
                47.4735207405749
              ],
              [
                -122.19263739880431,
                47.47350703517595
              ],
              [
                -122.19263967506208,
                47.47338367762403
              ],
              [
                -122.1926405862011,
                47.47333442023549
              ],
              [
                -122.19264220715141,
                47.47324661284309
              ],
              [
                -122.19264524304448,
                47.47308213729647
              ],
              [
                -122.19264777245186,
                47.47294507254803
              ],
              [
                -122.19265030454547,
                47.472808009566656
              ],
              [
                -122.19265334034066,
                47.47264353222263
              ],
              [
                -122.19265586975229,
                47.47250646927373
              ],
              [
                -122.19265839910382,
                47.47236940452653
              ],
              [
                -122.19266093114157,
                47.472232341546515
              ],
              [
                -122.19266386560794,
                47.47207334744267
              ],
              [
                -122.19266690131764,
                47.47190887010065
              ],
              [
                -122.19266931682516,
                47.471778029995356
              ],
              [
                -122.19302268056163,
                47.47169124628248
              ],
              [
                -122.19308581930582,
                47.47167573852934
              ],
              [
                -122.19318963088996,
                47.47163031280585
              ],
              [
                -122.19346223717845,
                47.4717948982041
              ],
              [
                -122.19397819039595,
                47.47213336330369
              ],
              [
                -122.1948015738834,
                47.47269161526087
              ],
              [
                -122.19551972829649,
                47.47318192717891
              ],
              [
                -122.19572455147998,
                47.473321765666306
              ],
              [
                -122.1961874474705,
                47.473637792804254
              ],
              [
                -122.1964848967399,
                47.47384086358264
              ],
              [
                -122.19672381760805,
                47.47400615186213
              ],
              [
                -122.19654328855101,
                47.47399566784775
              ],
              [
                -122.19643220083185,
                47.473989216265245
              ],
              [
                -122.19633984004508,
                47.47399278676922
              ],
              [
                -122.19622313053496,
                47.47399729909051
              ],
              [
                -122.19598109204377,
                47.47398339315989
              ],
              [
                -122.19532807231215,
                47.473990576856984
              ],
              [
                -122.19496425418397,
                47.47399457712633
              ],
              [
                -122.19453976562586,
                47.47399924454041
              ],
              [
                -122.19444143550822,
                47.47400032489362
              ],
              [
                -122.19419885995595,
                47.474002990934785
              ],
              [
                -122.19399671362002,
                47.47400521134042
              ],
              [
                -122.19389255785683,
                47.47400635566389
              ],
              [
                -122.19379456731377,
                47.47400743318468
              ],
              [
                -122.19355199164853,
                47.474010096044815
              ],
              [
                -122.19334984530444,
                47.474012317097035
              ],
              [
                -122.19316451527774,
                47.47401435249538
              ],
              [
                -122.19310726964066,
                47.474014980805286
              ],
              [
                -122.19307488691663,
                47.47405577601368
              ],
              [
                -122.19281091099482,
                47.47405879263169
              ],
              [
                -122.19271721103681,
                47.47405986280487
              ]
            ]
          ]
        ]
      }
    },
    {
      "type": "Feature",
      "properties": {
        "Neighborhood": "Rolling Hills",
        "DataProvider": "Renton",
        "Edit_Date": "2017-04-19T00:00:00.000",
        "GlobalID": "{0203C10E-B332-4C62-8E50-BDF92046E136}",
        "DataProvid": "Renton",
        "Shape_Length": 9821.604580281253,
        "Shape_Area": 5197439.783530765
      },
      "geometry": {
        "type": "MultiPolygon",
        "coordinates": [
          [
            [
              [
                -122.18588510240454,
                47.46055246391906
              ],
              [
                -122.18590179372575,
                47.45973159440198
              ],
              [
                -122.18830737981105,
                47.45975075768694
              ],
              [
                -122.1899714220837,
                47.45975492349282
              ],
              [
                -122.19145822412236,
                47.45975771241553
              ],
              [
                -122.19540162455417,
                47.45979438862925
              ],
              [
                -122.1955187892426,
                47.45979577433926
              ],
              [
                -122.19552471131385,
                47.45987696031584
              ],
              [
                -122.1966446626124,
                47.46067168281558
              ],
              [
                -122.19664260656863,
                47.46077546486684
              ],
              [
                -122.1966382839773,
                47.46099365731644
              ],
              [
                -122.19663308295421,
                47.461256216722326
              ],
              [
                -122.19662764537581,
                47.4615306426083
              ],
              [
                -122.19662294327075,
                47.46176802762235
              ],
              [
                -122.19661916891046,
                47.461958670202
              ],
              [
                -122.19661857065744,
                47.46198867832286
              ],
              [
                -122.19661537878723,
                47.46214982753008
              ],
              [
                -122.19661163934552,
                47.46233876229148
              ],
              [
                -122.19660781836974,
                47.46253158421067
              ],
              [
                -122.19660404396683,
                47.46272212783864
              ],
              [
                -122.19659899008381,
                47.46297713082344
              ],
              [
                -122.19659311762935,
                47.46327361599859
              ],
              [
                -122.19659216631132,
                47.46332169369151
              ],
              [
                -122.19659009547655,
                47.46342613621365
              ],
              [
                -122.19658547795497,
                47.46365915546248
              ],
              [
                -122.19658527971306,
                47.46366913596584
              ],
              [
                -122.19658110484202,
                47.463880002281115
              ],
              [
                -122.19657770755684,
                47.46405147571983
              ],
              [
                -122.19657574904856,
                47.46416255578059
              ],
              [
                -122.19657422181521,
                47.464258560925586
              ],
              [
                -122.19657041060162,
                47.46449878690606
              ],
              [
                -122.19656714491619,
                47.464704852945786
              ],
              [
                -122.19656431013897,
                47.46488344068959
              ],
              [
                -122.19656168495193,
                47.46504913136121
              ],
              [
                -122.19656126394636,
                47.4650757711318
              ],
              [
                -122.19655761487789,
                47.465305756167076
              ],
              [
                -122.19655484892108,
                47.465480379543635
              ],
              [
                -122.19655245923934,
                47.4656309166902
              ],
              [
                -122.19654807206231,
                47.46590760050515
              ],
              [
                -122.19632704195944,
                47.46591335554522
              ],
              [
                -122.19579802118393,
                47.46592711930881
              ],
              [
                -122.1954124244305,
                47.46593715127134
              ],
              [
                -122.19511007854194,
                47.46594501703477
              ],
              [
                -122.19482788838638,
                47.46595235589497
              ],
              [
                -122.19450538909699,
                47.4659607443147
              ],
              [
                -122.19421513329154,
                47.46596829354495
              ],
              [
                -122.19393093053918,
                47.465975684894076
              ],
              [
                -122.19364672230783,
                47.465983071997826
              ],
              [
                -122.19336453704547,
                47.46599040715578
              ],
              [
                -122.19304385354519,
                47.4659987462649
              ],
              [
                -122.19278146609692,
                47.466005565673605
              ],
              [
                -122.19249210591721,
                47.466013085368076
              ],
              [
                -122.19218452260186,
                47.46602107802449
              ],
              [
                -122.19179222307655,
                47.466030202792645
              ],
              [
                -122.1911454953971,
                47.466044215028695
              ],
              [
                -122.18881745648567,
                47.46609462888818
              ],
              [
                -122.18866763015765,
                47.466020656143094
              ],
              [
                -122.18989475192721,
                47.46499812770057
              ],
              [
                -122.18972252126032,
                47.46490143732222
              ],
              [
                -122.18932806126557,
                47.46462607934969
              ],
              [
                -122.18896171899344,
                47.46437037633526
              ],
              [
                -122.18893255249365,
                47.46435001832286
              ],
              [
                -122.1886620244702,
                47.464161192075736
              ],
              [
                -122.18828159222221,
                47.46389565194928
              ],
              [
                -122.18814162609938,
                47.46379795597013
              ],
              [
                -122.1884317961341,
                47.46360692394293
              ],
              [
                -122.1882204586246,
                47.463459394648645
              ],
              [
                -122.18800912998644,
                47.46331185407472
              ],
              [
                -122.18779780519543,
                47.463164313076085
              ],
              [
                -122.18768182703991,
                47.46308334121144
              ],
              [
                -122.18765550018759,
                47.4630836194582
              ],
              [
                -122.18740477203825,
                47.46308627892842
              ],
              [
                -122.18710146459588,
                47.46308950039559
              ],
              [
                -122.18679816228057,
                47.463092715592985
              ],
              [
                -122.18646857028723,
                47.463096211105544
              ],
              [
                -122.18596307671564,
                47.46310155977699
              ],
              [
                -122.18586425327784,
                47.463101085255026
              ],
              [
                -122.18586137117774,
                47.46302730130188
              ],
              [
                -122.1858882994164,
                47.46196033506916
              ],
              [
                -122.18588510240454,
                47.46055246391906
              ]
            ]
          ]
        ]
      }
    },
    {
      "type": "Feature",
      "properties": {
        "Neighborhood": "Springtree",
        "DataProvider": "Renton",
        "Edit_Date": "2017-04-19T00:00:00.000",
        "GlobalID": "{188BF090-0B3F-483E-82B4-C3F4FAE817D2}",
        "DataProvid": "Renton",
        "Shape_Length": 3017.443812358688,
        "Shape_Area": 526312.8267211987
      },
      "geometry": {
        "type": "MultiPolygon",
        "coordinates": [
          [
            [
              [
                -122.16308188315729,
                47.503703435435526
              ],
              [
                -122.16319642677497,
                47.50369605615917
              ],
              [
                -122.16319659200049,
                47.50380002675371
              ],
              [
                -122.16319482436668,
                47.50424592570491
              ],
              [
                -122.16319181224421,
                47.504814177423604
              ],
              [
                -122.16319044046301,
                47.50509425183826
              ],
              [
                -122.16318986316621,
                47.505203932616794
              ],
              [
                -122.1631896463163,
                47.505245400027654
              ],
              [
                -122.16318825143874,
                47.50551093223275
              ],
              [
                -122.16318668712954,
                47.505860079840446
              ],
              [
                -122.16318545938958,
                47.50610260083694
              ],
              [
                -122.16318420767048,
                47.50634990783766
              ],
              [
                -122.16318315313141,
                47.5065582034895
              ],
              [
                -122.16309166410566,
                47.50655715540908
              ],
              [
                -122.16280881723398,
                47.506553910921205
              ],
              [
                -122.16252597044341,
                47.5065506675275
              ],
              [
                -122.16224312103357,
                47.50654742346051
              ],
              [
                -122.16196027426753,
                47.506544176859414
              ],
              [
                -122.16167743023696,
                47.5065409313215
              ],
              [
                -122.16139458358715,
                47.506537685110246
              ],
              [
                -122.16111173692681,
                47.50653443639596
              ],
              [
                -122.16093288112472,
                47.50653238219131
              ],
              [
                -122.16093795068385,
                47.505576789035516
              ],
              [
                -122.16094371862349,
                47.50442338813375
              ],
              [
                -122.1609447220913,
                47.50429584774455
              ],
              [
                -122.16115770489873,
                47.50422623874581
              ],
              [
                -122.16148462374623,
                47.5041213074211
              ],
              [
                -122.16208902918876,
                47.50392620027404
              ],
              [
                -122.16240170611313,
                47.50383068500733
              ],
              [
                -122.16257659987019,
                47.503786569463465
              ],
              [
                -122.16276506293735,
                47.503747013045285
              ],
              [
                -122.16287651116153,
                47.50372996215104
              ],
              [
                -122.16308188315729,
                47.503703435435526
              ]
            ]
          ]
        ]
      }
    },
    {
      "type": "Feature",
      "properties": {
        "Neighborhood": "Lakeview",
        "DataProvider": "Renton",
        "Edit_Date": "2017-04-19T00:00:00.000",
        "GlobalID": "{7216003C-E528-4E34-A505-EA1F4C821AA6}",
        "DataProvid": "Renton",
        "Shape_Length": 3095.0154320530723,
        "Shape_Area": 464285.2638087414
      },
      "geometry": {
        "type": "MultiPolygon",
        "coordinates": [
          [
            [
              [
                -122.22016092004277,
                47.497776062036145
              ],
              [
                -122.22005669757034,
                47.497392121548764
              ],
              [
                -122.21978423363835,
                47.496407708794685
              ],
              [
                -122.21951644501215,
                47.49544015061434
              ],
              [
                -122.21947218525432,
                47.49528022865998
              ],
              [
                -122.21966236953966,
                47.49528104437759
              ],
              [
                -122.2196595642344,
                47.495270635365586
              ],
              [
                -122.22171680740604,
                47.49531306335673
              ],
              [
                -122.22199958202349,
                47.4953188924584
              ],
              [
                -122.22199676143266,
                47.49540109226346
              ],
              [
                -122.2219873592153,
                47.49567508471922
              ],
              [
                -122.22210865084637,
                47.49567758364431
              ],
              [
                -122.22222994383992,
                47.49568008332291
              ],
              [
                -122.22238358112251,
                47.49568324958285
              ],
              [
                -122.22237770402906,
                47.49585449614918
              ],
              [
                -122.22237234666929,
                47.49601067192101
              ],
              [
                -122.22236148635477,
                47.49632712914762
              ],
              [
                -122.22235913980973,
                47.49639551185461
              ],
              [
                -122.22235443727398,
                47.496532621025146
              ],
              [
                -122.22234974036591,
                47.496669444058796
              ],
              [
                -122.2223173894846,
                47.49666895103133
              ],
              [
                -122.22231456929768,
                47.49675114994637
              ],
              [
                -122.22195068552084,
                47.4967436507605
              ],
              [
                -122.22182938741322,
                47.496741150816014
              ],
              [
                -122.22182656763654,
                47.49682334430704
              ],
              [
                -122.22181716291777,
                47.4970973358705
              ],
              [
                -122.22169586927792,
                47.497094834819194
              ],
              [
                -122.22157457299578,
                47.49709233367074
              ],
              [
                -122.2214532767492,
                47.49708983329202
              ],
              [
                -122.2213319818412,
                47.49708733276757
              ],
              [
                -122.2212106803101,
                47.49708483219459
              ],
              [
                -122.22120125110655,
                47.497359473466645
              ],
              [
                -122.22119845165221,
                47.49744102257967
              ],
              [
                -122.22105693645011,
                47.49743810501423
              ],
              [
                -122.22105411409139,
                47.49752029850295
              ],
              [
                -122.22105176087976,
                47.49758879639055
              ],
              [
                -122.22104940898893,
                47.49765729426193
              ],
              [
                -122.2210470570681,
                47.497725791234046
              ],
              [
                -122.22104470386182,
                47.49779429002096
              ],
              [
                -122.22091127075403,
                47.49779153796196
              ],
              [
                -122.22070911167313,
                47.49778736936262
              ],
              [
                -122.22033588005728,
                47.49777967147822
              ],
              [
                -122.22016092004277,
                47.497776062036145
              ]
            ]
          ]
        ]
      }
    },
    {
      "type": "Feature",
      "properties": {
        "Neighborhood": "VerCello",
        "DataProvider": "Renton",
        "Edit_Date": "2017-04-19T00:00:00.000",
        "GlobalID": "{97123777-F55B-4A1F-B13C-23D094BF56E3}",
        "DataProvid": "Renton",
        "Shape_Length": 100.10581488916041,
        "Shape_Area": 32.00501121275647
      },
      "geometry": {
        "type": "MultiPolygon",
        "coordinates": [
          [
            [
              [
                -122.15070955252267,
                47.49973666293551
              ],
              [
                -122.15091188936313,
                47.49973846050302
              ],
              [
                -122.15081510085808,
                47.49974110922331
              ],
              [
                -122.15070955252267,
                47.49973666293551
              ]
            ]
          ]
        ]
      }
    },
    {
      "type": "Feature",
      "properties": {
        "Neighborhood": "Liberty Grove",
        "DataProvider": "Renton",
        "Edit_Date": "2017-04-19T00:00:00.000",
        "GlobalID": "{6F9FBD77-BD2D-42A8-8E5E-EF651F6C8370}",
        "DataProvid": "Renton",
        "Shape_Length": 2002.434916179122,
        "Shape_Area": 227543.99724307566
      },
      "geometry": {
        "type": "MultiPolygon",
        "coordinates": [
          [
            [
              [
                -122.12763157796648,
                47.48199812029875
              ],
              [
                -122.12720406209226,
                47.481997460969026
              ],
              [
                -122.12708205274494,
                47.481999658549796
              ],
              [
                -122.12707152839019,
                47.48100388052575
              ],
              [
                -122.12900965611574,
                47.48105616516919
              ],
              [
                -122.12969549794052,
                47.481074323732834
              ],
              [
                -122.12969262333363,
                47.48132713973168
              ],
              [
                -122.12971223273257,
                47.482004764117214
              ],
              [
                -122.12958636615994,
                47.482004143328155
              ],
              [
                -122.12922592814354,
                47.48200339396647
              ],
              [
                -122.1288614837693,
                47.4820026352121
              ],
              [
                -122.1284873678741,
                47.48200185610214
              ],
              [
                -122.12841820986881,
                47.48200171141992
              ],
              [
                -122.12801575482808,
                47.48199969693591
              ],
              [
                -122.12773154474273,
                47.481998273969786
              ],
              [
                -122.12763157796648,
                47.48199812029875
              ]
            ]
          ]
        ]
      }
    },
    {
      "type": "Feature",
      "properties": {
        "Neighborhood": "Highbury Park",
        "DataProvider": "Renton",
        "Edit_Date": "2017-04-19T00:00:00.000",
        "GlobalID": "{5543FFCE-558A-47C8-9393-1A012C23D1CF}",
        "DataProvid": "Renton",
        "Shape_Length": 4789.900047472514,
        "Shape_Area": 1095036.5662992408
      },
      "geometry": {
        "type": "MultiPolygon",
        "coordinates": [
          [
            [
              [
                -122.18035656916435,
                47.48993743923572
              ],
              [
                -122.18038780259039,
                47.488575643264284
              ],
              [
                -122.18064566095785,
                47.48857463971957
              ],
              [
                -122.18121951983046,
                47.48857254147844
              ],
              [
                -122.18311857504719,
                47.48856595533585
              ],
              [
                -122.18462813735731,
                47.488553826147616
              ],
              [
                -122.18471277249466,
                47.488541240249766
              ],
              [
                -122.18493656365114,
                47.48848676225941
              ],
              [
                -122.18508525582612,
                47.48843716318581
              ],
              [
                -122.1852301439317,
                47.48836963747953
              ],
              [
                -122.18534075265308,
                47.48830191532225
              ],
              [
                -122.18544736473201,
                47.488244472436776
              ],
              [
                -122.18560349838684,
                47.48820951100408
              ],
              [
                -122.18577694940623,
                47.48818722318329
              ],
              [
                -122.18569219844866,
                47.48833069692989
              ],
              [
                -122.18562013123625,
                47.488477977657645
              ],
              [
                -122.1855926167803,
                47.48855677095185
              ],
              [
                -122.18558207283671,
                47.48901309241593
              ],
              [
                -122.18558612197202,
                47.489968902565046
              ],
              [
                -122.18558841776725,
                47.49034999874961
              ],
              [
                -122.18559204039934,
                47.491299486379
              ],
              [
                -122.18415216974797,
                47.491295001694084
              ],
              [
                -122.18226891344476,
                47.49129469729757
              ],
              [
                -122.18206338329867,
                47.49129450250203
              ],
              [
                -122.18203382710921,
                47.49008627370928
              ],
              [
                -122.18203114766091,
                47.48993548898252
              ],
              [
                -122.18199758773117,
                47.489935527836295
              ],
              [
                -122.18182731566077,
                47.489935727935176
              ],
              [
                -122.18146501401635,
                47.4899361518479
              ],
              [
                -122.18120034358404,
                47.48993645901851
              ],
              [
                -122.18089701034712,
                47.489936812497504
              ],
              [
                -122.18076139839096,
                47.48993697020476
              ],
              [
                -122.1804752943268,
                47.48993730158077
              ],
              [
                -122.18035656916435,
                47.48993743923572
              ]
            ]
          ]
        ]
      }
    },
    {
      "type": "Feature",
      "properties": {
        "Neighborhood": "Windwood",
        "DataProvider": "Renton",
        "Edit_Date": "2017-04-19T00:00:00.000",
        "GlobalID": "{F3924D26-1601-494F-9638-B9CFB6BD05A7}",
        "DataProvid": "Renton",
        "Shape_Length": 5255.733502342332,
        "Shape_Area": 1292815.7087533975
      },
      "geometry": {
        "type": "MultiPolygon",
        "coordinates": [
          [
            [
              [
                -122.13772105960167,
                47.48847400354984
              ],
              [
                -122.13772962992732,
                47.48834949050348
              ],
              [
                -122.13988618888067,
                47.48836816642043
              ],
              [
                -122.14037038646164,
                47.48837221635036
              ],
              [
                -122.14037232074371,
                47.488485523360254
              ],
              [
                -122.14037246715431,
                47.488493749116515
              ],
              [
                -122.14037311357167,
                47.488529395122136
              ],
              [
                -122.1403732111939,
                47.48853487955921
              ],
              [
                -122.14037529435875,
                47.48864989043478
              ],
              [
                -122.14037643252797,
                47.48871278586716
              ],
              [
                -122.14037827076731,
                47.488814421198995
              ],
              [
                -122.14038050155908,
                47.488937652420155
              ],
              [
                -122.14038124989325,
                47.488978953731554
              ],
              [
                -122.14038422876763,
                47.489143475472716
              ],
              [
                -122.14038447309082,
                47.489157038133904
              ],
              [
                -122.14038472485132,
                47.489170897566666
              ],
              [
                -122.14038576344092,
                47.48922833557205
              ],
              [
                -122.14038601146098,
                47.48924204571972
              ],
              [
                -122.14038613894171,
                47.48924903928696
              ],
              [
                -122.14038650786205,
                47.489269480404005
              ],
              [
                -122.14038903281985,
                47.48940900300074
              ],
              [
                -122.14039177558602,
                47.48956049992866
              ],
              [
                -122.14039475339989,
                47.48972497670555
              ],
              [
                -122.14039773127764,
                47.48988945528138
              ],
              [
                -122.14040070912915,
                47.490053932058906
              ],
              [
                -122.14040278754716,
                47.490168748686045
              ],
              [
                -122.14040368434573,
                47.49021840886732
              ],
              [
                -122.14040666223468,
                47.49038288564545
              ],
              [
                -122.14040964014254,
                47.49054736242392
              ],
              [
                -122.14041092532679,
                47.49061834507492
              ],
              [
                -122.14041261806904,
                47.49071183920266
              ],
              [
                -122.1404155934058,
                47.49087631781089
              ],
              [
                -122.14041857136993,
                47.491040794590226
              ],
              [
                -122.14042154935278,
                47.49120527136988
              ],
              [
                -122.14042452735453,
                47.49136974814986
              ],
              [
                -122.14042750537499,
                47.4915342249301
              ],
              [
                -122.14043048076054,
                47.491698701741186
              ],
              [
                -122.14043346125268,
                47.49186327564728
              ],
              [
                -122.14043395752336,
                47.491890703137926
              ],
              [
                -122.14043539341594,
                47.49197002664272
              ],
              [
                -122.14043672983507,
                47.49204389811594
              ],
              [
                -122.14043683089065,
                47.49204941309917
              ],
              [
                -122.1404372261092,
                47.49207132560662
              ],
              [
                -122.14043981390806,
                47.49221419207861
              ],
              [
                -122.14044020655376,
                47.492235895916174
              ],
              [
                -122.14044269385305,
                47.49237326898854
              ],
              [
                -122.14044332336618,
                47.49240813076873
              ],
              [
                -122.14044567140796,
                47.49253782853746
              ],
              [
                -122.14044644285298,
                47.49258036559107
              ],
              [
                -122.1404486516354,
                47.49270238805611
              ],
              [
                -122.14044955975164,
                47.49275260224289
              ],
              [
                -122.14045153528576,
                47.492861610654735
              ],
              [
                -122.14045267927955,
                47.49292483706589
              ],
              [
                -122.14045579617434,
                47.49309707191971
              ],
              [
                -122.14045891574348,
                47.49326930674332
              ],
              [
                -122.14046203267944,
                47.49344154159778
              ],
              [
                -122.1404651522898,
                47.493613776421995
              ],
              [
                -122.14046789911046,
                47.49376552339501
              ],
              [
                -122.1404684557368,
                47.493796204826324
              ],
              [
                -122.14042647534508,
                47.49379542514151
              ],
              [
                -122.14014638299896,
                47.49379022221742
              ],
              [
                -122.14010591641419,
                47.49378946996854
              ],
              [
                -122.1399440421703,
                47.493786462719115
              ],
              [
                -122.13990357559135,
                47.49378571039814
              ],
              [
                -122.13966077092456,
                47.49378119982776
              ],
              [
                -122.13941796094718,
                47.49377668700058
              ],
              [
                -122.13913329817662,
                47.49377139742201
              ],
              [
                -122.13781948389769,
                47.49374696960141
              ],
              [
                -122.13781724578925,
                47.493627244984296
              ],
              [
                -122.13781396443402,
                47.493451802391874
              ],
              [
                -122.13781068314582,
                47.493276361598454
              ],
              [
                -122.13780751593066,
                47.49310696638287
              ],
              [
                -122.13780337798144,
                47.49288581225269
              ],
              [
                -122.13779093842892,
                47.49222057081996
              ],
              [
                -122.13778801464153,
                47.49206419314027
              ],
              [
                -122.13778712962245,
                47.49201692207933
              ],
              [
                -122.13778698336388,
                47.492009057947975
              ],
              [
                -122.13778658244676,
                47.49198756290857
              ],
              [
                -122.13778443586067,
                47.49187265892171
              ],
              [
                -122.13778411513773,
                47.4918554844797
              ],
              [
                -122.13778392409421,
                47.49184524600664
              ],
              [
                -122.13778360301168,
                47.49182805717569
              ],
              [
                -122.13778104628004,
                47.49169091701292
              ],
              [
                -122.13777999702167,
                47.491634743927555
              ],
              [
                -122.13777797836418,
                47.49152643949251
              ],
              [
                -122.13777631610856,
                47.49143737269572
              ],
              [
                -122.13777491051262,
                47.49136196377097
              ],
              [
                -122.13777263787703,
                47.49124000143383
              ],
              [
                -122.13777184268041,
                47.491197488049785
              ],
              [
                -122.13776895697463,
                47.49104262840424
              ],
              [
                -122.13776877747623,
                47.49103301049976
              ],
              [
                -122.1377657096827,
                47.490868534779146
              ],
              [
                -122.13776527614512,
                47.49084525717369
              ],
              [
                -122.13776264190854,
                47.490704059058785
              ],
              [
                -122.1377615953434,
                47.490647885943595
              ],
              [
                -122.13775957410873,
                47.49053958154019
              ],
              [
                -122.13775791456959,
                47.490450514713885
              ],
              [
                -122.13775650902689,
                47.49037510578996
              ],
              [
                -122.13775423382369,
                47.490253143484615
              ],
              [
                -122.13775344131072,
                47.490210630070564
              ],
              [
                -122.13775055306054,
                47.49005577045721
              ],
              [
                -122.13775037356893,
                47.490046152552814
              ],
              [
                -122.13774730589145,
                47.48988167683401
              ],
              [
                -122.1377468723703,
                47.48985839922881
              ],
              [
                -122.13774424088696,
                47.489717201084986
              ],
              [
                -122.13774319170795,
                47.48966102800085
              ],
              [
                -122.1377411732032,
                47.48955272356816
              ],
              [
                -122.13773951107336,
                47.48946365677337
              ],
              [
                -122.13773810558382,
                47.48938824785028
              ],
              [
                -122.13773558701293,
                47.48925315466935
              ],
              [
                -122.13773553856532,
                47.48925058066604
              ],
              [
                -122.13773507662464,
                47.48922574173982
              ],
              [
                -122.13773502817698,
                47.489223167736526
              ],
              [
                -122.13773297979229,
                47.48911334877771
              ],
              [
                -122.13773292981512,
                47.489110607472576
              ],
              [
                -122.13773241677602,
                47.489083194573624
              ],
              [
                -122.1377314459835,
                47.48903111001986
              ],
              [
                -122.13772781806803,
                47.488836480068414
              ],
              [
                -122.13772179925233,
                47.48851376849396
              ],
              [
                -122.13772164653588,
                47.48850553921326
              ],
              [
                -122.13772140425914,
                47.488492561249316
              ],
              [
                -122.13772105960167,
                47.48847400354984
              ]
            ]
          ]
        ]
      }
    },
    {
      "type": "Feature",
      "properties": {
        "Neighborhood": "Aspenwoods",
        "DataProvider": "Renton",
        "Edit_Date": "2017-04-19T00:00:00.000",
        "GlobalID": "{351200CA-ED48-430D-9D01-13DD2DAD6760}",
        "DataProvid": "Renton",
        "Shape_Length": 2630.235397277019,
        "Shape_Area": 359296.9986504551
      },
      "geometry": {
        "type": "MultiPolygon",
        "coordinates": [
          [
            [
              [
                -122.1498474440139,
                47.495702398971524
              ],
              [
                -122.14984657498026,
                47.49573737890169
              ],
              [
                -122.14985340963887,
                47.496044499842455
              ],
              [
                -122.15107150456602,
                47.49605439152125
              ],
              [
                -122.15119038513676,
                47.49605494313161
              ],
              [
                -122.15120208521529,
                47.49638446626478
              ],
              [
                -122.15122541960264,
                47.49704162780235
              ],
              [
                -122.15111119929294,
                47.49704079182618
              ],
              [
                -122.15094840409101,
                47.49703960007234
              ],
              [
                -122.15083277916001,
                47.49703875312906
              ],
              [
                -122.15073607851471,
                47.49704058311191
              ],
              [
                -122.15065300339354,
                47.49704635606828
              ],
              [
                -122.15053435024564,
                47.497061518506804
              ],
              [
                -122.1504888190781,
                47.49706894369552
              ],
              [
                -122.15048881820968,
                47.49712813716853
              ],
              [
                -122.15048912788924,
                47.497142184849515
              ],
              [
                -122.15048943756896,
                47.4971562325305
              ],
              [
                -122.15049657737259,
                47.497479271422385
              ],
              [
                -122.15025385046158,
                47.4974772130278
              ],
              [
                -122.15005152180619,
                47.497475495256204
              ],
              [
                -122.14988722290425,
                47.497474100807814
              ],
              [
                -122.14984919320946,
                47.497473778922696
              ],
              [
                -122.1496515790239,
                47.49747225405687
              ],
              [
                -122.14964686458072,
                47.49747206043011
              ],
              [
                -122.1494445333567,
                47.49747034340636
              ],
              [
                -122.14943664435823,
                47.497470276524425
              ],
              [
                -122.14924220475461,
                47.49746862419272
              ],
              [
                -122.14921456008696,
                47.49746839043888
              ],
              [
                -122.14903987621129,
                47.4974669064172
              ],
              [
                -122.14899200580334,
                47.49746649857045
              ],
              [
                -122.14879709894419,
                47.497464843694516
              ],
              [
                -122.1487694542352,
                47.49746460803365
              ],
              [
                -122.1485671788028,
                47.49746288880098
              ],
              [
                -122.14854694780104,
                47.49746271653815
              ],
              [
                -122.14854455243581,
                47.49735731839883
              ],
              [
                -122.14854423862755,
                47.49734361260258
              ],
              [
                -122.14854392747348,
                47.49732990677561
              ],
              [
                -122.14854081328747,
                47.49719284853674
              ],
              [
                -122.14853994031945,
                47.49715444525439
              ],
              [
                -122.1485373853132,
                47.497042084501835
              ],
              [
                -122.14853682213962,
                47.49701733308807
              ],
              [
                -122.1485342711616,
                47.49690502626328
              ],
              [
                -122.14853370658479,
                47.49688021909254
              ],
              [
                -122.1485308432252,
                47.49675426222867
              ],
              [
                -122.14853059109166,
                47.49674310689576
              ],
              [
                -122.14852747305171,
                47.49660599832711
              ],
              [
                -122.14852436033605,
                47.49646888969713
              ],
              [
                -122.14852404640239,
                47.496455178505144
              ],
              [
                -122.14852373512282,
                47.496441467282445
              ],
              [
                -122.1485211240776,
                47.49632646064856
              ],
              [
                -122.14851214123632,
                47.49593111238802
              ],
              [
                -122.14850902585665,
                47.49579400019228
              ],
              [
                -122.14850767390662,
                47.49573449677241
              ],
              [
                -122.1485059106294,
                47.49565689339251
              ],
              [
                -122.14895157235927,
                47.49566774981891
              ],
              [
                -122.14895323263976,
                47.49569531136752
              ],
              [
                -122.1490379450106,
                47.495696587674196
              ],
              [
                -122.1498474440139,
                47.495702398971524
              ]
            ]
          ]
        ]
      }
    },
    {
      "type": "Feature",
      "properties": {
        "Neighborhood": "Summit Park",
        "DataProvider": "Renton",
        "Edit_Date": "2017-04-19T00:00:00.000",
        "GlobalID": "{13D9F8E3-3A46-410C-B37E-17A75EA905BF}",
        "DataProvid": "Renton",
        "Shape_Length": 1674.877033397502,
        "Shape_Area": 176532.83860784274
      },
      "geometry": {
        "type": "MultiPolygon",
        "coordinates": [
          [
            [
              [
                -122.21286252849977,
                47.434203457171876
              ],
              [
                -122.2123433371202,
                47.43420185538235
              ],
              [
                -122.21172635784887,
                47.434199948316206
              ],
              [
                -122.21160515201325,
                47.43419957910582
              ],
              [
                -122.21148394617941,
                47.43419920976589
              ],
              [
                -122.2113627403948,
                47.434198842094986
              ],
              [
                -122.21124153456432,
                47.43419847249598
              ],
              [
                -122.2111203260849,
                47.43419810279967
              ],
              [
                -122.21096728544335,
                47.4341976374939
              ],
              [
                -122.21099808290697,
                47.43396919451859
              ],
              [
                -122.2110006687479,
                47.43395002183122
              ],
              [
                -122.21096236765933,
                47.433949905083594
              ],
              [
                -122.21097157992801,
                47.43388144574601
              ],
              [
                -122.21097881174136,
                47.43382771950696
              ],
              [
                -122.21098814818913,
                47.43379929089143
              ],
              [
                -122.21101512452584,
                47.433717164321564
              ],
              [
                -122.21102550651507,
                47.43368555287926
              ],
              [
                -122.21102418344017,
                47.43363500892944
              ],
              [
                -122.21102156372535,
                47.43353482208857
              ],
              [
                -122.21103281718707,
                47.43349363211997
              ],
              [
                -122.21104962977108,
                47.43343209986849
              ],
              [
                -122.21106809871,
                47.433414448819626
              ],
              [
                -122.21112687293326,
                47.433358281021995
              ],
              [
                -122.21125326619429,
                47.43330300080858
              ],
              [
                -122.21139150733362,
                47.433242537028725
              ],
              [
                -122.21144142887832,
                47.43320018264709
              ],
              [
                -122.21146317502121,
                47.433181732460035
              ],
              [
                -122.21148208101177,
                47.433181853541555
              ],
              [
                -122.21168206195053,
                47.43318314014877
              ],
              [
                -122.21184366068468,
                47.433184178708025
              ],
              [
                -122.21196486169191,
                47.43318495610322
              ],
              [
                -122.2120860600996,
                47.43318573519973
              ],
              [
                -122.21220725851089,
                47.433186514166735
              ],
              [
                -122.21232845957647,
                47.43318729297195
              ],
              [
                -122.21244965794745,
                47.43318806988131
              ],
              [
                -122.21257085902027,
                47.43318884842751
              ],
              [
                -122.21269205744602,
                47.43318962687645
              ],
              [
                -122.21279326849434,
                47.43319030108867
              ],
              [
                -122.21283328983871,
                47.433190566306024
              ],
              [
                -122.21284176035462,
                47.43319062339161
              ],
              [
                -122.21297945833318,
                47.43319101370957
              ],
              [
                -122.21299628805545,
                47.43419553740435
              ],
              [
                -122.21299561597519,
                47.43419554108277
              ],
              [
                -122.21287646720764,
                47.43420262822064
              ],
              [
                -122.21287648493093,
                47.43420349969894
              ],
              [
                -122.21286252849977,
                47.434203457171876
              ]
            ]
          ]
        ]
      }
    },
    {
      "type": "Feature",
      "properties": {
        "Neighborhood": "Snake Hill",
        "DataProvider": "Renton",
        "Edit_Date": "2017-04-19T00:00:00.000",
        "GlobalID": "{0EBD541F-B5C9-4D13-A158-592A4C17DA55}",
        "DataProvid": "Renton",
        "Shape_Length": 25413.57591363647,
        "Shape_Area": 19112927.214002535
      },
      "geometry": {
        "type": "MultiPolygon",
        "coordinates": [
          [
            [
              [
                -122.20762653828322,
                47.437650664236
              ],
              [
                -122.20762042913783,
                47.43758565725549
              ],
              [
                -122.20496780850932,
                47.43763363251999
              ],
              [
                -122.20496828326908,
                47.43756727290533
              ],
              [
                -122.20470565392674,
                47.437569255127634
              ],
              [
                -122.20424943556293,
                47.43757753421523
              ],
              [
                -122.20404735425416,
                47.43758120467274
              ],
              [
                -122.20384527421889,
                47.43758487385487
              ],
              [
                -122.20364319150424,
                47.437588542709015
              ],
              [
                -122.2034411100395,
                47.437592209388555
              ],
              [
                -122.20323902854636,
                47.43759587570802
              ],
              [
                -122.20308274623342,
                47.43759871146762
              ],
              [
                -122.20304159602092,
                47.437599458533725
              ],
              [
                -122.20299833070777,
                47.437600243722535
              ],
              [
                -122.20285913607954,
                47.43760276845796
              ],
              [
                -122.20256227685218,
                47.43760815375009
              ],
              [
                -122.2025344559548,
                47.43760865874592
              ],
              [
                -122.20231232220985,
                47.437612643757895
              ],
              [
                -122.20231431030399,
                47.43740206704479
              ],
              [
                -122.20231586323766,
                47.43723749374799
              ],
              [
                -122.20232047469136,
                47.43674909993957
              ],
              [
                -122.20232169977098,
                47.43661930202146
              ],
              [
                -122.2023242330424,
                47.43635089290968
              ],
              [
                -122.2023259150791,
                47.43617263816447
              ],
              [
                -122.2023218741528,
                47.43617269773785
              ],
              [
                -122.20232148276874,
                47.43621425130681
              ],
              [
                -122.20188930125231,
                47.436222058167196
              ],
              [
                -122.2014246253261,
                47.43623044967836
              ],
              [
                -122.20125533475264,
                47.436068350133326
              ],
              [
                -122.20116458100078,
                47.435981452469406
              ],
              [
                -122.20116612353534,
                47.43590541318303
              ],
              [
                -122.20116769710773,
                47.43582787662373
              ],
              [
                -122.20119304842287,
                47.43568653853677
              ],
              [
                -122.20123698603969,
                47.4355668477154
              ],
              [
                -122.20122136039214,
                47.43554156551945
              ],
              [
                -122.20114494086937,
                47.435417918996684
              ],
              [
                -122.20112179287356,
                47.43539568352907
              ],
              [
                -122.201067932212,
                47.43534393986291
              ],
              [
                -122.20110313355251,
                47.435291996461245
              ],
              [
                -122.2010734878941,
                47.435212878940135
              ],
              [
                -122.20105099818664,
                47.43515285862209
              ],
              [
                -122.20098316273125,
                47.43504798163411
              ],
              [
                -122.20099472001068,
                47.4349874553552
              ],
              [
                -122.20100614082645,
                47.43492764228718
              ],
              [
                -122.20095249474483,
                47.4348448920152
              ],
              [
                -122.20089218731829,
                47.43472268557621
              ],
              [
                -122.20083659864622,
                47.43461004409943
              ],
              [
                -122.20068509018022,
                47.434414078843275
              ],
              [
                -122.20050032125849,
                47.434378507080986
              ],
              [
                -122.20047399380711,
                47.434292388483
              ],
              [
                -122.2004245736824,
                47.43413071830619
              ],
              [
                -122.20036385137377,
                47.43393207674843
              ],
              [
                -122.19969718656642,
                47.43393967379779
              ],
              [
                -122.19959262567647,
                47.43394092725016
              ],
              [
                -122.19960096151588,
                47.43347412838697
              ],
              [
                -122.19960918590671,
                47.433006977336696
              ],
              [
                -122.19962121938525,
                47.432323505630784
              ],
              [
                -122.19962459761838,
                47.43213165149014
              ],
              [
                -122.1996438705789,
                47.43213142558039
              ],
              [
                -122.19964231706417,
                47.43207661771156
              ],
              [
                -122.19958514764878,
                47.43207728760621
              ],
              [
                -122.19934266273646,
                47.4320801305176
              ],
              [
                -122.1993455601901,
                47.43191561946698
              ],
              [
                -122.19917788663784,
                47.43191758423485
              ],
              [
                -122.19913443926802,
                47.43182466565768
              ],
              [
                -122.19907444222365,
                47.4316332887677
              ],
              [
                -122.19912588423622,
                47.431560455592354
              ],
              [
                -122.19912985752484,
                47.431484486955505
              ],
              [
                -122.19909641128538,
                47.43140771588383
              ],
              [
                -122.19893803677182,
                47.43129016104549
              ],
              [
                -122.19842714794846,
                47.431296077418466
              ],
              [
                -122.19843153235523,
                47.4310471114572
              ],
              [
                -122.19845613304615,
                47.43104709238232
              ],
              [
                -122.19846027549318,
                47.43066347962634
              ],
              [
                -122.19846071240303,
                47.430622942988926
              ],
              [
                -122.1984652197609,
                47.43020572751306
              ],
              [
                -122.19846574823838,
                47.43012437592923
              ],
              [
                -122.19844341115916,
                47.43012521516375
              ],
              [
                -122.19785096777903,
                47.430180828352604
              ],
              [
                -122.19741755430806,
                47.43022097070462
              ],
              [
                -122.19731331854298,
                47.430226011752026
              ],
              [
                -122.19725206163154,
                47.43022897410607
              ],
              [
                -122.19725256244759,
                47.430056508272266
              ],
              [
                -122.19725155976813,
                47.42974462060781
              ],
              [
                -122.19725150445167,
                47.42972753109922
              ],
              [
                -122.19725078314772,
                47.42950289817415
              ],
              [
                -122.19724877365275,
                47.428877795133594
              ],
              [
                -122.19724753950516,
                47.42849395935887
              ],
              [
                -122.19724698422611,
                47.42832130743099
              ],
              [
                -122.19724478540958,
                47.4276372870673
              ],
              [
                -122.19724346226415,
                47.427226035957204
              ],
              [
                -122.19724241550348,
                47.426900225193386
              ],
              [
                -122.19729789116052,
                47.42656280557325
              ],
              [
                -122.19729692041983,
                47.426261385041414
              ],
              [
                -122.19729651039987,
                47.42613424010036
              ],
              [
                -122.19723994721082,
                47.42613432227041
              ],
              [
                -122.19723929722109,
                47.42593246311666
              ],
              [
                -122.19723876797615,
                47.425767961961846
              ],
              [
                -122.19723788371587,
                47.42549379399857
              ],
              [
                -122.19723698798913,
                47.42521573550361
              ],
              [
                -122.19723597208007,
                47.42490044135067
              ],
              [
                -122.19723452322383,
                47.424450519860386
              ],
              [
                -122.19723346326096,
                47.42412150949033
              ],
              [
                -122.19723293263375,
                47.423957004764254
              ],
              [
                -122.19723218269918,
                47.423723961180286
              ],
              [
                -122.19723123380028,
                47.423429603000955
              ],
              [
                -122.19723083626532,
                47.423306228052425
              ],
              [
                -122.19741224068352,
                47.42318357796276
              ],
              [
                -122.19742077917859,
                47.42318361197348
              ],
              [
                -122.19748971414361,
                47.42318388548777
              ],
              [
                -122.1974897157793,
                47.42318374513405
              ],
              [
                -122.1974898305882,
                47.42317017722615
              ],
              [
                -122.1974985732394,
                47.423170212372966
              ],
              [
                -122.1977868364247,
                47.42317135588847
              ],
              [
                -122.19808578830968,
                47.42317254093462
              ],
              [
                -122.19811451905103,
                47.423172654791045
              ],
              [
                -122.19811693206263,
                47.423172524993014
              ],
              [
                -122.19828003504445,
                47.42316371492044
              ],
              [
                -122.19841734538784,
                47.42316014663427
              ],
              [
                -122.19842141776357,
                47.42316016237377
              ],
              [
                -122.1987194483071,
                47.42316134334776
              ],
              [
                -122.19880113464816,
                47.42316166671185
              ],
              [
                -122.19880089977354,
                47.42318908237036
              ],
              [
                -122.19956789548807,
                47.42319211666281
              ],
              [
                -122.19981030205811,
                47.42319307443394
              ],
              [
                -122.20035568805254,
                47.42319522787188
              ],
              [
                -122.20086880650074,
                47.423197251521565
              ],
              [
                -122.20111121311844,
                47.423198206511664
              ],
              [
                -122.20159084177703,
                47.42320009474221
              ],
              [
                -122.20190652892252,
                47.423201336735985
              ],
              [
                -122.20218971250122,
                47.42320244941285
              ],
              [
                -122.20243212446758,
                47.42320340151526
              ],
              [
                -122.20294116672038,
                47.42320540023983
              ],
              [
                -122.20446783232066,
                47.42321137838677
              ],
              [
                -122.20493242042602,
                47.42321319418328
              ],
              [
                -122.20502938764129,
                47.42321357289211
              ],
              [
                -122.20535509817165,
                47.423214844149115
              ],
              [
                -122.20575186878828,
                47.42321639142546
              ],
              [
                -122.20601452883842,
                47.423217414627985
              ],
              [
                -122.20601562125734,
                47.42321742209277
              ],
              [
                -122.20619646751506,
                47.42321812375042
              ],
              [
                -122.20634750687705,
                47.42321872099065
              ],
              [
                -122.20634980661968,
                47.42321872012903
              ],
              [
                -122.20661229701065,
                47.42321974130299
              ],
              [
                -122.20700817423534,
                47.42322128151137
              ],
              [
                -122.20704856676964,
                47.42322143892913
              ],
              [
                -122.20746457132465,
                47.423223054834246
              ],
              [
                -122.20755412554392,
                47.423223402481234
              ],
              [
                -122.20755412317732,
                47.4232232621755
              ],
              [
                -122.20755356065528,
                47.423188537129285
              ],
              [
                -122.2075623046883,
                47.42318842215337
              ],
              [
                -122.20766664199587,
                47.423187045956055
              ],
              [
                -122.20767538600468,
                47.42318693007212
              ],
              [
                -122.20799066914394,
                47.423182724765866
              ],
              [
                -122.20799941312757,
                47.42318260795762
              ],
              [
                -122.20831388790995,
                47.42317841155274
              ],
              [
                -122.20832263189222,
                47.4231782947196
              ],
              [
                -122.20863710532126,
                47.42317409833367
              ],
              [
                -122.208645849302,
                47.42317398147561
              ],
              [
                -122.20896032400417,
                47.42316978417724
              ],
              [
                -122.20896906798352,
                47.423169667294225
              ],
              [
                -122.2094168701198,
                47.42316368820027
              ],
              [
                -122.20942561409707,
                47.4231635712821
              ],
              [
                -122.20983705423207,
                47.42315807681776
              ],
              [
                -122.20984579823114,
                47.42315796076645
              ],
              [
                -122.21003091905588,
                47.42315548646728
              ],
              [
                -122.2100396630304,
                47.42315536950176
              ],
              [
                -122.21038431807213,
                47.42315076490951
              ],
              [
                -122.21039306204507,
                47.42315064791671
              ],
              [
                -122.210687231457,
                47.423146716726436
              ],
              [
                -122.21068831449924,
                47.423180995564394
              ],
              [
                -122.21069705847654,
                47.42318087854818
              ],
              [
                -122.21109221249472,
                47.42317559806216
              ],
              [
                -122.2111009564703,
                47.42317548101478
              ],
              [
                -122.21133468944485,
                47.423172361688614
              ],
              [
                -122.21133637358493,
                47.4231723394211
              ],
              [
                -122.21134343344302,
                47.42317224552184
              ],
              [
                -122.21134511755933,
                47.42317222235488
              ],
              [
                -122.21168973397968,
                47.4231676070676
              ],
              [
                -122.21169011030474,
                47.423167602492725
              ],
              [
                -122.21169847795257,
                47.42316748997413
              ],
              [
                -122.21169885427763,
                47.42316748539921
              ],
              [
                -122.21203058346983,
                47.42316305003091
              ],
              [
                -122.212029499452,
                47.42312876760863
              ],
              [
                -122.21203824341762,
                47.423128650488955
              ],
              [
                -122.21263532573563,
                47.423120664341496
              ],
              [
                -122.21264406969856,
                47.423120547175124
              ],
              [
                -122.21266833787953,
                47.42312022225997
              ],
              [
                -122.21267708184229,
                47.42312010509108
              ],
              [
                -122.21274384685165,
                47.42311921188243
              ],
              [
                -122.21275259081403,
                47.423119094707644
              ],
              [
                -122.21328909184176,
                47.42311191320535
              ],
              [
                -122.21328993940033,
                47.423146194905215
              ],
              [
                -122.21329868338978,
                47.42314607858766
              ],
              [
                -122.21331013446114,
                47.4231459266227
              ],
              [
                -122.2133188784267,
                47.423145809404325
              ],
              [
                -122.21366951701877,
                47.423141114799364
              ],
              [
                -122.2136782609827,
                47.42314099755321
              ],
              [
                -122.21412781405024,
                47.42313497673034
              ],
              [
                -122.21413655801213,
                47.42313485944885
              ],
              [
                -122.21459276936669,
                47.42312874939728
              ],
              [
                -122.21459407452923,
                47.42312873169815
              ],
              [
                -122.21460151332651,
                47.42312863207996
              ],
              [
                -122.21460281848911,
                47.42312861438076
              ],
              [
                -122.21504031469397,
                47.423122748513585
              ],
              [
                -122.21504066981709,
                47.42312274418593
              ],
              [
                -122.21529398635295,
                47.42311935015298
              ],
              [
                -122.21561709283871,
                47.42311501837877
              ],
              [
                -122.21562583679398,
                47.42311490098247
              ],
              [
                -122.21594019927089,
                47.423110685683895
              ],
              [
                -122.21594894322473,
                47.423110568262665
              ],
              [
                -122.2162633056495,
                47.423106352068366
              ],
              [
                -122.21627204960181,
                47.42310623462221
              ],
              [
                -122.21633952475379,
                47.42310532973421
              ],
              [
                -122.21634826870577,
                47.423105212282216
              ],
              [
                -122.21682731792085,
                47.42309878497294
              ],
              [
                -122.21683606187065,
                47.42309866748334
              ],
              [
                -122.21715028104298,
                47.42309445057627
              ],
              [
                -122.21715902499139,
                47.423094333061776
              ],
              [
                -122.21759435295041,
                47.42308849009409
              ],
              [
                -122.21760309689674,
                47.42308837254535
              ],
              [
                -122.21799805470387,
                47.42308306947289
              ],
              [
                -122.21800679864843,
                47.423082951892965
              ],
              [
                -122.2181120559257,
                47.42308153685182
              ],
              [
                -122.21811280192419,
                47.42308152684107
              ],
              [
                -122.21811841878889,
                47.42308145194274
              ],
              [
                -122.21811916478744,
                47.42308144193192
              ],
              [
                -122.21813796213712,
                47.424233488362084
              ],
              [
                -122.21813966413775,
                47.42433781005986
              ],
              [
                -122.21814324415556,
                47.4245572390911
              ],
              [
                -122.21815094139625,
                47.42502894782178
              ],
              [
                -122.21815678078653,
                47.4254245458472
              ],
              [
                -122.21815810210454,
                47.42546782298184
              ],
              [
                -122.21816475431824,
                47.425875472679394
              ],
              [
                -122.2181662425764,
                47.42596668199142
              ],
              [
                -122.21816817244526,
                47.42608499030963
              ],
              [
                -122.21817281529331,
                47.426369529800496
              ],
              [
                -122.21817505183573,
                47.426506598752
              ],
              [
                -122.218178243024,
                47.42670215764926
              ],
              [
                -122.21819838624461,
                47.427936493246904
              ],
              [
                -122.21820352443893,
                47.428251393893234
              ],
              [
                -122.21823468509903,
                47.43016084458336
              ],
              [
                -122.21823558623696,
                47.43024595291944
              ],
              [
                -122.2129377102337,
                47.43023161451143
              ],
              [
                -122.2112697367869,
                47.430232422651585
              ],
              [
                -122.21061466431667,
                47.43022453019292
              ],
              [
                -122.21061694526317,
                47.43011363641067
              ],
              [
                -122.21062326853504,
                47.43011367655566
              ],
              [
                -122.21061321861093,
                47.42977347478944
              ],
              [
                -122.2105951244486,
                47.42916095622626
              ],
              [
                -122.2105912173557,
                47.42902870780465
              ],
              [
                -122.21058930208785,
                47.428963833545765
              ],
              [
                -122.21058387958252,
                47.4287802608859
              ],
              [
                -122.21058144017483,
                47.42869772523701
              ],
              [
                -122.21057788296561,
                47.42857723188149
              ],
              [
                -122.21057484917935,
                47.428474572645094
              ],
              [
                -122.21057269018111,
                47.428401461192635
              ],
              [
                -122.21056809561848,
                47.42824595797912
              ],
              [
                -122.21056485466433,
                47.42813624675188
              ],
              [
                -122.21056202153487,
                47.4280402887522
              ],
              [
                -122.2101600062356,
                47.428024500225085
              ],
              [
                -122.20983351134106,
                47.428011677927785
              ],
              [
                -122.2096318616019,
                47.42800375706224
              ],
              [
                -122.20942848417597,
                47.427995768646724
              ],
              [
                -122.20912329339431,
                47.42798377965663
              ],
              [
                -122.20895295664192,
                47.42841822031424
              ],
              [
                -122.2088612657414,
                47.42865207552707
              ],
              [
                -122.20877742033674,
                47.42892693730012
              ],
              [
                -122.208738096572,
                47.42905600023
              ],
              [
                -122.20873663757857,
                47.429201922590394
              ],
              [
                -122.20873389945088,
                47.429476136963416
              ],
              [
                -122.20873087910577,
                47.4297783910693
              ],
              [
                -122.20890021566812,
                47.42996164331785
              ],
              [
                -122.2089431353777,
                47.430008114029
              ],
              [
                -122.20906870209001,
                47.43000103311466
              ],
              [
                -122.2091037810353,
                47.429928276800204
              ],
              [
                -122.20916188313863,
                47.42985265754511
              ],
              [
                -122.20922598643949,
                47.42981688430685
              ],
              [
                -122.20931447154895,
                47.429798667345075
              ],
              [
                -122.20938917184144,
                47.4297993522461
              ],
              [
                -122.20945749423707,
                47.42982362682155
              ],
              [
                -122.20950398146638,
                47.42986269276744
              ],
              [
                -122.20954704880756,
                47.42993411221733
              ],
              [
                -122.20957635324547,
                47.42998270631894
              ],
              [
                -122.2096014268709,
                47.43002428645983
              ],
              [
                -122.20962862984192,
                47.430069396792156
              ],
              [
                -122.20966132080844,
                47.4301023708431
              ],
              [
                -122.20972551747924,
                47.43014572955461
              ],
              [
                -122.20982464884406,
                47.43018566767493
              ],
              [
                -122.20990559304528,
                47.43020397748904
              ],
              [
                -122.2100639672876,
                47.4302144546297
              ],
              [
                -122.21016113553372,
                47.43021652867372
              ],
              [
                -122.21017999868803,
                47.43027539666717
              ],
              [
                -122.2101806895335,
                47.43106376961582
              ],
              [
                -122.2097827141155,
                47.43106129638013
              ],
              [
                -122.20974683311157,
                47.431061073408216
              ],
              [
                -122.20974688006443,
                47.43113421770215
              ],
              [
                -122.20974692508885,
                47.43120391932629
              ],
              [
                -122.20974701071862,
                47.43133551067444
              ],
              [
                -122.20974702782206,
                47.43136291437784
              ],
              [
                -122.20974707120598,
                47.43142978774232
              ],
              [
                -122.2097470950235,
                47.43146710203922
              ],
              [
                -122.20974719898797,
                47.43162820569312
              ],
              [
                -122.2096351720965,
                47.431627491846974
              ],
              [
                -122.20902570954526,
                47.43162360090896
              ],
              [
                -122.20783707340385,
                47.43161600342641
              ],
              [
                -122.20765818952076,
                47.431614860146155
              ],
              [
                -122.20765611176166,
                47.43201234844968
              ],
              [
                -122.20765589679968,
                47.43205329003024
              ],
              [
                -122.20777517353082,
                47.43205404931203
              ],
              [
                -122.20794051150133,
                47.432055102943494
              ],
              [
                -122.20860141778911,
                47.432059306970004
              ],
              [
                -122.20860143632757,
                47.432086737636936
              ],
              [
                -122.20925317195145,
                47.43209090065637
              ],
              [
                -122.21011762385668,
                47.4320964150497
              ],
              [
                -122.21011780796435,
                47.432345785464456
              ],
              [
                -122.21011784359234,
                47.43239399533862
              ],
              [
                -122.21011786806974,
                47.43242795599646
              ],
              [
                -122.2101181015421,
                47.43274305095008
              ],
              [
                -122.20989731677768,
                47.43274164351237
              ],
              [
                -122.20988933041586,
                47.432741592925005
              ],
              [
                -122.20948500232645,
                47.432739012987184
              ],
              [
                -122.20922705041393,
                47.43273736708591
              ],
              [
                -122.20895757572035,
                47.432735645375224
              ],
              [
                -122.20860189528484,
                47.43273337534198
              ],
              [
                -122.20860208407285,
                47.4329989020762
              ],
              [
                -122.20844547699129,
                47.43299789103487
              ],
              [
                -122.20841329975202,
                47.434125165235805
              ],
              [
                -122.20841145339907,
                47.4341898197462
              ],
              [
                -122.20848158633457,
                47.43418981405006
              ],
              [
                -122.20907808690387,
                47.434189766132974
              ],
              [
                -122.20908276763073,
                47.43453354686601
              ],
              [
                -122.2090861261004,
                47.43478015030662
              ],
              [
                -122.20915364089578,
                47.43478022724144
              ],
              [
                -122.20915104942405,
                47.43522340176145
              ],
              [
                -122.21009147045616,
                47.43522492776663
              ],
              [
                -122.21009153724773,
                47.43528729216351
              ],
              [
                -122.21009163838715,
                47.435381629028825
              ],
              [
                -122.2100920496718,
                47.43576501349524
              ],
              [
                -122.21009275495965,
                47.43642240298561
              ],
              [
                -122.21009280807071,
                47.43647177940912
              ],
              [
                -122.21009342743183,
                47.43704923504067
              ],
              [
                -122.20932703655495,
                47.4370496004678
              ],
              [
                -122.2093271442114,
                47.4371539963495
              ],
              [
                -122.20932719613859,
                47.4372050154136
              ],
              [
                -122.209327200341,
                47.43720924968687
              ],
              [
                -122.20932741216825,
                47.43741458890487
              ],
              [
                -122.20932764535759,
                47.437640911474254
              ],
              [
                -122.2093276817401,
                47.43767655060386
              ],
              [
                -122.20932775543808,
                47.437746153833466
              ],
              [
                -122.20932788504615,
                47.4378740203999
              ],
              [
                -122.20920108689373,
                47.43787408249478
              ],
              [
                -122.20905122128528,
                47.437874156184705
              ],
              [
                -122.20877459731052,
                47.43787429171173
              ],
              [
                -122.20858472627384,
                47.437874384865424
              ],
              [
                -122.20829202083463,
                47.437874527104434
              ],
              [
                -122.20806978398151,
                47.43787463395004
              ],
              [
                -122.20784754847668,
                47.43787474124344
              ],
              [
                -122.20762521086287,
                47.437874847539554
              ],
              [
                -122.20762653828322,
                47.437650664236
              ]
            ]
          ]
        ]
      }
    },
    {
      "type": "Feature",
      "properties": {
        "Neighborhood": "Clover Creek",
        "DataProvider": "Renton",
        "Edit_Date": "2017-04-19T00:00:00.000",
        "GlobalID": "{777EB951-4E0E-4491-8442-D228F09E89EF}",
        "DataProvid": "Renton",
        "Shape_Length": 5027.071303712153,
        "Shape_Area": 777683.9221540788
      },
      "geometry": {
        "type": "MultiPolygon",
        "coordinates": [
          [
            [
              [
                -122.20642800768432,
                47.516613082611684
              ],
              [
                -122.20642794651839,
                47.51658595738708
              ],
              [
                -122.20632780523874,
                47.51658605783579
              ],
              [
                -122.20622637861798,
                47.51658616023833
              ],
              [
                -122.20612546719504,
                47.51658626172106
              ],
              [
                -122.20602425299143,
                47.51658636227541
              ],
              [
                -122.2059231291024,
                47.51658646344735
              ],
              [
                -122.20582212473217,
                47.51658656488426
              ],
              [
                -122.20572079105555,
                47.51658666661178
              ],
              [
                -122.20561999647126,
                47.51658676713339
              ],
              [
                -122.20551845295978,
                47.516586867617306
              ],
              [
                -122.20541787086371,
                47.516586968990865
              ],
              [
                -122.20531611490979,
                47.51658707006095
              ],
              [
                -122.20521574259966,
                47.51658717052068
              ],
              [
                -122.20511377685824,
                47.516587272144214
              ],
              [
                -122.20501361433406,
                47.516587371690896
              ],
              [
                -122.20501304104017,
                47.516614535154986
              ],
              [
                -122.20491148694843,
                47.51661463882174
              ],
              [
                -122.20481091280975,
                47.51661474136027
              ],
              [
                -122.20470510163224,
                47.51661484946612
              ],
              [
                -122.20460878457762,
                47.51661494720594
              ],
              [
                -122.20460936040584,
                47.516587771121706
              ],
              [
                -122.20449057611806,
                47.516587889915606
              ],
              [
                -122.20440723479054,
                47.51658797118091
              ],
              [
                -122.20426395693936,
                47.5165881137208
              ],
              [
                -122.2042051065187,
                47.51658817091247
              ],
              [
                -122.20404947959943,
                47.516588323687984
              ],
              [
                -122.20400320927163,
                47.51658836929569
              ],
              [
                -122.2039020269663,
                47.5165884693733
              ],
              [
                -122.20384714153805,
                47.51658852351513
              ],
              [
                -122.20380084466066,
                47.51658856936075
              ],
              [
                -122.20363266424205,
                47.51658873449392
              ],
              [
                -122.20359872434902,
                47.516588767917284
              ],
              [
                -122.20343044564936,
                47.516588932137545
              ],
              [
                -122.2033965960474,
                47.516588965310966
              ],
              [
                -122.20319447575632,
                47.51658916404753
              ],
              [
                -122.20319389217099,
                47.51661637619241
              ],
              [
                -122.20299176073436,
                47.51661676091453
              ],
              [
                -122.20297423350264,
                47.5166167941469
              ],
              [
                -122.20292880515768,
                47.516616642051126
              ],
              [
                -122.20279058519172,
                47.51661683509142
              ],
              [
                -122.20258750561806,
                47.516617117178384
              ],
              [
                -122.20238585131591,
                47.51661736553094
              ],
              [
                -122.20222576008688,
                47.516617521038135
              ],
              [
                -122.20218348820215,
                47.516617523113815
              ],
              [
                -122.20200318538696,
                47.51661753326271
              ],
              [
                -122.20198112922695,
                47.516617534554314
              ],
              [
                -122.20178060373907,
                47.516617786222355
              ],
              [
                -122.20178179545074,
                47.516563127778355
              ],
              [
                -122.20188166845251,
                47.51656303097079
              ],
              [
                -122.20188161041378,
                47.516535428957205
              ],
              [
                -122.20188149579407,
                47.51648078625047
              ],
              [
                -122.20188082271895,
                47.51616107463123
              ],
              [
                -122.20179147107378,
                47.516119433715275
              ],
              [
                -122.20162723182455,
                47.516114278675126
              ],
              [
                -122.20137229587877,
                47.51610627744878
              ],
              [
                -122.2011173626189,
                47.51609827381974
              ],
              [
                -122.2011079827866,
                47.51609798016144
              ],
              [
                -122.20099926757914,
                47.5160467753804
              ],
              [
                -122.20083413962861,
                47.5160551092016
              ],
              [
                -122.20078760356161,
                47.51605745782965
              ],
              [
                -122.20055072350578,
                47.516181765270005
              ],
              [
                -122.20034256369651,
                47.516287920273605
              ],
              [
                -122.20023454757454,
                47.51634124830286
              ],
              [
                -122.20014284161263,
                47.51638652483223
              ],
              [
                -122.200143322525,
                47.51661939682572
              ],
              [
                -122.2000945186517,
                47.5166194443406
              ],
              [
                -122.20009393394476,
                47.516336922200196
              ],
              [
                -122.20013066765001,
                47.5163141040351
              ],
              [
                -122.2002472700388,
                47.51623632295328
              ],
              [
                -122.20035938023852,
                47.51615556782752
              ],
              [
                -122.20046683405786,
                47.51607195759269
              ],
              [
                -122.20056947276014,
                47.515985616515806
              ],
              [
                -122.20068610905496,
                47.51587404724294
              ],
              [
                -122.2007949633091,
                47.515758924638256
              ],
              [
                -122.20083079504481,
                47.515717846631944
              ],
              [
                -122.20089650022464,
                47.51563761365773
              ],
              [
                -122.2009579235529,
                47.5155558381445
              ],
              [
                -122.20098516119218,
                47.51551709092504
              ],
              [
                -122.20101438934928,
                47.51547353936309
              ],
              [
                -122.20107870650992,
                47.51536912159382
              ],
              [
                -122.20113615844679,
                47.51526288294809
              ],
              [
                -122.20115851931965,
                47.515218039486236
              ],
              [
                -122.20140484035058,
                47.51470606898001
              ],
              [
                -122.20140742193847,
                47.5147007159704
              ],
              [
                -122.20144553953723,
                47.51464776815305
              ],
              [
                -122.20154618866545,
                47.514677484221636
              ],
              [
                -122.20179420669025,
                47.51472601883651
              ],
              [
                -122.20232052022027,
                47.51486687472024
              ],
              [
                -122.2030803905874,
                47.515020786738475
              ],
              [
                -122.20316217153108,
                47.5150321148208
              ],
              [
                -122.2032365392304,
                47.515031217901154
              ],
              [
                -122.20333378909066,
                47.515030044935266
              ],
              [
                -122.20345923355217,
                47.51501302481534
              ],
              [
                -122.20353278498156,
                47.51498112361616
              ],
              [
                -122.20360751243875,
                47.51503882527497
              ],
              [
                -122.20433100526942,
                47.51555249180238
              ],
              [
                -122.20461029481004,
                47.515552216663984
              ],
              [
                -122.20463821367068,
                47.515552189054326
              ],
              [
                -122.20514331813659,
                47.51519835321586
              ],
              [
                -122.20562028235167,
                47.51486422301657
              ],
              [
                -122.20564841574645,
                47.51484451513225
              ],
              [
                -122.20573451297425,
                47.514781111415424
              ],
              [
                -122.20580457197839,
                47.514829811983454
              ],
              [
                -122.20619241081137,
                47.515099416942675
              ],
              [
                -122.20647044307586,
                47.515313333626956
              ],
              [
                -122.20655179625787,
                47.515386608700794
              ],
              [
                -122.20678758344151,
                47.51563370636419
              ],
              [
                -122.20679777586646,
                47.51565683008903
              ],
              [
                -122.20676406667556,
                47.51569135251157
              ],
              [
                -122.20674688452209,
                47.51573133614825
              ],
              [
                -122.20676724233655,
                47.5158118876544
              ],
              [
                -122.20679719008999,
                47.51587439634506
              ],
              [
                -122.20686941024387,
                47.516025133020115
              ],
              [
                -122.20693595828845,
                47.51616403319307
              ],
              [
                -122.20711904364946,
                47.51649841970434
              ],
              [
                -122.20714151046907,
                47.5165700316973
              ],
              [
                -122.20714213554888,
                47.51658614193158
              ],
              [
                -122.20701575465131,
                47.5165853648078
              ],
              [
                -122.20697528435097,
                47.51658540445203
              ],
              [
                -122.20682264514285,
                47.5165855590791
              ],
              [
                -122.20663007742792,
                47.51658575366822
              ],
              [
                -122.20663013860431,
                47.51661287529553
              ],
              [
                -122.20653020179768,
                47.516612977048176
              ],
              [
                -122.20642800768432,
                47.516613082611684
              ]
            ]
          ]
        ]
      }
    },
    {
      "type": "Feature",
      "properties": {
        "Neighborhood": "Springbrook Terrace",
        "DataProvider": "Renton",
        "Edit_Date": "2017-04-19T00:00:00.000",
        "GlobalID": "{53F80F0E-73CD-430C-938D-A9A98456BB0C}",
        "DataProvid": "Renton",
        "Shape_Length": 2453.652925993504,
        "Shape_Area": 325443.2074104658
      },
      "geometry": {
        "type": "MultiPolygon",
        "coordinates": [
          [
            [
              [
                -122.20972551747924,
                47.43014572955461
              ],
              [
                -122.20966132080844,
                47.4301023708431
              ],
              [
                -122.20962862984192,
                47.430069396792156
              ],
              [
                -122.2096014268709,
                47.43002428645983
              ],
              [
                -122.20957635324547,
                47.42998270631894
              ],
              [
                -122.20954704880756,
                47.42993411221733
              ],
              [
                -122.20950398146638,
                47.42986269276744
              ],
              [
                -122.20945749423707,
                47.42982362682155
              ],
              [
                -122.20938917184144,
                47.4297993522461
              ],
              [
                -122.20931447154895,
                47.429798667345075
              ],
              [
                -122.20922598643949,
                47.42981688430685
              ],
              [
                -122.20916188313863,
                47.42985265754511
              ],
              [
                -122.2091037810353,
                47.429928276800204
              ],
              [
                -122.20906870209001,
                47.43000103311466
              ],
              [
                -122.2089431353777,
                47.430008114029
              ],
              [
                -122.20890021566812,
                47.42996164331785
              ],
              [
                -122.20873087910577,
                47.4297783910693
              ],
              [
                -122.20873389945088,
                47.429476136963416
              ],
              [
                -122.20873663757857,
                47.429201922590394
              ],
              [
                -122.208738096572,
                47.42905600023
              ],
              [
                -122.20877742033674,
                47.42892693730012
              ],
              [
                -122.2088612657414,
                47.42865207552707
              ],
              [
                -122.20895295664192,
                47.42841822031424
              ],
              [
                -122.20912329339431,
                47.42798377965663
              ],
              [
                -122.20942848417597,
                47.427995768646724
              ],
              [
                -122.2096318616019,
                47.42800375706224
              ],
              [
                -122.20983351134106,
                47.428011677927785
              ],
              [
                -122.2101600062356,
                47.428024500225085
              ],
              [
                -122.21056202153487,
                47.4280402887522
              ],
              [
                -122.21056485466433,
                47.42813624675188
              ],
              [
                -122.21056809561848,
                47.42824595797912
              ],
              [
                -122.21057269018111,
                47.428401461192635
              ],
              [
                -122.21057484917935,
                47.428474572645094
              ],
              [
                -122.21057788296561,
                47.42857723188149
              ],
              [
                -122.21058144017483,
                47.42869772523701
              ],
              [
                -122.21058387958252,
                47.4287802608859
              ],
              [
                -122.21058930208785,
                47.428963833545765
              ],
              [
                -122.2105912173557,
                47.42902870780465
              ],
              [
                -122.2105951244486,
                47.42916095622626
              ],
              [
                -122.21061321861093,
                47.42977347478944
              ],
              [
                -122.21062326853504,
                47.43011367655566
              ],
              [
                -122.21061694526317,
                47.43011363641067
              ],
              [
                -122.21061466431667,
                47.43022453019292
              ],
              [
                -122.21043140598763,
                47.430222320898494
              ],
              [
                -122.21034986828721,
                47.43022057363986
              ],
              [
                -122.21016113553372,
                47.43021652867372
              ],
              [
                -122.2100639672876,
                47.4302144546297
              ],
              [
                -122.20990559304528,
                47.43020397748904
              ],
              [
                -122.20982464884406,
                47.43018566767493
              ],
              [
                -122.20972551747924,
                47.43014572955461
              ]
            ]
          ]
        ]
      }
    },
    {
      "type": "Feature",
      "properties": {
        "Neighborhood": "Kennydale",
        "DataProvider": "Renton",
        "Edit_Date": "2017-04-19T00:00:00.000",
        "GlobalID": "{397B5342-79E0-49F5-9011-DD82F61C2F0E}",
        "DataProvid": "Renton",
        "Shape_Length": 33408.32672555029,
        "Shape_Area": 26712242.099534858
      },
      "geometry": {
        "type": "MultiPolygon",
        "coordinates": [
          [
            [
              [
                -122.19893846247079,
                47.527575405922434
              ],
              [
                -122.19873562936769,
                47.52757739134605
              ],
              [
                -122.19854694126369,
                47.52758013929522
              ],
              [
                -122.19822168216257,
                47.527578736269184
              ],
              [
                -122.1977087498895,
                47.52757947925338
              ],
              [
                -122.19770227359015,
                47.52733208819355
              ],
              [
                -122.19774767590538,
                47.52680316249913
              ],
              [
                -122.19793318604647,
                47.52461076843183
              ],
              [
                -122.19852910598799,
                47.5184426695785
              ],
              [
                -122.19795018885524,
                47.51844282331297
              ],
              [
                -122.19754753469462,
                47.518442313725096
              ],
              [
                -122.19737758110308,
                47.518442075215916
              ],
              [
                -122.19716607765433,
                47.5184417775975
              ],
              [
                -122.19691875229458,
                47.5184255534705
              ],
              [
                -122.19672797957574,
                47.5183887630368
              ],
              [
                -122.19663254160793,
                47.51835384350536
              ],
              [
                -122.19652480094858,
                47.51829461738857
              ],
              [
                -122.19643215600155,
                47.518226082893484
              ],
              [
                -122.19635373730826,
                47.5181313923821
              ],
              [
                -122.19617455753408,
                47.51789966262783
              ],
              [
                -122.19588662986534,
                47.517527303420515
              ],
              [
                -122.19567853435832,
                47.51725819506174
              ],
              [
                -122.19538504501973,
                47.5173258628091
              ],
              [
                -122.1949014509757,
                47.517437358466545
              ],
              [
                -122.19447998284247,
                47.51753452935
              ],
              [
                -122.19434788368653,
                47.51756498512008
              ],
              [
                -122.19419357282105,
                47.51758131449394
              ],
              [
                -122.19420551515051,
                47.51758412922951
              ],
              [
                -122.1941601543429,
                47.51759595159426
              ],
              [
                -122.19409300571053,
                47.51761257602878
              ],
              [
                -122.19397882825663,
                47.51763695141353
              ],
              [
                -122.1938628014135,
                47.51765691931013
              ],
              [
                -122.19374529540517,
                47.517672417706024
              ],
              [
                -122.19362668344122,
                47.51768339714869
              ],
              [
                -122.19352564630884,
                47.517689133772095
              ],
              [
                -122.19342432173151,
                47.51769159028659
              ],
              [
                -122.19332293796404,
                47.5176907603604
              ],
              [
                -122.19320130524966,
                47.51768541399628
              ],
              [
                -122.1930803250392,
                47.517675351298955
              ],
              [
                -122.1929603965052,
                47.51766060167683
              ],
              [
                -122.19283728239822,
                47.51764193191249
              ],
              [
                -122.19271509357044,
                47.51762065116162
              ],
              [
                -122.19263782965247,
                47.517605748628796
              ],
              [
                -122.19263932141683,
                47.51753951643154
              ],
              [
                -122.19251406582198,
                47.51751234214971
              ],
              [
                -122.19224763643369,
                47.51745454212492
              ],
              [
                -122.19200537398852,
                47.51740198301757
              ],
              [
                -122.19189495111961,
                47.51737977802351
              ],
              [
                -122.19178318402324,
                47.51736091743784
              ],
              [
                -122.19167247879332,
                47.51734570532683
              ],
              [
                -122.19156090303404,
                47.51733377438329
              ],
              [
                -122.1914499146972,
                47.51732522411739
              ],
              [
                -122.19133848509838,
                47.51731991929836
              ],
              [
                -122.19122720683859,
                47.51731787443019
              ],
              [
                -122.19111590135769,
                47.51731906645938
              ],
              [
                -122.19111604693366,
                47.51730518063579
              ],
              [
                -122.19095377536942,
                47.517303162120044
              ],
              [
                -122.19079163792665,
                47.51730802713764
              ],
              [
                -122.1906302633958,
                47.51731975378143
              ],
              [
                -122.19049361704378,
                47.51733515547651
              ],
              [
                -122.19035837888235,
                47.51735548066293
              ],
              [
                -122.19022493775233,
                47.51738067072559
              ],
              [
                -122.19019027834207,
                47.51738807447308
              ],
              [
                -122.19008119888295,
                47.51741377937145
              ],
              [
                -122.189973917252,
                47.51744274794843
              ],
              [
                -122.18986864978345,
                47.517474925449854
              ],
              [
                -122.18977428464555,
                47.51750711659149
              ],
              [
                -122.1896819331675,
                47.51754188518634
              ],
              [
                -122.18956113378447,
                47.51759262803034
              ],
              [
                -122.18950837765865,
                47.51761617015977
              ],
              [
                -122.18933638880785,
                47.5176929135957
              ],
              [
                -122.1892174289661,
                47.517745994596865
              ],
              [
                -122.1891143579346,
                47.51778832478546
              ],
              [
                -122.1890068957033,
                47.5178253080243
              ],
              [
                -122.18890657290434,
                47.51785394423904
              ],
              [
                -122.18880362165102,
                47.51787791773537
              ],
              [
                -122.18870290502278,
                47.51789642023137
              ],
              [
                -122.18860062760966,
                47.51791046316393
              ],
              [
                -122.18847121043096,
                47.51792165428348
              ],
              [
                -122.1883408799764,
                47.51792570810901
              ],
              [
                -122.1882916773299,
                47.517925884834476
              ],
              [
                -122.18828934838349,
                47.51758534348288
              ],
              [
                -122.18828776756719,
                47.51735368882679
              ],
              [
                -122.18828762619573,
                47.51733312797761
              ],
              [
                -122.18828748473081,
                47.51731256353125
              ],
              [
                -122.18828584697357,
                47.517072689218566
              ],
              [
                -122.18828570583737,
                47.51705213736244
              ],
              [
                -122.18828547354278,
                47.51701786084481
              ],
              [
                -122.18828481732743,
                47.51692190897423
              ],
              [
                -122.18828369434218,
                47.51675742208626
              ],
              [
                -122.18827321125572,
                47.51667774654412
              ],
              [
                -122.1874496390389,
                47.516676512875215
              ],
              [
                -122.18744440758587,
                47.51664923079938
              ],
              [
                -122.1874313435313,
                47.51664926869718
              ],
              [
                -122.187430545481,
                47.51657693422741
              ],
              [
                -122.18717492890326,
                47.516577669332534
              ],
              [
                -122.18692217495091,
                47.516578393137785
              ],
              [
                -122.18691844580125,
                47.51623983323044
              ],
              [
                -122.18691382831129,
                47.51582072679877
              ],
              [
                -122.18690467217306,
                47.51565465527177
              ],
              [
                -122.18666163335998,
                47.515636404045964
              ],
              [
                -122.18619954958605,
                47.51560170307489
              ],
              [
                -122.18587545241994,
                47.51557736293091
              ],
              [
                -122.18575539310834,
                47.51556692261092
              ],
              [
                -122.18575534291242,
                47.51556672800047
              ],
              [
                -122.18575282588826,
                47.51556669949782
              ],
              [
                -122.18575139339144,
                47.51523703699973
              ],
              [
                -122.18574012205555,
                47.51434687637978
              ],
              [
                -122.18572894457422,
                47.51341937142552
              ],
              [
                -122.18571390389171,
                47.51111884188818
              ],
              [
                -122.18569489787207,
                47.51013226323388
              ],
              [
                -122.18567657472454,
                47.50878649981199
              ],
              [
                -122.18565329620941,
                47.506716584095905
              ],
              [
                -122.1856493402255,
                47.50642948815865
              ],
              [
                -122.18925222389225,
                47.5063902349076
              ],
              [
                -122.19102098604192,
                47.50636265434711
              ],
              [
                -122.19101469658123,
                47.5030907217762
              ],
              [
                -122.19103104986823,
                47.502886656769526
              ],
              [
                -122.1910565645171,
                47.50262019636436
              ],
              [
                -122.19107157080829,
                47.50236155748396
              ],
              [
                -122.19108401662783,
                47.501285279906284
              ],
              [
                -122.19132804650957,
                47.50122261630877
              ],
              [
                -122.19157136109735,
                47.5011601361535
              ],
              [
                -122.19173181335857,
                47.50113052600456
              ],
              [
                -122.19195700768955,
                47.50108896736303
              ],
              [
                -122.19213679080431,
                47.50107246518526
              ],
              [
                -122.19238132855597,
                47.50105906670084
              ],
              [
                -122.19259556955201,
                47.50106972794002
              ],
              [
                -122.19283695164631,
                47.501088097062656
              ],
              [
                -122.19311742983653,
                47.50113752051902
              ],
              [
                -122.19342310493681,
                47.501222287274466
              ],
              [
                -122.19367164822172,
                47.50133366170862
              ],
              [
                -122.19391029854418,
                47.50144060228295
              ],
              [
                -122.19414783170787,
                47.50159737799941
              ],
              [
                -122.19458187906562,
                47.50188385394575
              ],
              [
                -122.19489496607672,
                47.50209049101523
              ],
              [
                -122.19523170962043,
                47.502304915450715
              ],
              [
                -122.1954102454198,
                47.50240148571879
              ],
              [
                -122.19565813897191,
                47.50249909296919
              ],
              [
                -122.19597773368594,
                47.502594838076384
              ],
              [
                -122.19617096539501,
                47.50263433337353
              ],
              [
                -122.19643851118721,
                47.502666973002185
              ],
              [
                -122.19663815938013,
                47.50268285390879
              ],
              [
                -122.19677971245348,
                47.502683661507106
              ],
              [
                -122.19695359869479,
                47.503194326300644
              ],
              [
                -122.19708219454552,
                47.50354504271401
              ],
              [
                -122.19739186283235,
                47.504640948921484
              ],
              [
                -122.19764536014272,
                47.50573752839618
              ],
              [
                -122.19780798926361,
                47.506582905111784
              ],
              [
                -122.1979212098228,
                47.50741935421719
              ],
              [
                -122.1980524969954,
                47.50894582694659
              ],
              [
                -122.19809885497162,
                47.509911607709455
              ],
              [
                -122.1982505702609,
                47.513023009540845
              ],
              [
                -122.19927856519385,
                47.513022944619024
              ],
              [
                -122.20042862792351,
                47.5130252378766
              ],
              [
                -122.20172157095449,
                47.513024086250496
              ],
              [
                -122.20200540593531,
                47.51313015231911
              ],
              [
                -122.20277537901993,
                47.51355405765593
              ],
              [
                -122.20309581838542,
                47.51398337926515
              ],
              [
                -122.20325382993884,
                47.51438133787772
              ],
              [
                -122.20348252824218,
                47.514930231605
              ],
              [
                -122.20353278498156,
                47.51498112361616
              ],
              [
                -122.20345923355217,
                47.51501302481534
              ],
              [
                -122.20333378909066,
                47.515030044935266
              ],
              [
                -122.2032365392304,
                47.515031217901154
              ],
              [
                -122.20316217153108,
                47.5150321148208
              ],
              [
                -122.2030803905874,
                47.515020786738475
              ],
              [
                -122.20232052022027,
                47.51486687472024
              ],
              [
                -122.20179420669025,
                47.51472601883651
              ],
              [
                -122.20154618866545,
                47.514677484221636
              ],
              [
                -122.20144553953723,
                47.51464776815305
              ],
              [
                -122.20140742193847,
                47.5147007159704
              ],
              [
                -122.20140484035058,
                47.51470606898001
              ],
              [
                -122.20115851931965,
                47.515218039486236
              ],
              [
                -122.20113615844679,
                47.51526288294809
              ],
              [
                -122.20107870650992,
                47.51536912159382
              ],
              [
                -122.20101438934928,
                47.51547353936309
              ],
              [
                -122.20098516119218,
                47.51551709092504
              ],
              [
                -122.2009579235529,
                47.5155558381445
              ],
              [
                -122.20089650022464,
                47.51563761365773
              ],
              [
                -122.20083079504481,
                47.515717846631944
              ],
              [
                -122.2007949633091,
                47.515758924638256
              ],
              [
                -122.20068610905496,
                47.51587404724294
              ],
              [
                -122.20056947276014,
                47.515985616515806
              ],
              [
                -122.20046683405786,
                47.51607195759269
              ],
              [
                -122.20035938023852,
                47.51615556782752
              ],
              [
                -122.2002472700388,
                47.51623632295328
              ],
              [
                -122.20013066765001,
                47.5163141040351
              ],
              [
                -122.20009393394476,
                47.516336922200196
              ],
              [
                -122.2000945186517,
                47.5166194443406
              ],
              [
                -122.200143322525,
                47.51661939682572
              ],
              [
                -122.20014284161263,
                47.51638652483223
              ],
              [
                -122.20023454757454,
                47.51634124830286
              ],
              [
                -122.20034256369651,
                47.516287920273605
              ],
              [
                -122.20055072350578,
                47.516181765270005
              ],
              [
                -122.20078760356161,
                47.51605745782965
              ],
              [
                -122.20083413962861,
                47.5160551092016
              ],
              [
                -122.20099926757914,
                47.5160467753804
              ],
              [
                -122.2011079827866,
                47.51609798016144
              ],
              [
                -122.2011173626189,
                47.51609827381974
              ],
              [
                -122.20137229587877,
                47.51610627744878
              ],
              [
                -122.20162723182455,
                47.516114278675126
              ],
              [
                -122.20179147107378,
                47.516119433715275
              ],
              [
                -122.20188082271895,
                47.51616107463123
              ],
              [
                -122.20188149579407,
                47.51648078625047
              ],
              [
                -122.20188161041378,
                47.516535428957205
              ],
              [
                -122.20188166845251,
                47.51656303097079
              ],
              [
                -122.20178179545074,
                47.516563127778355
              ],
              [
                -122.20178060373907,
                47.516617786222355
              ],
              [
                -122.20189568388462,
                47.516617642027484
              ],
              [
                -122.20198112922695,
                47.516617534554314
              ],
              [
                -122.20200318538696,
                47.51661753326271
              ],
              [
                -122.20218348820215,
                47.516617523113815
              ],
              [
                -122.20222576008688,
                47.516617521038135
              ],
              [
                -122.20238585131591,
                47.51661736553094
              ],
              [
                -122.20246386533975,
                47.51661729059116
              ],
              [
                -122.20258750561806,
                47.516617117178384
              ],
              [
                -122.20297423350264,
                47.5166167941469
              ],
              [
                -122.20299176073436,
                47.51661676091453
              ],
              [
                -122.20319389217099,
                47.51661637619241
              ],
              [
                -122.20319447575632,
                47.51658916404753
              ],
              [
                -122.2033965960474,
                47.516588965310966
              ],
              [
                -122.20343044564936,
                47.516588932137545
              ],
              [
                -122.20359872434902,
                47.516588767917284
              ],
              [
                -122.20363266424205,
                47.51658873449392
              ],
              [
                -122.20380084466066,
                47.51658856936075
              ],
              [
                -122.20384714153805,
                47.51658852351513
              ],
              [
                -122.2039020269663,
                47.5165884693733
              ],
              [
                -122.20400320927163,
                47.51658836929569
              ],
              [
                -122.20404947959943,
                47.516588323687984
              ],
              [
                -122.2042051065187,
                47.51658817091247
              ],
              [
                -122.20426395693936,
                47.5165881137208
              ],
              [
                -122.20440723479054,
                47.51658797118091
              ],
              [
                -122.20449057611806,
                47.516587889915606
              ],
              [
                -122.20460936040584,
                47.516587771121706
              ],
              [
                -122.20460878457762,
                47.51661494720594
              ],
              [
                -122.20470510163224,
                47.51661484946612
              ],
              [
                -122.20481091280975,
                47.51661474136027
              ],
              [
                -122.20491148694843,
                47.51661463882174
              ],
              [
                -122.20501304104017,
                47.516614535154986
              ],
              [
                -122.20501361433406,
                47.516587371690896
              ],
              [
                -122.20511377685824,
                47.516587272144214
              ],
              [
                -122.20521574259966,
                47.51658717052068
              ],
              [
                -122.20531611490979,
                47.51658707006095
              ],
              [
                -122.20541787086371,
                47.516586968990865
              ],
              [
                -122.20551845295978,
                47.516586867617306
              ],
              [
                -122.20561999647126,
                47.51658676713339
              ],
              [
                -122.20572079105555,
                47.51658666661178
              ],
              [
                -122.20582212473217,
                47.51658656488426
              ],
              [
                -122.2059231291024,
                47.51658646344735
              ],
              [
                -122.20602425299143,
                47.51658636227541
              ],
              [
                -122.20612546719504,
                47.51658626172106
              ],
              [
                -122.20622637861798,
                47.51658616023833
              ],
              [
                -122.20632780523874,
                47.51658605783579
              ],
              [
                -122.20642794651839,
                47.51658595738708
              ],
              [
                -122.20642800768432,
                47.516613082611684
              ],
              [
                -122.20653020179768,
                47.516612977048176
              ],
              [
                -122.20663013860431,
                47.51661287529553
              ],
              [
                -122.20663007742792,
                47.51658575366822
              ],
              [
                -122.20682264514285,
                47.5165855590791
              ],
              [
                -122.20697528435097,
                47.51658540445203
              ],
              [
                -122.20701575465131,
                47.5165853648078
              ],
              [
                -122.20714213554888,
                47.51658614193158
              ],
              [
                -122.20714151046907,
                47.5165700316973
              ],
              [
                -122.20711904364946,
                47.51649841970434
              ],
              [
                -122.20693595828845,
                47.51616403319307
              ],
              [
                -122.20686941024387,
                47.516025133020115
              ],
              [
                -122.20679719008999,
                47.51587439634506
              ],
              [
                -122.20676724233655,
                47.5158118876544
              ],
              [
                -122.20674688452209,
                47.51573133614825
              ],
              [
                -122.20676406667556,
                47.51569135251157
              ],
              [
                -122.20680360069736,
                47.51565086380015
              ],
              [
                -122.20701498923572,
                47.51587729671086
              ],
              [
                -122.20714247738589,
                47.516030802995544
              ],
              [
                -122.2072830340954,
                47.516185121713946
              ],
              [
                -122.20753338696422,
                47.51641019359702
              ],
              [
                -122.20780200992976,
                47.516615831517605
              ],
              [
                -122.20822564706806,
                47.51661803238043
              ],
              [
                -122.20838249622642,
                47.516618849527326
              ],
              [
                -122.2087240094352,
                47.51648196346314
              ],
              [
                -122.20953530130366,
                47.51610217476629
              ],
              [
                -122.20956962720035,
                47.51612939760847
              ],
              [
                -122.2097289640263,
                47.516255767032476
              ],
              [
                -122.20976173580804,
                47.516281756433926
              ],
              [
                -122.20992106541057,
                47.5164081184907
              ],
              [
                -122.20995396216995,
                47.51643420707752
              ],
              [
                -122.2101365721603,
                47.516579030373826
              ],
              [
                -122.21014622082899,
                47.51658668130689
              ],
              [
                -122.21019869199097,
                47.51662829592522
              ],
              [
                -122.21030446592898,
                47.51671218250053
              ],
              [
                -122.21033881837343,
                47.516739424589076
              ],
              [
                -122.21043810687215,
                47.516818166696794
              ],
              [
                -122.21048982439021,
                47.516859183105844
              ],
              [
                -122.21061174207547,
                47.51695586903175
              ],
              [
                -122.21064954132324,
                47.51698584714499
              ],
              [
                -122.2108262171324,
                47.517125958259285
              ],
              [
                -122.21090541716701,
                47.51718876821103
              ],
              [
                -122.2111796110713,
                47.51740621606798
              ],
              [
                -122.2112084848226,
                47.51742911281308
              ],
              [
                -122.21126859252668,
                47.51747678116579
              ],
              [
                -122.21135492525048,
                47.517545244522324
              ],
              [
                -122.21144125820102,
                47.51761370781329
              ],
              [
                -122.21152125860941,
                47.517677150844364
              ],
              [
                -122.21160893891998,
                47.517746684360496
              ],
              [
                -122.2116964566458,
                47.517816086646604
              ],
              [
                -122.21178380917823,
                47.51788535953385
              ],
              [
                -122.21181318533543,
                47.51790865484669
              ],
              [
                -122.21187099917084,
                47.51795450299045
              ],
              [
                -122.21195802932506,
                47.51802351878308
              ],
              [
                -122.21204490504459,
                47.518092410444886
              ],
              [
                -122.21213162101824,
                47.5181611780406
              ],
              [
                -122.21221818255488,
                47.518229821506246
              ],
              [
                -122.21230459510588,
                47.518298346173346
              ],
              [
                -122.21241107838759,
                47.518382786296776
              ],
              [
                -122.21236452532503,
                47.51845447875155
              ],
              [
                -122.21210725822844,
                47.51885067243765
              ],
              [
                -122.21186551862918,
                47.51922294967735
              ],
              [
                -122.2117795370809,
                47.519355357284965
              ],
              [
                -122.21171708717188,
                47.519451528380245
              ],
              [
                -122.21167248322391,
                47.51952021656158
              ],
              [
                -122.2115654286423,
                47.519685073938916
              ],
              [
                -122.21143783966505,
                47.51988155235638
              ],
              [
                -122.21098477680647,
                47.519875277893995
              ],
              [
                -122.21090206993728,
                47.52000247968308
              ],
              [
                -122.21083821084623,
                47.52010069321449
              ],
              [
                -122.21073101702346,
                47.5202655514481
              ],
              [
                -122.2106416883358,
                47.52040293383177
              ],
              [
                -122.21057022767326,
                47.520512838576906
              ],
              [
                -122.21046303215554,
                47.52067769655802
              ],
              [
                -122.20962850484226,
                47.520683996456185
              ],
              [
                -122.20926444950003,
                47.520678228868505
              ],
              [
                -122.20897995016607,
                47.52064996432075
              ],
              [
                -122.20881894488129,
                47.520875938587146
              ],
              [
                -122.20861589755495,
                47.52110347052715
              ],
              [
                -122.20836849441538,
                47.521367302761305
              ],
              [
                -122.2082467819378,
                47.52149320247865
              ],
              [
                -122.20806343387014,
                47.52173016274125
              ],
              [
                -122.20787056476958,
                47.52201143612171
              ],
              [
                -122.20773236042672,
                47.52224006637972
              ],
              [
                -122.20714156493582,
                47.52338653139302
              ],
              [
                -122.2064730972576,
                47.52452520056081
              ],
              [
                -122.20627550439525,
                47.524835333586644
              ],
              [
                -122.2060430659392,
                47.525186246094066
              ],
              [
                -122.2058777986487,
                47.525413228124584
              ],
              [
                -122.2056103717814,
                47.5257368831961
              ],
              [
                -122.2054660972109,
                47.525900199554904
              ],
              [
                -122.20535071274894,
                47.526011407638855
              ],
              [
                -122.20513364897582,
                47.52621556827923
              ],
              [
                -122.20498752293786,
                47.5263381121677
              ],
              [
                -122.20461495250252,
                47.5266505534108
              ],
              [
                -122.2044243545307,
                47.526810386593134
              ],
              [
                -122.20353911563947,
                47.52755271802194
              ],
              [
                -122.20313085964253,
                47.52789122621218
              ],
              [
                -122.2024518434494,
                47.528502363706714
              ],
              [
                -122.20209321264032,
                47.528894561417246
              ],
              [
                -122.20195709294002,
                47.528875827570545
              ],
              [
                -122.20072189396969,
                47.52870205515371
              ],
              [
                -122.20034167089072,
                47.528648138269894
              ],
              [
                -122.20031606790457,
                47.528635956564834
              ],
              [
                -122.1999821865718,
                47.528477100864464
              ],
              [
                -122.1996059117005,
                47.52829838575492
              ],
              [
                -122.19936466343637,
                47.52818367210089
              ],
              [
                -122.19928895940194,
                47.5281476761771
              ],
              [
                -122.19895944190185,
                47.52799099063912
              ],
              [
                -122.19895958878325,
                47.5279566537253
              ],
              [
                -122.19896099348082,
                47.5276278693397
              ],
              [
                -122.19893846247079,
                47.527575405922434
              ]
            ]
          ]
        ]
      }
    },
    {
      "type": "Feature",
      "properties": {
        "Neighborhood": "Forest Terrace",
        "DataProvider": "Renton",
        "Edit_Date": "2025-12-17T00:00:00.000",
        "GlobalID": "{B559984C-4895-4E19-AD92-1A8CB61F99B7}",
        "DataProvid": "Renton",
        "Shape_Length": 3328.1676839971387,
        "Shape_Area": 458996.00710923306
      },
      "geometry": {
        "type": "MultiPolygon",
        "coordinates": [
          [
            [
              [
                -122.16566078612101,
                47.51649255144682
              ],
              [
                -122.16455300121736,
                47.51648330980971
              ],
              [
                -122.16456871450609,
                47.515522621665966
              ],
              [
                -122.16594411461045,
                47.51553476857857
              ],
              [
                -122.16699477145467,
                47.51554274932001
              ],
              [
                -122.16791782383818,
                47.51554979359775
              ],
              [
                -122.16920460287382,
                47.51556752652089
              ],
              [
                -122.16977108651928,
                47.515571838316
              ],
              [
                -122.16988934106897,
                47.51556915327116
              ],
              [
                -122.16988496295815,
                47.51583799283066
              ],
              [
                -122.16988138136956,
                47.51605793569939
              ],
              [
                -122.16987901540668,
                47.51620322125913
              ],
              [
                -122.16987381123198,
                47.51652271202434
              ],
              [
                -122.16977206214979,
                47.51652195896524
              ],
              [
                -122.16948817787173,
                47.516519859047015
              ],
              [
                -122.16944835003937,
                47.51651956471298
              ],
              [
                -122.16913297456807,
                47.51651722982253
              ],
              [
                -122.16912464722792,
                47.516517168529624
              ],
              [
                -122.16872814323082,
                47.51651423211263
              ],
              [
                -122.1685507627409,
                47.51651291789963
              ],
              [
                -122.16826751472071,
                47.5165108191472
              ],
              [
                -122.16807005166436,
                47.51650935518847
              ],
              [
                -122.16798427867059,
                47.51650871954813
              ],
              [
                -122.16677036154928,
                47.51649971203884
              ],
              [
                -122.16665918554492,
                47.51649888694482
              ],
              [
                -122.16655589993212,
                47.51649812025631
              ],
              [
                -122.16636016884922,
                47.516496666281434
              ],
              [
                -122.16566078612101,
                47.51649255144682
              ]
            ]
          ]
        ]
      }
    },
    {
      "type": "Feature",
      "properties": {
        "Neighborhood": "Parkside Court",
        "DataProvider": "Renton",
        "Edit_Date": "2017-04-19T00:00:00.000",
        "GlobalID": "{2A283051-AF00-4110-A6B9-AB1BE8DE31CF}",
        "DataProvid": "Renton",
        "Shape_Length": 2006.1827909175547,
        "Shape_Area": 226574.63778912506
      },
      "geometry": {
        "type": "MultiPolygon",
        "coordinates": [
          [
            [
              [
                -122.14289984734536,
                47.481251306054794
              ],
              [
                -122.14289891388852,
                47.48119646838621
              ],
              [
                -122.14302025476151,
                47.48119722196684
              ],
              [
                -122.14322248951242,
                47.48119847584768
              ],
              [
                -122.14335404699165,
                47.48119929288493
              ],
              [
                -122.14349959284685,
                47.481200194793075
              ],
              [
                -122.14358050269232,
                47.48120069658275
              ],
              [
                -122.14379482806153,
                47.48120202577691
              ],
              [
                -122.14399702039904,
                47.48120327876805
              ],
              [
                -122.14419921274629,
                47.48120453139902
              ],
              [
                -122.14440140510318,
                47.481205783669914
              ],
              [
                -122.14460359746987,
                47.48120703558065
              ],
              [
                -122.14480578984617,
                47.48120828713128
              ],
              [
                -122.14500798223227,
                47.48120953832178
              ],
              [
                -122.14521017462798,
                47.48121078915213
              ],
              [
                -122.14541234315497,
                47.48121203989839
              ],
              [
                -122.14545279013636,
                47.481212290210784
              ],
              [
                -122.14556404851076,
                47.4812129777086
              ],
              [
                -122.14556765491928,
                47.48139864826673
              ],
              [
                -122.14556818442216,
                47.48154830330214
              ],
              [
                -122.14557387729565,
                47.48187393694256
              ],
              [
                -122.14558315607928,
                47.482157540885815
              ],
              [
                -122.1454689205631,
                47.482158382880094
              ],
              [
                -122.14520769410176,
                47.48215605879567
              ],
              [
                -122.14518611239569,
                47.4821558674296
              ],
              [
                -122.14498528824474,
                47.48215408075329
              ],
              [
                -122.14494340431796,
                47.48215370833617
              ],
              [
                -122.14476288235939,
                47.4821521004766
              ],
              [
                -122.14470069621507,
                47.4821515469252
              ],
              [
                -122.1445404738829,
                47.482150121593435
              ],
              [
                -122.14445798817755,
                47.4821493867939
              ],
              [
                -122.1443180680765,
                47.48214814224386
              ],
              [
                -122.14421528016008,
                47.48214722614376
              ],
              [
                -122.14409566224172,
                47.48214616065999
              ],
              [
                -122.14387325646912,
                47.482144180438986
              ],
              [
                -122.14375534548472,
                47.48214313087212
              ],
              [
                -122.14365085071339,
                47.48214219978225
              ],
              [
                -122.14341631355504,
                47.48214011042372
              ],
              [
                -122.14317368787351,
                47.48213794659736
              ],
              [
                -122.1430362737319,
                47.482136721926935
              ],
              [
                -122.14297561764741,
                47.48213632609229
              ],
              [
                -122.1429149456445,
                47.48213593040883
              ],
              [
                -122.142909106547,
                47.48179382203093
              ],
              [
                -122.1429084057537,
                47.48175269288751
              ],
              [
                -122.14290710295853,
                47.48167648395302
              ],
              [
                -122.14290649039202,
                47.48164056048937
              ],
              [
                -122.14290219499995,
                47.481388799472874
              ],
              [
                -122.14290087958173,
                47.48131166413
              ],
              [
                -122.14290041138995,
                47.48128423991512
              ],
              [
                -122.14290031598811,
                47.48127874825582
              ],
              [
                -122.14290017967015,
                47.48127067530939
              ],
              [
                -122.14289984734536,
                47.481251306054794
              ]
            ]
          ]
        ]
      }
    },
    {
      "type": "Feature",
      "properties": {
        "Neighborhood": "Pioneer Place",
        "DataProvider": "Renton",
        "Edit_Date": "2017-04-19T00:00:00.000",
        "GlobalID": "{17CE5E25-E00D-4F68-B5B3-771257860FFC}",
        "DataProvid": "Renton",
        "Shape_Length": 3158.407033346402,
        "Shape_Area": 543059.2030205721
      },
      "geometry": {
        "type": "MultiPolygon",
        "coordinates": [
          [
            [
              [
                -122.14656332248568,
                47.4667161504383
              ],
              [
                -122.14431556332775,
                47.46635919547839
              ],
              [
                -122.14328020391498,
                47.46619328512489
              ],
              [
                -122.14333940637138,
                47.46602528933906
              ],
              [
                -122.14345271181465,
                47.46568331504376
              ],
              [
                -122.14349702282004,
                47.465549572105346
              ],
              [
                -122.14353247249464,
                47.465442576651064
              ],
              [
                -122.14356792206908,
                47.465335582984494
              ],
              [
                -122.14360337145303,
                47.465228587508555
              ],
              [
                -122.14363882073665,
                47.46512159382035
              ],
              [
                -122.14367426722268,
                47.465014600151974
              ],
              [
                -122.1437097162157,
                47.46490760644215
              ],
              [
                -122.14374516510848,
                47.46480061452009
              ],
              [
                -122.14378061120362,
                47.46469362261789
              ],
              [
                -122.14381605976057,
                47.4645866288756
              ],
              [
                -122.14385150556501,
                47.46447963695171
              ],
              [
                -122.14393050051788,
                47.46449133653504
              ],
              [
                -122.14423154121909,
                47.46453591945543
              ],
              [
                -122.14428329656013,
                47.4645435849678
              ],
              [
                -122.14447034398607,
                47.46445761114311
              ],
              [
                -122.14473678108132,
                47.464579059406226
              ],
              [
                -122.14475814490953,
                47.464725314302754
              ],
              [
                -122.144725437668,
                47.4648268774747
              ],
              [
                -122.1454928258873,
                47.46495430525397
              ],
              [
                -122.14607010445445,
                47.46508925458986
              ],
              [
                -122.14698505306409,
                47.46524132435063
              ],
              [
                -122.14743013031318,
                47.46559318084446
              ],
              [
                -122.14742437426732,
                47.46560966642201
              ],
              [
                -122.14741710866278,
                47.46563047481423
              ],
              [
                -122.14732153593113,
                47.465904156116295
              ],
              [
                -122.14727495693857,
                47.46603754190472
              ],
              [
                -122.14722837505548,
                47.466170927705086
              ],
              [
                -122.14718179558663,
                47.466304313456035
              ],
              [
                -122.147135213182,
                47.46643769742033
              ],
              [
                -122.14710540225857,
                47.46652306434858
              ],
              [
                -122.14712507298158,
                47.46652622438499
              ],
              [
                -122.1471422499081,
                47.46655152107937
              ],
              [
                -122.1471594295037,
                47.46657681774044
              ],
              [
                -122.14717446002271,
                47.46659895301042
              ],
              [
                -122.14699220756569,
                47.46656968604241
              ],
              [
                -122.14697824248105,
                47.466609680586636
              ],
              [
                -122.14693087049436,
                47.46677433449334
              ],
              [
                -122.14656332248568,
                47.4667161504383
              ]
            ]
          ]
        ]
      }
    },
    {
      "type": "Feature",
      "properties": {
        "Neighborhood": "Langley Ridge",
        "DataProvider": "Renton",
        "Edit_Date": "2017-04-19T00:00:00.000",
        "GlobalID": "{FCFA3ADC-D66D-4485-A216-00DAF04C1845}",
        "DataProvid": "Renton",
        "Shape_Length": 3902.8662887954997,
        "Shape_Area": 400783.0515595928
      },
      "geometry": {
        "type": "MultiPolygon",
        "coordinates": [
          [
            [
              [
                -122.14855334101453,
                47.51330789822184
              ],
              [
                -122.150098644541,
                47.51332626856941
              ],
              [
                -122.15368655747959,
                47.51336889115442
              ],
              [
                -122.15419065415716,
                47.51337518671943
              ],
              [
                -122.15419031708966,
                47.513402917193346
              ],
              [
                -122.15419416851167,
                47.51340310719143
              ],
              [
                -122.15419034863932,
                47.513403009482175
              ],
              [
                -122.15419085181965,
                47.513457405141004
              ],
              [
                -122.15418171938397,
                47.51420965462053
              ],
              [
                -122.15389527862419,
                47.5142060325413
              ],
              [
                -122.15389589926893,
                47.51415510425521
              ],
              [
                -122.15357277065378,
                47.51420597747875
              ],
              [
                -122.15324813028751,
                47.51429014873729
              ],
              [
                -122.15195356729002,
                47.514625784827174
              ],
              [
                -122.15154962377308,
                47.51462108845069
              ],
              [
                -122.15155951470514,
                47.51373727774372
              ],
              [
                -122.14988571235314,
                47.51371643518527
              ],
              [
                -122.1498820031614,
                47.51411857669877
              ],
              [
                -122.1485434628222,
                47.514102915057705
              ],
              [
                -122.14855334101453,
                47.51330789822184
              ]
            ]
          ]
        ]
      }
    },
    {
      "type": "Feature",
      "properties": {
        "Neighborhood": "Valley Vue",
        "DataProvider": "Renton",
        "Edit_Date": "2017-04-19T00:00:00.000",
        "GlobalID": "{5C2339A0-E5DD-4969-BEA2-A86C63A34A49}",
        "DataProvid": "Renton",
        "Shape_Length": 3197.8795772136336,
        "Shape_Area": 596296.1901902746
      },
      "geometry": {
        "type": "MultiPolygon",
        "coordinates": [
          [
            [
              [
                -122.21271069246887,
                47.459288912373374
              ],
              [
                -122.2140228315887,
                47.45927251996229
              ],
              [
                -122.21401375670706,
                47.459314454648556
              ],
              [
                -122.21419330618592,
                47.45931233527045
              ],
              [
                -122.21520404475575,
                47.45930040389519
              ],
              [
                -122.21519735063752,
                47.45990889613669
              ],
              [
                -122.21519286585044,
                47.46031670070742
              ],
              [
                -122.21518939042069,
                47.46063278419706
              ],
              [
                -122.21518830713627,
                47.46073133400903
              ],
              [
                -122.21518585518943,
                47.46095432528133
              ],
              [
                -122.2151845496711,
                47.46107283592784
              ],
              [
                -122.21518274244707,
                47.46123732132767
              ],
              [
                -122.21518123333215,
                47.461374392832035
              ],
              [
                -122.21517972681377,
                47.46151146250602
              ],
              [
                -122.21517821768303,
                47.46164853401122
              ],
              [
                -122.21517474018304,
                47.46196494678013
              ],
              [
                -122.21467307563724,
                47.4619624083792
              ],
              [
                -122.21447095368815,
                47.46196138565376
              ],
              [
                -122.21425791847727,
                47.46196030647507
              ],
              [
                -122.21404286138895,
                47.4619592155164
              ],
              [
                -122.2140433147991,
                47.46191809551113
              ],
              [
                -122.21381370692339,
                47.461916931096575
              ],
              [
                -122.21357116130932,
                47.461915700500725
              ],
              [
                -122.21335691375091,
                47.46191461458962
              ],
              [
                -122.21315398538069,
                47.46191358493575
              ],
              [
                -122.21274971000729,
                47.461911530503166
              ],
              [
                -122.21266759730844,
                47.461909529518685
              ],
              [
                -122.21271069246887,
                47.459288912373374
              ]
            ]
          ]
        ]
      }
    },
    {
      "type": "Feature",
      "properties": {
        "Neighborhood": "Vineyards",
        "DataProvider": "Renton",
        "Edit_Date": "2017-04-19T00:00:00.000",
        "GlobalID": "{7851A6AA-7722-437E-B948-8597CDC649D5}",
        "DataProvid": "Renton",
        "Shape_Length": 4029.8718469835744,
        "Shape_Area": 315707.0219950862
      },
      "geometry": {
        "type": "MultiPolygon",
        "coordinates": [
          [
            [
              [
                -122.16169878294153,
                47.493156007327514
              ],
              [
                -122.16169589384081,
                47.49306727860465
              ],
              [
                -122.16169516728625,
                47.49304500651691
              ],
              [
                -122.1616916399015,
                47.492936741170446
              ],
              [
                -122.16168806710006,
                47.4928271090068
              ],
              [
                -122.16168613563848,
                47.49276784804008
              ],
              [
                -122.16168449426785,
                47.49271747504462
              ],
              [
                -122.16168092149637,
                47.49260784288106
              ],
              [
                -122.16167734869418,
                47.49249820891897
              ],
              [
                -122.16167377595283,
                47.49238857675552
              ],
              [
                -122.16167124525973,
                47.492310894177514
              ],
              [
                -122.16166936343366,
                47.49224430472078
              ],
              [
                -122.16167081567473,
                47.49217521412817
              ],
              [
                -122.1616643795002,
                47.49208020202023
              ],
              [
                -122.16166033900261,
                47.49194605301014
              ],
              [
                -122.16165621113834,
                47.49180899400907
              ],
              [
                -122.16165126828093,
                47.491644833256736
              ],
              [
                -122.16164569053211,
                47.49145959937378
              ],
              [
                -122.16164467299822,
                47.49142579638495
              ],
              [
                -122.16164195692355,
                47.49134249905267
              ],
              [
                -122.16182506848433,
                47.49134432901444
              ],
              [
                -122.1620846533785,
                47.49134692428263
              ],
              [
                -122.16233085907245,
                47.49134938591369
              ],
              [
                -122.16250888875965,
                47.49135116451393
              ],
              [
                -122.16267066370119,
                47.4913527805314
              ],
              [
                -122.1628324386527,
                47.49135439631838
              ],
              [
                -122.16299421361428,
                47.49135601187487
              ],
              [
                -122.16315598593219,
                47.491357627231956
              ],
              [
                -122.16331776095969,
                47.49135924412603
              ],
              [
                -122.16347953595125,
                47.49136085899104
              ],
              [
                -122.16364533881935,
                47.49136251458667
              ],
              [
                -122.1636550182739,
                47.491628768016106
              ],
              [
                -122.16365917189297,
                47.4917430081618
              ],
              [
                -122.16367511690359,
                47.49218162532362
              ],
              [
                -122.1630268984556,
                47.49217521455884
              ],
              [
                -122.16274631292289,
                47.492172439108884
              ],
              [
                -122.16256431133655,
                47.49217063718412
              ],
              [
                -122.16227398671943,
                47.49216776589075
              ],
              [
                -122.1622618529289,
                47.49216765963852
              ],
              [
                -122.1621746661176,
                47.492167517900974
              ],
              [
                -122.16217490248847,
                47.49217945155061
              ],
              [
                -122.16218145087697,
                47.49248979999072
              ],
              [
                -122.1622735145013,
                47.49249634536884
              ],
              [
                -122.16228565925819,
                47.49249646228717
              ],
              [
                -122.16275215809385,
                47.49250099142838
              ],
              [
                -122.16275573618918,
                47.49261001541145
              ],
              [
                -122.1627593351036,
                47.492719647261474
              ],
              [
                -122.16276293403307,
                47.492829279111575
              ],
              [
                -122.16276653302359,
                47.49293891276031
              ],
              [
                -122.16277012927833,
                47.493048438492735
              ],
              [
                -122.16277088364714,
                47.49307147129103
              ],
              [
                -122.16373812518557,
                47.493080536329416
              ],
              [
                -122.16380287185432,
                47.49308114135798
              ],
              [
                -122.16420596895982,
                47.49308491786018
              ],
              [
                -122.16420758114148,
                47.49312874590386
              ],
              [
                -122.16352410981733,
                47.493122474005276
              ],
              [
                -122.16323292740867,
                47.493119800463
              ],
              [
                -122.16283870035797,
                47.4931161793101
              ],
              [
                -122.1627781889264,
                47.4931156230915
              ],
              [
                -122.16271748102619,
                47.4931150655428
              ],
              [
                -122.16272213270945,
                47.49325766876599
              ],
              [
                -122.16273168747291,
                47.49355065176662
              ],
              [
                -122.1627343056866,
                47.493630974459464
              ],
              [
                -122.16289275733031,
                47.49363242585289
              ],
              [
                -122.16301440265745,
                47.49363354165469
              ],
              [
                -122.16301611788548,
                47.49368832168398
              ],
              [
                -122.16302504365028,
                47.49397343359816
              ],
              [
                -122.1628957850393,
                47.49397224862875
              ],
              [
                -122.16275536127408,
                47.493970962158215
              ],
              [
                -122.1625847848731,
                47.49396939883523
              ],
              [
                -122.16222385621204,
                47.49396609628279
              ],
              [
                -122.1618864793468,
                47.49396300816013
              ],
              [
                -122.16172503703169,
                47.49396153097053
              ],
              [
                -122.1617200615476,
                47.49380892469059
              ],
              [
                -122.16171612181293,
                47.49368801798993
              ],
              [
                -122.16171033544705,
                47.49351045268959
              ],
              [
                -122.16170592837473,
                47.4933752608635
              ],
              [
                -122.16170235578804,
                47.49326563949128
              ],
              [
                -122.16169982216952,
                47.49318784539934
              ],
              [
                -122.16169878294153,
                47.493156007327514
              ]
            ]
          ]
        ]
      }
    },
    {
      "type": "Feature",
      "properties": {
        "Neighborhood": "Sienna",
        "DataProvider": "Renton",
        "Edit_Date": "2017-04-19T00:00:00.000",
        "GlobalID": "{D24F06AE-3D37-4533-B373-2F6AE65C6C43}",
        "DataProvid": "Renton",
        "Shape_Length": 3920.4226715430495,
        "Shape_Area": 736609.3801498053
      },
      "geometry": {
        "type": "MultiPolygon",
        "coordinates": [
          [
            [
              [
                -122.14560110620324,
                47.48741832681028
              ],
              [
                -122.14563541586307,
                47.48738101281988
              ],
              [
                -122.14565060596708,
                47.487339335641614
              ],
              [
                -122.14567497755122,
                47.48727246426214
              ],
              [
                -122.14567329420603,
                47.487139837881884
              ],
              [
                -122.1456708581858,
                47.48694791616472
              ],
              [
                -122.14566728230639,
                47.48666617134077
              ],
              [
                -122.14557274770249,
                47.486665770863006
              ],
              [
                -122.1453684483325,
                47.48666490551235
              ],
              [
                -122.14519470091284,
                47.48666416980492
              ],
              [
                -122.14499444037416,
                47.4866633209775
              ],
              [
                -122.14480608712051,
                47.48666006282707
              ],
              [
                -122.14473018143453,
                47.48665962094876
              ],
              [
                -122.14445055140824,
                47.486657111648654
              ],
              [
                -122.14432968835303,
                47.486655231270966
              ],
              [
                -122.1443195802506,
                47.48609466346513
              ],
              [
                -122.14430478180932,
                47.48519254968775
              ],
              [
                -122.14555562447246,
                47.485201101088755
              ],
              [
                -122.1456332731226,
                47.48519974829305
              ],
              [
                -122.14562159475815,
                47.48481183025138
              ],
              [
                -122.1475853622916,
                47.484845951714256
              ],
              [
                -122.14760213578927,
                47.48599427097724
              ],
              [
                -122.14766321936095,
                47.48606685522488
              ],
              [
                -122.14820904233146,
                47.486062555714554
              ],
              [
                -122.14833784019108,
                47.48606195887355
              ],
              [
                -122.14835738377191,
                47.48749118509378
              ],
              [
                -122.14818914506716,
                47.48748939879996
              ],
              [
                -122.14792619915742,
                47.48748732276895
              ],
              [
                -122.14771816615782,
                47.48748567904012
              ],
              [
                -122.14750244492335,
                47.48748397460303
              ],
              [
                -122.14699897949448,
                47.48747999463208
              ],
              [
                -122.14636973576975,
                47.48747501776037
              ],
              [
                -122.14578430790009,
                47.4874658426208
              ],
              [
                -122.14571248030066,
                47.48744397419881
              ],
              [
                -122.14560110620324,
                47.48741832681028
              ]
            ]
          ]
        ]
      }
    },
    {
      "type": "Feature",
      "properties": {
        "Neighborhood": "Beclan",
        "DataProvider": "Renton",
        "Edit_Date": "2018-12-26T00:00:00.000",
        "GlobalID": "{BAB9AF96-2836-40FC-A9AA-65A59C02ED70}",
        "DataProvid": "Renton",
        "Shape_Length": 2439.8788401349007,
        "Shape_Area": 308446.98764588835
      },
      "geometry": {
        "type": "MultiPolygon",
        "coordinates": [
          [
            [
              [
                -122.14984306402897,
                47.48664214931149
              ],
              [
                -122.14983514804723,
                47.486093752246525
              ],
              [
                -122.14969455011388,
                47.48609274065508
              ],
              [
                -122.14845198332605,
                47.48608379868824
              ],
              [
                -122.14844209971902,
                47.485397720302984
              ],
              [
                -122.14843723319277,
                47.48505995261458
              ],
              [
                -122.14843572862098,
                47.48495553640483
              ],
              [
                -122.14843583273777,
                47.48495269358234
              ],
              [
                -122.1484362264422,
                47.48494986243467
              ],
              [
                -122.14843690785122,
                47.48494705650045
              ],
              [
                -122.14843787370668,
                47.48494428919766
              ],
              [
                -122.14843911938937,
                47.484941573759606
              ],
              [
                -122.1484406389427,
                47.48493892317151
              ],
              [
                -122.1484424251002,
                47.484936350108576
              ],
              [
                -122.14844446932004,
                47.48493386687515
              ],
              [
                -122.14844676182666,
                47.48493148534615
              ],
              [
                -122.14844929165777,
                47.484929216910025
              ],
              [
                -122.14845204671525,
                47.48492707241442
              ],
              [
                -122.1484550138244,
                47.484925062114385
              ],
              [
                -122.14845817879633,
                47.48492319562321
              ],
              [
                -122.14846152649672,
                47.4849214818664
              ],
              [
                -122.14846504091611,
                47.484919929039194
              ],
              [
                -122.14846870524872,
                47.48491854456722
              ],
              [
                -122.14847250197188,
                47.484917335071025
              ],
              [
                -122.14847641292972,
                47.484916306334405
              ],
              [
                -122.14848041941944,
                47.48491546327681
              ],
              [
                -122.14848450228266,
                47.48491480992976
              ],
              [
                -122.14848864199455,
                47.48491434941751
              ],
              [
                -122.14849281875944,
                47.484914083942286
              ],
              [
                -122.14849701260377,
                47.48491401477356
              ],
              [
                -122.14863929738591,
                47.4849150028683
              ],
              [
                -122.14881516809433,
                47.484916224984225
              ],
              [
                -122.1492798345274,
                47.48491945087202
              ],
              [
                -122.14945360811986,
                47.48492065672898
              ],
              [
                -122.14969625382068,
                47.484922341077805
              ],
              [
                -122.14993889951455,
                47.48492402400869
              ],
              [
                -122.150181545224,
                47.484925706420974
              ],
              [
                -122.15076927214889,
                47.48492977990147
              ],
              [
                -122.15077608549997,
                47.4849299830627
              ],
              [
                -122.15078286314711,
                47.48493049711398
              ],
              [
                -122.15078957425322,
                47.48493131971656
              ],
              [
                -122.15079618828443,
                47.48493244712769
              ],
              [
                -122.1508026751481,
                47.48493387421792
              ],
              [
                -122.15080900533061,
                47.48493559449433
              ],
              [
                -122.15081515003061,
                47.48493760013
              ],
              [
                -122.15082108129154,
                47.48493988199969
              ],
              [
                -122.15082677212685,
                47.48494242972145
              ],
              [
                -122.15083219664456,
                47.4849452317036
              ],
              [
                -122.15083733016414,
                47.484948275197745
              ],
              [
                -122.15084214932943,
                47.484951546356655
              ],
              [
                -122.15084663221394,
                47.48495503029716
              ],
              [
                -122.15085075842137,
                47.484958711168154
              ],
              [
                -122.15085450917839,
                47.48496257222235
              ],
              [
                -122.15085786741952,
                47.48496659589281
              ],
              [
                -122.15086081786572,
                47.48497076387262
              ],
              [
                -122.1508633470926,
                47.48497505719834
              ],
              [
                -122.15086544359269,
                47.484979456336184
              ],
              [
                -122.15086709782724,
                47.48498394127102
              ],
              [
                -122.15086830226993,
                47.484988491597214
              ],
              [
                -122.15086905144027,
                47.48499308661177
              ],
              [
                -122.15086934192998,
                47.484997705408205
              ],
              [
                -122.15087262278537,
                47.48524811641367
              ],
              [
                -122.15087496909588,
                47.48542716823874
              ],
              [
                -122.15087728551646,
                47.485603932806654
              ],
              [
                -122.1508782546665,
                47.48567786885293
              ],
              [
                -122.15087990901179,
                47.485804149181
              ],
              [
                -122.15088526323316,
                47.48621276496899
              ],
              [
                -122.150890988629,
                47.48664967870195
              ],
              [
                -122.15051679038815,
                47.486646991005216
              ],
              [
                -122.15051443169517,
                47.48664697429424
              ],
              [
                -122.15017544804437,
                47.48664453805677
              ],
              [
                -122.15015043682055,
                47.486644358608864
              ],
              [
                -122.15008089968293,
                47.48664385902777
              ],
              [
                -122.15000421608453,
                47.486643307357085
              ],
              [
                -122.14984306402897,
                47.48664214931149
              ]
            ]
          ]
        ]
      }
    },
    {
      "type": "Feature",
      "properties": {
        "Neighborhood": "Wonderland Estates",
        "DataProvider": "Renton",
        "Edit_Date": "2017-04-19T00:00:00.000",
        "GlobalID": "{F9FFAD6C-0DD4-41C4-9C25-8B1CE5C9BA5D}",
        "DataProvid": "Renton",
        "Shape_Length": 3810.1821118990997,
        "Shape_Area": 539098.3717433547
      },
      "geometry": {
        "type": "MultiPolygon",
        "coordinates": [
          [
            [
              [
                -122.14145601183672,
                47.464916819917505
              ],
              [
                -122.14206682490567,
                47.46297587295458
              ],
              [
                -122.14261361930632,
                47.46306370115005
              ],
              [
                -122.14285742446906,
                47.46233154014751
              ],
              [
                -122.14285293525568,
                47.462480378588005
              ],
              [
                -122.14282881173972,
                47.4632866153153
              ],
              [
                -122.14424176316896,
                47.46328085958587
              ],
              [
                -122.14399365594696,
                47.46401733379421
              ],
              [
                -122.14390827548175,
                47.464270765589504
              ],
              [
                -122.14392009852757,
                47.46427259908898
              ],
              [
                -122.14385150556501,
                47.46447963695171
              ],
              [
                -122.14381605976057,
                47.4645866288756
              ],
              [
                -122.14378061120362,
                47.46469362261789
              ],
              [
                -122.14374516510848,
                47.46480061452009
              ],
              [
                -122.1437097162157,
                47.46490760644215
              ],
              [
                -122.14367426722268,
                47.465014600151974
              ],
              [
                -122.14363882073665,
                47.46512159382035
              ],
              [
                -122.14360337145303,
                47.465228587508555
              ],
              [
                -122.14356792206908,
                47.465335582984494
              ],
              [
                -122.14353247249464,
                47.465442576651064
              ],
              [
                -122.14349702282004,
                47.465549572105346
              ],
              [
                -122.14345271181465,
                47.46568331504376
              ],
              [
                -122.14333940637138,
                47.46602528933906
              ],
              [
                -122.14328020391498,
                47.46619328512489
              ],
              [
                -122.14259478427347,
                47.46608344560771
              ],
              [
                -122.14165827114364,
                47.46593175007923
              ],
              [
                -122.14171163204642,
                47.465764114910016
              ],
              [
                -122.14193447699819,
                47.46499040392102
              ],
              [
                -122.14145601183672,
                47.464916819917505
              ]
            ]
          ]
        ]
      }
    },
    {
      "type": "Feature",
      "properties": {
        "Neighborhood": "Talbot Hill",
        "DataProvider": "Renton",
        "Edit_Date": "2017-04-19T00:00:00.000",
        "GlobalID": "{0AED16E2-B5AC-4A81-941C-2033C5F561DC}",
        "DataProvid": "Renton",
        "Shape_Length": 13835.611073819276,
        "Shape_Area": 6412295.948668669
      },
      "geometry": {
        "type": "MultiPolygon",
        "coordinates": [
          [
            [
              [
                -122.2079793942141,
                47.46853065129053
              ],
              [
                -122.20799044966937,
                47.46824056722074
              ],
              [
                -122.20799797973926,
                47.46804297216452
              ],
              [
                -122.20800486712692,
                47.46786227631979
              ],
              [
                -122.20800077293994,
                47.46761618534935
              ],
              [
                -122.20798733691169,
                47.46732518803173
              ],
              [
                -122.20797099895125,
                47.467143787597365
              ],
              [
                -122.20795975369289,
                47.467018925287235
              ],
              [
                -122.20793098169773,
                47.46686125078219
              ],
              [
                -122.2078788244136,
                47.46657541741872
              ],
              [
                -122.20775333363497,
                47.465907199669765
              ],
              [
                -122.20762191463284,
                47.46520738929216
              ],
              [
                -122.20759501565925,
                47.46507421461373
              ],
              [
                -122.20750799472567,
                47.4646433672799
              ],
              [
                -122.2074241439762,
                47.46422822237064
              ],
              [
                -122.20732981982032,
                47.46372016423192
              ],
              [
                -122.20726026620267,
                47.46327764370784
              ],
              [
                -122.20722677718857,
                47.462970377400914
              ],
              [
                -122.2072098408959,
                47.46281497124654
              ],
              [
                -122.20719816636627,
                47.46270786012649
              ],
              [
                -122.20718080040953,
                47.46250851646941
              ],
              [
                -122.20717396667534,
                47.46234931590658
              ],
              [
                -122.20716408762603,
                47.462119082666405
              ],
              [
                -122.20716380089767,
                47.46184633696156
              ],
              [
                -122.20717329420225,
                47.4613858995374
              ],
              [
                -122.20718118270855,
                47.461003271859845
              ],
              [
                -122.20718830699919,
                47.46067883649618
              ],
              [
                -122.20718067875386,
                47.460389081368774
              ],
              [
                -122.20716461985648,
                47.46017269464663
              ],
              [
                -122.20713970840559,
                47.45996280843011
              ],
              [
                -122.20711129719325,
                47.45975006973675
              ],
              [
                -122.20708807839995,
                47.45961001093586
              ],
              [
                -122.20705971762355,
                47.459438930290425
              ],
              [
                -122.20703871222813,
                47.4593229822239
              ],
              [
                -122.20703989486631,
                47.459322256337295
              ],
              [
                -122.20733003728537,
                47.45931597330501
              ],
              [
                -122.20854808074284,
                47.45929502186681
              ],
              [
                -122.20984724339924,
                47.45928244415886
              ],
              [
                -122.21085030985287,
                47.45928138834472
              ],
              [
                -122.2116897159669,
                47.45928599936657
              ],
              [
                -122.21204144344584,
                47.459287673948076
              ],
              [
                -122.21224946044948,
                47.45900457650906
              ],
              [
                -122.21231406640038,
                47.45890909417718
              ],
              [
                -122.2124021825153,
                47.458778863084376
              ],
              [
                -122.21244175071747,
                47.45871596467896
              ],
              [
                -122.21253650956858,
                47.45856533298537
              ],
              [
                -122.21258599227716,
                47.45848667208267
              ],
              [
                -122.21264897319566,
                47.45834736819801
              ],
              [
                -122.21269620475854,
                47.458214765119585
              ],
              [
                -122.2127421643855,
                47.45808573712699
              ],
              [
                -122.21276847106482,
                47.45794975320607
              ],
              [
                -122.21278741780002,
                47.457811323742334
              ],
              [
                -122.21279506368438,
                47.45762607982007
              ],
              [
                -122.21280737488105,
                47.45732784931366
              ],
              [
                -122.21281784558283,
                47.45707415247579
              ],
              [
                -122.21282380074845,
                47.456929878057835
              ],
              [
                -122.21282848190438,
                47.456733492882286
              ],
              [
                -122.21283314673539,
                47.45653779608534
              ],
              [
                -122.21282504773558,
                47.456384389981146
              ],
              [
                -122.21280753172992,
                47.456244986116786
              ],
              [
                -122.21279368951477,
                47.456134826155186
              ],
              [
                -122.21276855743324,
                47.45600604718954
              ],
              [
                -122.21274360833502,
                47.45587008553652
              ],
              [
                -122.21272490408316,
                47.45576815918149
              ],
              [
                -122.2126970328259,
                47.45561627177722
              ],
              [
                -122.21280517512544,
                47.45562266993487
              ],
              [
                -122.21317867503879,
                47.455618874577425
              ],
              [
                -122.2138608475219,
                47.45561194129088
              ],
              [
                -122.21414661433445,
                47.45560910772495
              ],
              [
                -122.21413572978743,
                47.455951280958914
              ],
              [
                -122.21412434007648,
                47.45631016017625
              ],
              [
                -122.21411747801444,
                47.456526348410314
              ],
              [
                -122.21411052129143,
                47.456745578382716
              ],
              [
                -122.21410399780692,
                47.456951106051
              ],
              [
                -122.21409703831878,
                47.45717033605708
              ],
              [
                -122.21409008137653,
                47.45738956423309
              ],
              [
                -122.21408312177147,
                47.45760879424064
              ],
              [
                -122.21407584142787,
                47.4578381628395
              ],
              [
                -122.21406824712544,
                47.458077425260974
              ],
              [
                -122.21406054201044,
                47.4583202225881
              ],
              [
                -122.21405264587625,
                47.458568937889474
              ],
              [
                -122.21404448053758,
                47.458826231280284
              ],
              [
                -122.21403160030401,
                47.45923199864558
              ],
              [
                -122.21388209461362,
                47.45923376210731
              ],
              [
                -122.21321133983066,
                47.45924167516711
              ],
              [
                -122.21271433282101,
                47.45924753504536
              ],
              [
                -122.21271069246887,
                47.459288912373374
              ],
              [
                -122.21266759730844,
                47.461909529518685
              ],
              [
                -122.21274971000729,
                47.461911530503166
              ],
              [
                -122.21315398538069,
                47.46191358493575
              ],
              [
                -122.21335691375091,
                47.46191461458962
              ],
              [
                -122.21357116130932,
                47.461915700500725
              ],
              [
                -122.21381370692339,
                47.461916931096575
              ],
              [
                -122.2140433147991,
                47.46191809551113
              ],
              [
                -122.21404286138895,
                47.4619592155164
              ],
              [
                -122.21425791847727,
                47.46196030647507
              ],
              [
                -122.21447095368815,
                47.46196138565376
              ],
              [
                -122.21467307563724,
                47.4619624083792
              ],
              [
                -122.21517474018304,
                47.46196494678013
              ],
              [
                -122.21517031506123,
                47.46236710306201
              ],
              [
                -122.21516580484966,
                47.46277716950843
              ],
              [
                -122.21512664258061,
                47.462937447286855
              ],
              [
                -122.21570982250059,
                47.46293133258726
              ],
              [
                -122.21584200636887,
                47.463190329296495
              ],
              [
                -122.21594181736435,
                47.46338589137301
              ],
              [
                -122.21604465415288,
                47.46358738073076
              ],
              [
                -122.21619456906184,
                47.463881106182484
              ],
              [
                -122.21621721934582,
                47.46392548540832
              ],
              [
                -122.21635236613592,
                47.46419027477436
              ],
              [
                -122.21642587037657,
                47.464390557863474
              ],
              [
                -122.21649937518139,
                47.46459084090579
              ],
              [
                -122.21656308033558,
                47.464764419618135
              ],
              [
                -122.21664638648365,
                47.4649914068503
              ],
              [
                -122.21665153162259,
                47.465192393606216
              ],
              [
                -122.21665672338598,
                47.46539513757894
              ],
              [
                -122.21673232374748,
                47.465637047424046
              ],
              [
                -122.21678183245719,
                47.4657954684297
              ],
              [
                -122.21684453976923,
                47.465994564146314
              ],
              [
                -122.21687610349778,
                47.46609477332476
              ],
              [
                -122.21671667917488,
                47.46619691878241
              ],
              [
                -122.2163886252468,
                47.46640643802376
              ],
              [
                -122.21633544245576,
                47.466447623190724
              ],
              [
                -122.21620732850987,
                47.46654682879223
              ],
              [
                -122.2158227056342,
                47.466822882432105
              ],
              [
                -122.21569047893625,
                47.46693992767248
              ],
              [
                -122.21553901583657,
                47.46706990556471
              ],
              [
                -122.21544348503492,
                47.4671518858015
              ],
              [
                -122.21527880142875,
                47.46729320795717
              ],
              [
                -122.21517313453144,
                47.4673604691884
              ],
              [
                -122.21504190604473,
                47.46743310440698
              ],
              [
                -122.21492512106961,
                47.46748923350712
              ],
              [
                -122.21483513814904,
                47.46752081674614
              ],
              [
                -122.21472179775517,
                47.46756059877194
              ],
              [
                -122.2145987921047,
                47.46758843493347
              ],
              [
                -122.21431014199675,
                47.46764340232101
              ],
              [
                -122.2140368842423,
                47.46768507927724
              ],
              [
                -122.21379664964371,
                47.467721718304546
              ],
              [
                -122.21337591337914,
                47.467788285293025
              ],
              [
                -122.21276731185836,
                47.467887164360974
              ],
              [
                -122.21246326762278,
                47.46793655321457
              ],
              [
                -122.21209691387554,
                47.46798739459465
              ],
              [
                -122.21161946012995,
                47.46805365187813
              ],
              [
                -122.21109589332258,
                47.46812357596189
              ],
              [
                -122.21054425247048,
                47.46819297293118
              ],
              [
                -122.2098941356179,
                47.468272449661185
              ],
              [
                -122.20943024996551,
                47.46836104869487
              ],
              [
                -122.20943026989731,
                47.46836940016305
              ],
              [
                -122.2093845010078,
                47.46836978694006
              ],
              [
                -122.2091984966376,
                47.468405311461744
              ],
              [
                -122.20837844241055,
                47.468593404025725
              ],
              [
                -122.20817483529575,
                47.46863767356553
              ],
              [
                -122.20797346866657,
                47.46868612563363
              ],
              [
                -122.2079793942141,
                47.46853065129053
              ]
            ]
          ]
        ]
      }
    },
    {
      "type": "Feature",
      "properties": {
        "Neighborhood": "Nichols Place",
        "DataProvider": "Renton",
        "Edit_Date": "2017-04-19T00:00:00.000",
        "GlobalID": "{F7BA2A1D-C155-40A4-8F45-CBB31FF11160}",
        "DataProvid": "Renton",
        "Shape_Length": 1833.9741713196738,
        "Shape_Area": 173757.08242699312
      },
      "geometry": {
        "type": "MultiPolygon",
        "coordinates": [
          [
            [
              [
                -122.12701850055272,
                47.47809075330659
              ],
              [
                -122.12712430058582,
                47.47808806398488
              ],
              [
                -122.12716474686428,
                47.47808850070557
              ],
              [
                -122.12724563677025,
                47.47808937413392
              ],
              [
                -122.12782378196286,
                47.478095607896186
              ],
              [
                -122.1281876763814,
                47.47809952981814
              ],
              [
                -122.12832452533316,
                47.47810100367648
              ],
              [
                -122.12861221773542,
                47.47810410424439
              ],
              [
                -122.12901642053562,
                47.47810845767729
              ],
              [
                -122.1292185856781,
                47.47811063492568
              ],
              [
                -122.12925497325007,
                47.47811102548541
              ],
              [
                -122.12929944907789,
                47.478111505394786
              ],
              [
                -122.12931562280151,
                47.47811167875013
              ],
              [
                -122.12964607897656,
                47.47811523655302
              ],
              [
                -122.12964788579241,
                47.47825234739998
              ],
              [
                -122.12964868261227,
                47.4783130355462
              ],
              [
                -122.12965005030543,
                47.478416881898106
              ],
              [
                -122.12965185714222,
                47.47855399274578
              ],
              [
                -122.12965384281196,
                47.47870481451987
              ],
              [
                -122.12965466483008,
                47.47876726372713
              ],
              [
                -122.12965553911846,
                47.47884740857973
              ],
              [
                -122.1294532914665,
                47.4788452312198
              ],
              [
                -122.12925104383137,
                47.47884305349948
              ],
              [
                -122.12919654925862,
                47.478842466654065
              ],
              [
                -122.12909950812538,
                47.4788414227581
              ],
              [
                -122.12908118399622,
                47.478841225341604
              ],
              [
                -122.12897416449783,
                47.478840072157425
              ],
              [
                -122.1288789363921,
                47.47883904695833
              ],
              [
                -122.12881243280036,
                47.47883833072845
              ],
              [
                -122.12870907653837,
                47.47883721644502
              ],
              [
                -122.12861026750807,
                47.47883615272642
              ],
              [
                -122.12850682901006,
                47.47883503919737
              ],
              [
                -122.12844853318184,
                47.47883441080919
              ],
              [
                -122.12833696918239,
                47.47883320812726
              ],
              [
                -122.12824636791997,
                47.478832232159064
              ],
              [
                -122.12817115224495,
                47.478831422438205
              ],
              [
                -122.12808463361803,
                47.47883048972342
              ],
              [
                -122.12800533527421,
                47.47882963470827
              ],
              [
                -122.1278824683865,
                47.4788283104252
              ],
              [
                -122.12772073410889,
                47.47882656747103
              ],
              [
                -122.12751856890777,
                47.478824387524774
              ],
              [
                -122.12735683730754,
                47.478822644021875
              ],
              [
                -122.1271748995173,
                47.47882068083956
              ],
              [
                -122.12713445267114,
                47.47882024412246
              ],
              [
                -122.12701996842219,
                47.478817710593674
              ],
              [
                -122.12701850055272,
                47.47809075330659
              ]
            ]
          ]
        ]
      }
    },
    {
      "type": "Feature",
      "properties": {
        "Neighborhood": "Liberty Ridge",
        "DataProvider": "Renton",
        "Edit_Date": "2017-04-19T00:00:00.000",
        "GlobalID": "{7D957725-E546-41BF-A31D-950B36428D0F}",
        "DataProvid": "Renton",
        "Shape_Length": 14949.783458705346,
        "Shape_Area": 4725039.607044708
      },
      "geometry": {
        "type": "MultiPolygon",
        "coordinates": [
          [
            [
              [
                -122.18230273477721,
                47.486114653706245
              ],
              [
                -122.18221088134882,
                47.48588046836621
              ],
              [
                -122.18230493767506,
                47.48587029198371
              ],
              [
                -122.18232754545278,
                47.48571478715343
              ],
              [
                -122.18234777081699,
                47.48557564512418
              ],
              [
                -122.18236647350719,
                47.48544700663968
              ],
              [
                -122.1823823363915,
                47.485337875913785
              ],
              [
                -122.18239820186284,
                47.48522874515435
              ],
              [
                -122.18241406722126,
                47.48511961259428
              ],
              [
                -122.18242992990645,
                47.48501048186235
              ],
              [
                -122.1824474963438,
                47.48488964719003
              ],
              [
                -122.18246752231485,
                47.48474969608619
              ],
              [
                -122.18234723226051,
                47.48473987556896
              ],
              [
                -122.18218662514981,
                47.48472674138725
              ],
              [
                -122.18202601811993,
                47.48471360697833
              ],
              [
                -122.18188548702933,
                47.484702113959266
              ],
              [
                -122.18186541117095,
                47.4847004723422
              ],
              [
                -122.1818453353138,
                47.484698830721506
              ],
              [
                -122.18170480430284,
                47.48468733747885
              ],
              [
                -122.1815441975156,
                47.484674202388284
              ],
              [
                -122.18138359080926,
                47.48466106707051
              ],
              [
                -122.1812229841838,
                47.484647931525565
              ],
              [
                -122.18114268087815,
                47.484641362768585
              ],
              [
                -122.18106366541222,
                47.48462762524153
              ],
              [
                -122.18090559457309,
                47.48460014150197
              ],
              [
                -122.18072970100262,
                47.48456955865837
              ],
              [
                -122.18068437279611,
                47.48429024060042
              ],
              [
                -122.18066668361502,
                47.48418123851767
              ],
              [
                -122.18064899450779,
                47.484072236432404
              ],
              [
                -122.18063042156011,
                47.48395778441363
              ],
              [
                -122.18061431532777,
                47.4838366912377
              ],
              [
                -122.18060885575362,
                47.483711322856884
              ],
              [
                -122.18061499168078,
                47.48358563873548
              ],
              [
                -122.1806325953577,
                47.483461169664864
              ],
              [
                -122.1806668847301,
                47.48332939229985
              ],
              [
                -122.18069853004482,
                47.48320777012728
              ],
              [
                -122.18073165456943,
                47.48317331902337
              ],
              [
                -122.18084193745854,
                47.48305861664332
              ],
              [
                -122.18095085390563,
                47.48292355589102
              ],
              [
                -122.18087532194545,
                47.48286194558893
              ],
              [
                -122.18083508849436,
                47.482792769089876
              ],
              [
                -122.18080131483899,
                47.48271377169594
              ],
              [
                -122.18078612805473,
                47.48263818794166
              ],
              [
                -122.1807797325775,
                47.48255663729632
              ],
              [
                -122.18068789909798,
                47.48255955801005
              ],
              [
                -122.18068789595951,
                47.48256087502552
              ],
              [
                -122.18064745311011,
                47.48256084410624
              ],
              [
                -122.18025418774761,
                47.4825605455925
              ],
              [
                -122.18025454177375,
                47.48242347132032
              ],
              [
                -122.18025489579803,
                47.48228639704852
              ],
              [
                -122.1802552498204,
                47.482149322776976
              ],
              [
                -122.18025560384098,
                47.482012248505725
              ],
              [
                -122.18025595785961,
                47.48187517423481
              ],
              [
                -122.18025631187646,
                47.48173809996423
              ],
              [
                -122.18025666591546,
                47.481600615487366
              ],
              [
                -122.18025702042141,
                47.48146386865695
              ],
              [
                -122.1802573750544,
                47.48132651011415
              ],
              [
                -122.18008543427936,
                47.48132656941005
              ],
              [
                -122.17964482461437,
                47.48132672086488
              ],
              [
                -122.17933437743284,
                47.48132682769443
              ],
              [
                -122.17904349503249,
                47.481326924820166
              ],
              [
                -122.178763201905,
                47.481327019826885
              ],
              [
                -122.17850742847678,
                47.48132710423299
              ],
              [
                -122.17826478678283,
                47.48132718539751
              ],
              [
                -122.17806019989544,
                47.48132725241236
              ],
              [
                -122.1778175581537,
                47.48132733082234
              ],
              [
                -122.1776153571903,
                47.48132739756121
              ],
              [
                -122.17737271544728,
                47.481327475020365
              ],
              [
                -122.1771705144827,
                47.48132754096686
              ],
              [
                -122.17692787273835,
                47.48132761747522
              ],
              [
                -122.1766852310396,
                47.481327695263516
              ],
              [
                -122.176483030027,
                47.48132775818689
              ],
              [
                -122.17646280968357,
                47.4813277653619
              ],
              [
                -122.17624038832695,
                47.48132783502442
              ],
              [
                -122.1748894641355,
                47.48132824872243
              ],
              [
                -122.17488987775569,
                47.481103060651456
              ],
              [
                -122.17488989114631,
                47.48109594486226
              ],
              [
                -122.17488995241924,
                47.48106210575958
              ],
              [
                -122.1748899684007,
                47.48105364597611
              ],
              [
                -122.17489002962725,
                47.48101980507488
              ],
              [
                -122.17489027283663,
                47.4808871618023
              ],
              [
                -122.17498563440967,
                47.48079162078003
              ],
              [
                -122.17517661298389,
                47.48077207885259
              ],
              [
                -122.17521053479174,
                47.48080630244612
              ],
              [
                -122.17532166838915,
                47.48084550900129
              ],
              [
                -122.17541119025694,
                47.48084445056166
              ],
              [
                -122.17548191121352,
                47.480823467496364
              ],
              [
                -122.17556160452662,
                47.48082082315831
              ],
              [
                -122.175635990013,
                47.480773521898975
              ],
              [
                -122.17573754235538,
                47.480708947725375
              ],
              [
                -122.17583474114745,
                47.480721682186214
              ],
              [
                -122.17598375700682,
                47.48069870225781
              ],
              [
                -122.17598332114855,
                47.480693419715756
              ],
              [
                -122.17598592386341,
                47.480613168491786
              ],
              [
                -122.17599355650916,
                47.480377868315706
              ],
              [
                -122.17599843565557,
                47.48022747914281
              ],
              [
                -122.17609435839522,
                47.480121902059594
              ],
              [
                -122.17621038760284,
                47.47999419677384
              ],
              [
                -122.1763777756283,
                47.47991715761674
              ],
              [
                -122.17657129147642,
                47.47982809115475
              ],
              [
                -122.17669320283889,
                47.47983839142258
              ],
              [
                -122.17695741204324,
                47.47986071131648
              ],
              [
                -122.17697927989632,
                47.47986255925719
              ],
              [
                -122.1771872475737,
                47.47980779774649
              ],
              [
                -122.17725193240483,
                47.47979076398398
              ],
              [
                -122.17738133290948,
                47.479676730999536
              ],
              [
                -122.17739871650093,
                47.47966141050253
              ],
              [
                -122.17762422869693,
                47.47967239183606
              ],
              [
                -122.17765851471691,
                47.479674061985605
              ],
              [
                -122.17783107868215,
                47.4796425875715
              ],
              [
                -122.17801211479531,
                47.47952714697554
              ],
              [
                -122.17824551408904,
                47.47947143271659
              ],
              [
                -122.17836959367042,
                47.47944181474373
              ],
              [
                -122.1786171595194,
                47.47932109947993
              ],
              [
                -122.17893260394764,
                47.47937979441196
              ],
              [
                -122.17917767936122,
                47.47944055349258
              ],
              [
                -122.17921189958017,
                47.47944903733245
              ],
              [
                -122.17931666338936,
                47.47945437634234
              ],
              [
                -122.17940679042677,
                47.47945896767188
              ],
              [
                -122.17954103137595,
                47.47944437854663
              ],
              [
                -122.1795809609203,
                47.47944003858761
              ],
              [
                -122.17961956000164,
                47.47943072895041
              ],
              [
                -122.1796643149041,
                47.479419935749526
              ],
              [
                -122.1796708373313,
                47.47941836329023
              ],
              [
                -122.17970313182272,
                47.479408065108274
              ],
              [
                -122.17973849017594,
                47.47939678961772
              ],
              [
                -122.17981000179083,
                47.479373986287975
              ],
              [
                -122.1798278775407,
                47.47936676294317
              ],
              [
                -122.17982488702383,
                47.479362870874624
              ],
              [
                -122.17980927254554,
                47.479342545794964
              ],
              [
                -122.17980058653129,
                47.479331238624624
              ],
              [
                -122.18001582255683,
                47.479255263626605
              ],
              [
                -122.18021236017546,
                47.47915497688313
              ],
              [
                -122.18040516230468,
                47.47904982963987
              ],
              [
                -122.18063717142992,
                47.47899574794148
              ],
              [
                -122.18079013628993,
                47.47896009190581
              ],
              [
                -122.18079321643526,
                47.47886994848562
              ],
              [
                -122.18086554122,
                47.47885278055783
              ],
              [
                -122.18110854637644,
                47.478795098570394
              ],
              [
                -122.18124945682611,
                47.47883360569973
              ],
              [
                -122.18131696681596,
                47.478852054874
              ],
              [
                -122.18142153191707,
                47.478772821610086
              ],
              [
                -122.18148600586355,
                47.47877648174046
              ],
              [
                -122.18173047339982,
                47.47878999502965
              ],
              [
                -122.1819554672914,
                47.47880525586133
              ],
              [
                -122.18197592180844,
                47.4788066446534
              ],
              [
                -122.18199621089651,
                47.478806664454396
              ],
              [
                -122.18221940189675,
                47.47880689808729
              ],
              [
                -122.18246055094694,
                47.47878802674196
              ],
              [
                -122.1827206480586,
                47.47864982940289
              ],
              [
                -122.18282164003244,
                47.47869539944691
              ],
              [
                -122.18321036045033,
                47.478870796613656
              ],
              [
                -122.18325961206125,
                47.47900684922281
              ],
              [
                -122.18330674317554,
                47.47913704380879
              ],
              [
                -122.18339763346299,
                47.47938811745025
              ],
              [
                -122.18345806737376,
                47.4795550561526
              ],
              [
                -122.18346575027353,
                47.479576279314536
              ],
              [
                -122.18328678428782,
                47.4797624449682
              ],
              [
                -122.18328016068757,
                47.47976933533214
              ],
              [
                -122.18311015583923,
                47.47994617706235
              ],
              [
                -122.1829888777769,
                47.48007233097871
              ],
              [
                -122.18296679972478,
                47.48009529878873
              ],
              [
                -122.18304963006376,
                47.480131893649066
              ],
              [
                -122.18328531908098,
                47.48021685071267
              ],
              [
                -122.18336175651503,
                47.48015915048369
              ],
              [
                -122.18344433959567,
                47.48009681175418
              ],
              [
                -122.18355221143985,
                47.48005185060511
              ],
              [
                -122.18367481657717,
                47.48001859117546
              ],
              [
                -122.18373634081254,
                47.48000855311402
              ],
              [
                -122.18387595342166,
                47.48000190208195
              ],
              [
                -122.18408033820717,
                47.480020151290866
              ],
              [
                -122.18433394607749,
                47.48004279612048
              ],
              [
                -122.18447029236005,
                47.48005496998047
              ],
              [
                -122.18463412104485,
                47.480069597089745
              ],
              [
                -122.18481247107839,
                47.48008552097119
              ],
              [
                -122.1849449852536,
                47.48008893304103
              ],
              [
                -122.18498851355704,
                47.48008505298907
              ],
              [
                -122.18500794434799,
                47.480083321108424
              ],
              [
                -122.18498372747763,
                47.480026679814586
              ],
              [
                -122.18497750887958,
                47.480027223445354
              ],
              [
                -122.1849723352029,
                47.48000003329499
              ],
              [
                -122.18494599150367,
                47.47986161076826
              ],
              [
                -122.18491494716142,
                47.479698473483445
              ],
              [
                -122.18488390301331,
                47.4795353361906
              ],
              [
                -122.1848528590594,
                47.47937219888972
              ],
              [
                -122.18482181529961,
                47.47920906158083
              ],
              [
                -122.1847560448713,
                47.4788634269407
              ],
              [
                -122.18466540772832,
                47.47838712085813
              ],
              [
                -122.18471686622361,
                47.478400887017784
              ],
              [
                -122.1848367111051,
                47.47838812719763
              ],
              [
                -122.18491692696529,
                47.47837958499323
              ],
              [
                -122.18517904006029,
                47.478287351442916
              ],
              [
                -122.18520155531309,
                47.47830129118281
              ],
              [
                -122.1854075836101,
                47.4784288564406
              ],
              [
                -122.18556681147162,
                47.478530164342814
              ],
              [
                -122.18562607287281,
                47.47856779464767
              ],
              [
                -122.18582690086765,
                47.478732686973814
              ],
              [
                -122.18586571841027,
                47.47891447137997
              ],
              [
                -122.18602798567402,
                47.4790615668642
              ],
              [
                -122.18613939391582,
                47.4791625569037
              ],
              [
                -122.18623384919981,
                47.47924817724213
              ],
              [
                -122.18635252285323,
                47.4793557535407
              ],
              [
                -122.18648330736333,
                47.479474305905754
              ],
              [
                -122.18666550261463,
                47.479602750417484
              ],
              [
                -122.18687964751993,
                47.479691149526516
              ],
              [
                -122.18710316107294,
                47.47971582564419
              ],
              [
                -122.1873346593825,
                47.47974138301489
              ],
              [
                -122.18758212167265,
                47.47976870153018
              ],
              [
                -122.18784478927368,
                47.479775408671294
              ],
              [
                -122.18810745694225,
                47.479782115204614
              ],
              [
                -122.18836655623852,
                47.47973869613053
              ],
              [
                -122.18871558619693,
                47.47970871639395
              ],
              [
                -122.18908645698174,
                47.479776654535435
              ],
              [
                -122.18936977086521,
                47.47994012731353
              ],
              [
                -122.18952969412199,
                47.48014018246595
              ],
              [
                -122.18965493705878,
                47.480296851409854
              ],
              [
                -122.18976669004755,
                47.48043664884071
              ],
              [
                -122.1899313826397,
                47.48056842433869
              ],
              [
                -122.18996318196041,
                47.48058546369166
              ],
              [
                -122.19015345906593,
                47.48068742875982
              ],
              [
                -122.19040338360743,
                47.48076519064172
              ],
              [
                -122.19060866891049,
                47.480876485861195
              ],
              [
                -122.19080039926462,
                47.48095761447724
              ],
              [
                -122.19082869410326,
                47.48096958770478
              ],
              [
                -122.19083525797573,
                47.480972366261774
              ],
              [
                -122.19087897086357,
                47.48099968358761
              ],
              [
                -122.19103577726446,
                47.48109768456766
              ],
              [
                -122.19121479424831,
                47.48122816965485
              ],
              [
                -122.19143091660717,
                47.48134782220186
              ],
              [
                -122.19178723997872,
                47.48152835495928
              ],
              [
                -122.19209075361981,
                47.48172517144609
              ],
              [
                -122.1922685859876,
                47.48190178865765
              ],
              [
                -122.19232330464015,
                47.48195613013572
              ],
              [
                -122.19219560540078,
                47.48195727931074
              ],
              [
                -122.19207805264729,
                47.48195833567297
              ],
              [
                -122.19189230538292,
                47.4819600066227
              ],
              [
                -122.19158900272707,
                47.481962734954664
              ],
              [
                -122.1912856999926,
                47.481965460677664
              ],
              [
                -122.1912036388954,
                47.481966199481384
              ],
              [
                -122.19097969875887,
                47.48196821066898
              ],
              [
                -122.19094520214463,
                47.481968520711256
              ],
              [
                -122.1906622640653,
                47.48197106237046
              ],
              [
                -122.19044979185362,
                47.481972971363795
              ],
              [
                -122.19038716935793,
                47.48197353294311
              ],
              [
                -122.190306294299,
                47.48197426051665
              ],
              [
                -122.19017050743179,
                47.48197547890885
              ],
              [
                -122.19017033810432,
                47.48197060162605
              ],
              [
                -122.19009177583091,
                47.48196596510905
              ],
              [
                -122.19004725832825,
                47.48196333969106
              ],
              [
                -122.18988131542336,
                47.48195858874454
              ],
              [
                -122.18966684785337,
                47.48195244911316
              ],
              [
                -122.18956826064473,
                47.481949627570195
              ],
              [
                -122.18944466407724,
                47.48196556225506
              ],
              [
                -122.18936032127594,
                47.481976436432554
              ],
              [
                -122.1892340811354,
                47.481951833342684
              ],
              [
                -122.18904418095833,
                47.48191482244932
              ],
              [
                -122.18901090840902,
                47.48191423389985
              ],
              [
                -122.18885414428523,
                47.48191146064775
              ],
              [
                -122.18876755282803,
                47.4819113792023
              ],
              [
                -122.18866018275922,
                47.48191138206948
              ],
              [
                -122.18854108498714,
                47.481911805521904
              ],
              [
                -122.18842486120909,
                47.481912217928446
              ],
              [
                -122.18831867137618,
                47.481913109557986
              ],
              [
                -122.18820548716224,
                47.4819140611853
              ],
              [
                -122.18809638171471,
                47.48191346352484
              ],
              [
                -122.18794388249503,
                47.48191262617852
              ],
              [
                -122.18789487475797,
                47.48191317503527
              ],
              [
                -122.18774122111495,
                47.481914895195885
              ],
              [
                -122.18774445659348,
                47.48198666080388
              ],
              [
                -122.18767975111496,
                47.48198662503546
              ],
              [
                -122.18747754773406,
                47.481986509633195
              ],
              [
                -122.18729382441875,
                47.48198640373203
              ],
              [
                -122.18727534435418,
                47.48198639387081
              ],
              [
                -122.18707314097514,
                47.481986277748256
              ],
              [
                -122.18666873156657,
                47.481986044454324
              ],
              [
                -122.18646652823693,
                47.48198592904987
              ],
              [
                -122.18644083445,
                47.481985913289115
              ],
              [
                -122.18626432486154,
                47.48198581148664
              ],
              [
                -122.186062121487,
                47.48198569356327
              ],
              [
                -122.18586574640952,
                47.481985579598046
              ],
              [
                -122.18584373910292,
                47.4819855665538
              ],
              [
                -122.18562042547862,
                47.481985434901624
              ],
              [
                -122.18535013536086,
                47.481985275831605
              ],
              [
                -122.1851733187115,
                47.48196052220497
              ],
              [
                -122.18513147831048,
                47.482084796777634
              ],
              [
                -122.18517109037037,
                47.48235156572908
              ],
              [
                -122.18521366075399,
                47.482638252940156
              ],
              [
                -122.1852728754052,
                47.48303703061225
              ],
              [
                -122.185313991905,
                47.483419081204
              ],
              [
                -122.18532756894508,
                47.48363335598449
              ],
              [
                -122.1853408426221,
                47.48384283423963
              ],
              [
                -122.18533424932384,
                47.484118060760686
              ],
              [
                -122.18531866439562,
                47.484415070563195
              ],
              [
                -122.18529575039504,
                47.48466479056813
              ],
              [
                -122.18524215139061,
                47.48496135441551
              ],
              [
                -122.18519640370111,
                47.485214480449486
              ],
              [
                -122.18525860292822,
                47.48544919929774
              ],
              [
                -122.18548001984983,
                47.48590232438712
              ],
              [
                -122.18560781425136,
                47.486163849045425
              ],
              [
                -122.18506062144716,
                47.48628653191896
              ],
              [
                -122.1849970852143,
                47.48615611225048
              ],
              [
                -122.18493776724384,
                47.48604255795716
              ],
              [
                -122.18486549631852,
                47.4860555842896
              ],
              [
                -122.18449843996461,
                47.486121742068605
              ],
              [
                -122.18434209641035,
                47.486149922639996
              ],
              [
                -122.18418575264054,
                47.48617810119752
              ],
              [
                -122.1840294087019,
                47.486206279539736
              ],
              [
                -122.18387306459427,
                47.486234457666676
              ],
              [
                -122.18371672036436,
                47.48626263737688
              ],
              [
                -122.18356037591896,
                47.48629081507324
              ],
              [
                -122.1834040313046,
                47.4863189925543
              ],
              [
                -122.1832476865214,
                47.48634716982008
              ],
              [
                -122.18309134161584,
                47.486375348669185
              ],
              [
                -122.18293499649484,
                47.48640352550432
              ],
              [
                -122.182798196057,
                47.486428180938105
              ],
              [
                -122.18277865120486,
                47.486431702124236
              ],
              [
                -122.18272002203254,
                47.48644226919655
              ],
              [
                -122.18254413432658,
                47.48647396843321
              ],
              [
                -122.18238778861439,
                47.4865021445149
              ],
              [
                -122.18230465215811,
                47.48629018851034
              ],
              [
                -122.18229426046862,
                47.486263693551955
              ],
              [
                -122.18233334740982,
                47.486256649576056
              ],
              [
                -122.18228970071321,
                47.48614536897594
              ],
              [
                -122.18231312639477,
                47.48614114686519
              ],
              [
                -122.18230273477721,
                47.486114653706245
              ]
            ]
          ]
        ]
      }
    },
    {
      "type": "Feature",
      "properties": {
        "Neighborhood": "Summerwind",
        "DataProvider": "Renton",
        "Edit_Date": "2017-04-19T00:00:00.000",
        "GlobalID": "{3A2BEF09-8080-4FED-B231-3E46B503C558}",
        "DataProvid": "Renton",
        "Shape_Length": 9192.433943502829,
        "Shape_Area": 3443482.5139608914
      },
      "geometry": {
        "type": "MultiPolygon",
        "coordinates": [
          [
            [
              [
                -122.15241819208248,
                47.51250149165658
              ],
              [
                -122.15221573652704,
                47.512498748529275
              ],
              [
                -122.15221572603299,
                47.51249959334723
              ],
              [
                -122.15220763972036,
                47.51249864014761
              ],
              [
                -122.15200115170124,
                47.51249584181216
              ],
              [
                -122.15188374492183,
                47.51249425249383
              ],
              [
                -122.15175612141888,
                47.512492522576004
              ],
              [
                -122.1515598421681,
                47.512489862210295
              ],
              [
                -122.15150282961,
                47.51248908999448
              ],
              [
                -122.15124038639017,
                47.51248553274862
              ],
              [
                -122.15123594216914,
                47.51248547277097
              ],
              [
                -122.15096770263226,
                47.51248183642314
              ],
              [
                -122.15091203952456,
                47.51248108064018
              ],
              [
                -122.15065614984225,
                47.512477611540156
              ],
              [
                -122.15058813697995,
                47.512476689384414
              ],
              [
                -122.15033771162099,
                47.51247329292737
              ],
              [
                -122.1502682828779,
                47.51247235101553
              ],
              [
                -122.1500613036198,
                47.51246954225811
              ],
              [
                -122.14993628357641,
                47.51246784668253
              ],
              [
                -122.14981623106307,
                47.512466217531056
              ],
              [
                -122.14964014894885,
                47.512463828898134
              ],
              [
                -122.14960428433227,
                47.51246334137916
              ],
              [
                -122.14942005758878,
                47.51246084169307
              ],
              [
                -122.14927228519093,
                47.512458836904045
              ],
              [
                -122.14912133833204,
                47.51245678773766
              ],
              [
                -122.14872570157877,
                47.51245141585562
              ],
              [
                -122.14856374917925,
                47.512449218140645
              ],
              [
                -122.14856462060462,
                47.51237902546663
              ],
              [
                -122.1485670395767,
                47.512184179571726
              ],
              [
                -122.14856823019666,
                47.512088219542136
              ],
              [
                -122.14856827147855,
                47.512084908649754
              ],
              [
                -122.14857161872547,
                47.51181528341927
              ],
              [
                -122.14857401370323,
                47.511622119996545
              ],
              [
                -122.14857440520498,
                47.51159058736478
              ],
              [
                -122.14857466791554,
                47.51156942285887
              ],
              [
                -122.1485776699892,
                47.51132622197037
              ],
              [
                -122.14858001000424,
                47.51113677620379
              ],
              [
                -122.14858011108353,
                47.511128572762146
              ],
              [
                -122.14858204261317,
                47.510972302437196
              ],
              [
                -122.1485823025721,
                47.51095113436488
              ],
              [
                -122.14858407255461,
                47.51080782870155
              ],
              [
                -122.14858501053187,
                47.51073196077506
              ],
              [
                -122.14858600183304,
                47.51064336512735
              ],
              [
                -122.14858685721596,
                47.510567170714246
              ],
              [
                -122.14858784615043,
                47.510478902537116
              ],
              [
                -122.14858969050152,
                47.51031444174572
              ],
              [
                -122.1485915347956,
                47.51014997915586
              ],
              [
                -122.14859342423823,
                47.509981412208965
              ],
              [
                -122.14859371335307,
                47.50995561101819
              ],
              [
                -122.14859423005964,
                47.50990967483526
              ],
              [
                -122.1485946364078,
                47.50987336352056
              ],
              [
                -122.14859463896089,
                47.50987309631899
              ],
              [
                -122.14859558605121,
                47.50979111751418
              ],
              [
                -122.14859788124006,
                47.509566322799984
              ],
              [
                -122.14860013839379,
                47.50933602136437
              ],
              [
                -122.14860018795667,
                47.50933082847756
              ],
              [
                -122.1486016668897,
                47.509179779096335
              ],
              [
                -122.14860327925011,
                47.50901528321027
              ],
              [
                -122.14860550733172,
                47.50878793629669
              ],
              [
                -122.1486062630997,
                47.508710953215925
              ],
              [
                -122.14860831169945,
                47.50850259648558
              ],
              [
                -122.14860866972025,
                47.50846784378443
              ],
              [
                -122.14860919648231,
                47.508416623416394
              ],
              [
                -122.14861036067461,
                47.5083033074075
              ],
              [
                -122.1486121932863,
                47.508124914226954
              ],
              [
                -122.14861220206811,
                47.50812410451306
              ],
              [
                -122.14861360308522,
                47.50798786294204
              ],
              [
                -122.14861403575618,
                47.50794575449949
              ],
              [
                -122.1486154165454,
                47.50781134288633
              ],
              [
                -122.14861575858207,
                47.50777785156621
              ],
              [
                -122.14861737669602,
                47.507620534175594
              ],
              [
                -122.14861747921785,
                47.50761049379728
              ],
              [
                -122.14861931209846,
                47.50743211320801
              ],
              [
                -122.14862018835852,
                47.50734685629481
              ],
              [
                -122.14862128681125,
                47.50723988300976
              ],
              [
                -122.14862190624318,
                47.50717960110885
              ],
              [
                -122.1486236534336,
                47.50700971884189
              ],
              [
                -122.14862375216356,
                47.50700005452732
              ],
              [
                -122.14862551077843,
                47.50682894151766
              ],
              [
                -122.14862611649549,
                47.50676980042927
              ],
              [
                -122.14862917074475,
                47.50647258701263
              ],
              [
                -122.14862945358573,
                47.5064451702687
              ],
              [
                -122.1486294703998,
                47.50644341591429
              ],
              [
                -122.14863089323849,
                47.50631014806667
              ],
              [
                -122.14863409261226,
                47.506027952175
              ],
              [
                -122.14863564230005,
                47.50589129328213
              ],
              [
                -122.14864063998648,
                47.50545061567114
              ],
              [
                -122.14864101879002,
                47.50541710953239
              ],
              [
                -122.14864268575747,
                47.505270102438026
              ],
              [
                -122.14864545602907,
                47.50502579147131
              ],
              [
                -122.14864896687891,
                47.504716163212755
              ],
              [
                -122.14864942409612,
                47.504675819441
              ],
              [
                -122.1486519418807,
                47.504453762240054
              ],
              [
                -122.1487324745504,
                47.504368834868615
              ],
              [
                -122.14891878954232,
                47.50457625278152
              ],
              [
                -122.14905718419459,
                47.504728880534444
              ],
              [
                -122.1491806289008,
                47.504853167712774
              ],
              [
                -122.14932337071183,
                47.50497462329171
              ],
              [
                -122.14966191376705,
                47.505198945523375
              ],
              [
                -122.15029086596566,
                47.50556148345317
              ],
              [
                -122.15079662643701,
                47.50585300940368
              ],
              [
                -122.1511837381855,
                47.50607326625134
              ],
              [
                -122.15141734194422,
                47.50619416410782
              ],
              [
                -122.15166385145105,
                47.50630767014206
              ],
              [
                -122.15185219708809,
                47.50636874397414
              ],
              [
                -122.15205373604917,
                47.506415345845234
              ],
              [
                -122.15223842452937,
                47.5064378789653
              ],
              [
                -122.15253336316644,
                47.50644434400645
              ],
              [
                -122.15280207664134,
                47.50641819412699
              ],
              [
                -122.15312911197118,
                47.506368500559915
              ],
              [
                -122.15348774080253,
                47.50630516022701
              ],
              [
                -122.15397268597607,
                47.50621720933696
              ],
              [
                -122.1539833612511,
                47.506301805809734
              ],
              [
                -122.15398312501412,
                47.506324976086574
              ],
              [
                -122.15398295277099,
                47.50634291551838
              ],
              [
                -122.15398279848566,
                47.50635873355495
              ],
              [
                -122.15398005877609,
                47.506641057724806
              ],
              [
                -122.15397803720502,
                47.506849421680734
              ],
              [
                -122.1539760156177,
                47.507057785637
              ],
              [
                -122.15397399401432,
                47.50726614959365
              ],
              [
                -122.15397334100322,
                47.50733345762896
              ],
              [
                -122.15397198566721,
                47.50747451339628
              ],
              [
                -122.1539699879221,
                47.507682877075844
              ],
              [
                -122.15396952357831,
                47.50773111203
              ],
              [
                -122.15396798755205,
                47.50789124258523
              ],
              [
                -122.15396598712047,
                47.50809960629634
              ],
              [
                -122.15396559353742,
                47.50814067625098
              ],
              [
                -122.15396489067498,
                47.50821377449975
              ],
              [
                -122.15396396054017,
                47.508310712201556
              ],
              [
                -122.15396259141262,
                47.50845342693719
              ],
              [
                -122.15396177705436,
                47.50853826767232
              ],
              [
                -122.15396064768416,
                47.508655958975545
              ],
              [
                -122.15395940787134,
                47.50878501493344
              ],
              [
                -122.1539591837098,
                47.508808453141974
              ],
              [
                -122.15395905295236,
                47.50882216051348
              ],
              [
                -122.15395773736482,
                47.5089592325227
              ],
              [
                -122.15395645091391,
                47.50909326184691
              ],
              [
                -122.15395637965426,
                47.50910030271164
              ],
              [
                -122.15395506112095,
                47.50923034011657
              ],
              [
                -122.15395388050618,
                47.50934684818162
              ],
              [
                -122.15395367118406,
                47.509367412990564
              ],
              [
                -122.15395346181614,
                47.509387976000866
              ],
              [
                -122.15395236119969,
                47.509496635285565
              ],
              [
                -122.15395218292842,
                47.50950448340954
              ],
              [
                -122.15394904496976,
                47.50964152623393
              ],
              [
                -122.15394590699462,
                47.50977856905837
              ],
              [
                -122.15394143486671,
                47.50997395912421
              ],
              [
                -122.15394053045274,
                47.51005619035419
              ],
              [
                -122.15394034993409,
                47.510072650989066
              ],
              [
                -122.1539380062067,
                47.51028581520129
              ],
              [
                -122.15393757794246,
                47.510324888513644
              ],
              [
                -122.1539369751895,
                47.510379717127734
              ],
              [
                -122.15393512419048,
                47.51054796726864
              ],
              [
                -122.15399945083703,
                47.51054907058934
              ],
              [
                -122.15424085255934,
                47.51055321510711
              ],
              [
                -122.15429985542063,
                47.51055422724893
              ],
              [
                -122.15454659426305,
                47.51055846196824
              ],
              [
                -122.15457035484616,
                47.510558871027435
              ],
              [
                -122.15485233607386,
                47.51056370980501
              ],
              [
                -122.15487316373633,
                47.5105640665692
              ],
              [
                -122.15515811511126,
                47.51056895638628
              ],
              [
                -122.1552917682621,
                47.51057124914076
              ],
              [
                -122.15536018083291,
                47.51057242287572
              ],
              [
                -122.15556242988929,
                47.510575892269
              ],
              [
                -122.15583508666946,
                47.51058056909282
              ],
              [
                -122.15605957266861,
                47.5105859835087
              ],
              [
                -122.15599544020314,
                47.5111689019078
              ],
              [
                -122.15576193062884,
                47.511161375862734
              ],
              [
                -122.15527106862444,
                47.51115089260431
              ],
              [
                -122.15525956473819,
                47.51126429681413
              ],
              [
                -122.15524332740291,
                47.51142435746273
              ],
              [
                -122.15524068651492,
                47.51145038218776
              ],
              [
                -122.15521643296856,
                47.51168944285262
              ],
              [
                -122.15521498203614,
                47.51170375031574
              ],
              [
                -122.15502451800194,
                47.51170076381352
              ],
              [
                -122.15499212136842,
                47.51170025563525
              ],
              [
                -122.15498933671829,
                47.511727633180506
              ],
              [
                -122.15497682048671,
                47.51185067993463
              ],
              [
                -122.1549762317213,
                47.51185647102353
              ],
              [
                -122.15496151956224,
                47.51200110603077
              ],
              [
                -122.1549582756761,
                47.51203299576652
              ],
              [
                -122.15494621584918,
                47.512151530357286
              ],
              [
                -122.15494060590376,
                47.51220667633102
              ],
              [
                -122.1549350112924,
                47.51226169438698
              ],
              [
                -122.15487425333474,
                47.51226087209344
              ],
              [
                -122.15481287380518,
                47.512260042606336
              ],
              [
                -122.15455932788737,
                47.5122566126114
              ],
              [
                -122.15435535102459,
                47.51225385232311
              ],
              [
                -122.1543272702789,
                47.51252733523957
              ],
              [
                -122.1542495293821,
                47.51252628373595
              ],
              [
                -122.15415641563314,
                47.51252502414041
              ],
              [
                -122.15391874339046,
                47.51252180750949
              ],
              [
                -122.15385397657164,
                47.51252093052679
              ],
              [
                -122.15369534162274,
                47.512518784312924
              ],
              [
                -122.15355898095899,
                47.51251693849543
              ],
              [
                -122.15340122795901,
                47.512514803209044
              ],
              [
                -122.15327793438115,
                47.512513134422164
              ],
              [
                -122.15307007818423,
                47.51251031974525
              ],
              [
                -122.15299449701845,
                47.51250929626193
              ],
              [
                -122.15275022366944,
                47.5125059883653
              ],
              [
                -122.15266652179203,
                47.512504855698396
              ],
              [
                -122.1524262889584,
                47.51250160272116
              ],
              [
                -122.15241819208248,
                47.51250149165658
              ]
            ]
          ]
        ]
      }
    },
    {
      "type": "Feature",
      "properties": {
        "Neighborhood": "Renton Park",
        "DataProvider": "Renton",
        "Edit_Date": "2017-04-19T00:00:00.000",
        "GlobalID": "{3350D82C-EF12-417E-B7D4-4B0D8A496E8D}",
        "DataProvid": "Renton",
        "Shape_Length": 5873.207442044446,
        "Shape_Area": 1476416.0636047819
      },
      "geometry": {
        "type": "MultiPolygon",
        "coordinates": [
          [
            [
              [
                -122.16584201257159,
                47.45070040861484
              ],
              [
                -122.16585159059576,
                47.450421562035444
              ],
              [
                -122.16585902881896,
                47.45020414715037
              ],
              [
                -122.16586075110175,
                47.45015483219298
              ],
              [
                -122.16587204580233,
                47.44982594026991
              ],
              [
                -122.16588371384015,
                47.44948622391389
              ],
              [
                -122.1658918507958,
                47.44924922974071
              ],
              [
                -122.16590521625577,
                47.448860069181116
              ],
              [
                -122.16591345782918,
                47.44862011598763
              ],
              [
                -122.1659202494256,
                47.448620183734924
              ],
              [
                -122.16634407475803,
                47.44862443016448
              ],
              [
                -122.16673403766632,
                47.44862833720043
              ],
              [
                -122.16674109326593,
                47.448422781276086
              ],
              [
                -122.16674884733429,
                47.44819691380659
              ],
              [
                -122.16675637228475,
                47.447977653686294
              ],
              [
                -122.16676389982344,
                47.44775839353561
              ],
              [
                -122.16677142460152,
                47.44753913161832
              ],
              [
                -122.16678201546587,
                47.44723058894382
              ],
              [
                -122.16718913173175,
                47.44723402277974
              ],
              [
                -122.16741541332742,
                47.44723690132707
              ],
              [
                -122.1678199124528,
                47.44724097538894
              ],
              [
                -122.16782347002685,
                47.447137270461155
              ],
              [
                -122.16782743276693,
                47.44702171520327
              ],
              [
                -122.16783495562332,
                47.44680245318864
              ],
              [
                -122.16784247581109,
                47.4465831930046
              ],
              [
                -122.16784999858707,
                47.44636393279021
              ],
              [
                -122.1678575186026,
                47.44614467080918
              ],
              [
                -122.1678688361904,
                47.44581481395433
              ],
              [
                -122.167867591033,
                47.4457149149473
              ],
              [
                -122.16799167780445,
                47.4457311297783
              ],
              [
                -122.16821333086841,
                47.44576877470219
              ],
              [
                -122.1684583650392,
                47.4458103890778
              ],
              [
                -122.16901000565242,
                47.44590408462786
              ],
              [
                -122.16952514735435,
                47.445991592014124
              ],
              [
                -122.17011785923044,
                47.44609227205901
              ],
              [
                -122.17007436344115,
                47.44672179445349
              ],
              [
                -122.17000977606838,
                47.4485806664704
              ],
              [
                -122.16996462488423,
                47.45007837491839
              ],
              [
                -122.16994412427877,
                47.45064668568919
              ],
              [
                -122.16980554067878,
                47.45064513844674
              ],
              [
                -122.16924780090922,
                47.45063937110518
              ],
              [
                -122.16869006126298,
                47.45063360102181
              ],
              [
                -122.16849605855492,
                47.450631584550685
              ],
              [
                -122.16795040125518,
                47.450625934902384
              ],
              [
                -122.16730742585533,
                47.450619275264174
              ],
              [
                -122.1670466211831,
                47.45061657372169
              ],
              [
                -122.16704272427175,
                47.45072077017119
              ],
              [
                -122.16703503541417,
                47.45092642174008
              ],
              [
                -122.16702734389034,
                47.45113207513927
              ],
              [
                -122.1666233272182,
                47.45112511539646
              ],
              [
                -122.1663970445479,
                47.4511211897816
              ],
              [
                -122.16582789366609,
                47.45111152217561
              ],
              [
                -122.16583495312366,
                47.45090596449559
              ],
              [
                -122.16584201257159,
                47.45070040861484
              ]
            ]
          ]
        ]
      }
    },
    {
      "type": "Feature",
      "properties": {
        "Neighborhood": "Huntington Heights",
        "DataProvider": "Renton",
        "Edit_Date": "2017-04-19T00:00:00.000",
        "GlobalID": "{AD4D37F6-5841-4485-866A-2011B2DCB075}",
        "DataProvid": "Renton",
        "Shape_Length": 2275.4415653781243,
        "Shape_Area": 205679.98589058197
      },
      "geometry": {
        "type": "MultiPolygon",
        "coordinates": [
          [
            [
              [
                -122.19354092568669,
                47.447014096077964
              ],
              [
                -122.19356168421092,
                47.445896036105005
              ],
              [
                -122.1942317667729,
                47.44590137007788
              ],
              [
                -122.19424127733761,
                47.44538601045997
              ],
              [
                -122.194241187146,
                47.445386009742904
              ],
              [
                -122.19424232604976,
                47.445261792336275
              ],
              [
                -122.19470435705294,
                47.4452636479858
              ],
              [
                -122.19470197619673,
                47.44538967587247
              ],
              [
                -122.19468731665347,
                47.44619261492331
              ],
              [
                -122.19556679801848,
                47.44619334794905
              ],
              [
                -122.19555179566993,
                47.44701578165224
              ],
              [
                -122.19530245432036,
                47.447015574995014
              ],
              [
                -122.19493870926094,
                47.44701527118142
              ],
              [
                -122.19457496160135,
                47.447014968031965
              ],
              [
                -122.19421121655047,
                47.447014661885845
              ],
              [
                -122.19387607114025,
                47.447014380376245
              ],
              [
                -122.19354092568669,
                47.447014096077964
              ]
            ]
          ]
        ]
      }
    },
    {
      "type": "Feature",
      "properties": {
        "Neighborhood": "LaCrosse",
        "DataProvider": "Renton",
        "Edit_Date": "2017-04-19T00:00:00.000",
        "GlobalID": "{79C0AF20-38EC-4A1E-92E7-A59DBB15D9C5}",
        "DataProvid": "Renton",
        "Shape_Length": 4595.036095593577,
        "Shape_Area": 1261705.826653774
      },
      "geometry": {
        "type": "MultiPolygon",
        "coordinates": [
          [
            [
              [
                -122.19121727557268,
                47.52383197735752
              ],
              [
                -122.19104609917405,
                47.523809371282965
              ],
              [
                -122.19092386684234,
                47.52380540313398
              ],
              [
                -122.19067691794547,
                47.52380182129429
              ],
              [
                -122.19044928644136,
                47.52379637631425
              ],
              [
                -122.190413562339,
                47.523736832735224
              ],
              [
                -122.19036829130597,
                47.52366863410755
              ],
              [
                -122.19030685523538,
                47.5235853870136
              ],
              [
                -122.19023989302326,
                47.52350411839825
              ],
              [
                -122.19023577405726,
                47.52349939983593
              ],
              [
                -122.19020231551944,
                47.52346110864335
              ],
              [
                -122.1900971597669,
                47.523340797481076
              ],
              [
                -122.1899734487821,
                47.52319925289523
              ],
              [
                -122.18988479083707,
                47.52309781197208
              ],
              [
                -122.18988434454663,
                47.52309729914478
              ],
              [
                -122.18966079301623,
                47.52284156122997
              ],
              [
                -122.18966001149212,
                47.522840669184404
              ],
              [
                -122.18961720941978,
                47.522791699854935
              ],
              [
                -122.18958166051239,
                47.52275102437944
              ],
              [
                -122.18947857163886,
                47.522633070083934
              ],
              [
                -122.18932832894428,
                47.52246116418083
              ],
              [
                -122.18930210321236,
                47.52243115607113
              ],
              [
                -122.18928090171016,
                47.52240866242685
              ],
              [
                -122.18924082163018,
                47.522373533756365
              ],
              [
                -122.18924121994094,
                47.5223336075555
              ],
              [
                -122.18924181262646,
                47.52227756760301
              ],
              [
                -122.18924372141666,
                47.52209660561702
              ],
              [
                -122.18924569780373,
                47.52190925762371
              ],
              [
                -122.18924627354205,
                47.52185460862014
              ],
              [
                -122.18924648323822,
                47.52183479562329
              ],
              [
                -122.18924768421279,
                47.52172086600086
              ],
              [
                -122.18924988623155,
                47.521511970435164
              ],
              [
                -122.18925017709091,
                47.52148455683952
              ],
              [
                -122.18945309973017,
                47.52148488542195
              ],
              [
                -122.1894556350435,
                47.52148489113826
              ],
              [
                -122.18945426755072,
                47.52132039093895
              ],
              [
                -122.18964722124514,
                47.52132070683882
              ],
              [
                -122.18979115357554,
                47.521320940303774
              ],
              [
                -122.18995481375966,
                47.52119337069286
              ],
              [
                -122.19000028654949,
                47.52112936602291
              ],
              [
                -122.19002976886789,
                47.521087863635806
              ],
              [
                -122.19010124305727,
                47.521033735195324
              ],
              [
                -122.19010391383713,
                47.52100695705492
              ],
              [
                -122.1901010877644,
                47.52098695361805
              ],
              [
                -122.19019726577771,
                47.52081653671576
              ],
              [
                -122.1902276298418,
                47.52076912790942
              ],
              [
                -122.19025523814716,
                47.52072186715871
              ],
              [
                -122.19042207359259,
                47.52073963245739
              ],
              [
                -122.19047819840569,
                47.52073030079881
              ],
              [
                -122.19077045713728,
                47.52054296742395
              ],
              [
                -122.19079340669933,
                47.52052825675337
              ],
              [
                -122.19088653365264,
                47.52050024466493
              ],
              [
                -122.19098572736252,
                47.520500401334864
              ],
              [
                -122.19108185335855,
                47.52050055500412
              ],
              [
                -122.19108255501975,
                47.520433072885815
              ],
              [
                -122.19108284192622,
                47.520405646727205
              ],
              [
                -122.19134838785322,
                47.52040148469549
              ],
              [
                -122.19144650140305,
                47.520399946475436
              ],
              [
                -122.19160925261376,
                47.52034681814075
              ],
              [
                -122.19185634138195,
                47.52032388192567
              ],
              [
                -122.19204478690958,
                47.5202950527209
              ],
              [
                -122.1921588951926,
                47.52031341194216
              ],
              [
                -122.19219406830688,
                47.52031321968264
              ],
              [
                -122.19255716764528,
                47.52035125105809
              ],
              [
                -122.1925618375718,
                47.52041931842906
              ],
              [
                -122.19258921584658,
                47.52065431505915
              ],
              [
                -122.19275269397706,
                47.520730402581755
              ],
              [
                -122.19280711237657,
                47.520756475994645
              ],
              [
                -122.19300545914241,
                47.52085151197557
              ],
              [
                -122.19331293655148,
                47.520855668333
              ],
              [
                -122.19331210589883,
                47.52088307763213
              ],
              [
                -122.19330487749501,
                47.52112184027304
              ],
              [
                -122.19330363441628,
                47.521162964082116
              ],
              [
                -122.19331556505225,
                47.521162959782295
              ],
              [
                -122.19339652466769,
                47.521162938647244
              ],
              [
                -122.19363929451083,
                47.521162870803785
              ],
              [
                -122.19411321169987,
                47.52116273965156
              ],
              [
                -122.1941053839753,
                47.521423374719525
              ],
              [
                -122.1941008371522,
                47.521574772459765
              ],
              [
                -122.19409666938472,
                47.52171352658216
              ],
              [
                -122.19409254133522,
                47.52185095424987
              ],
              [
                -122.19408769363268,
                47.52201239848656
              ],
              [
                -122.19408300813313,
                47.52216835694985
              ],
              [
                -122.19407816152429,
                47.522329743599556
              ],
              [
                -122.1940736228679,
                47.522480849776194
              ],
              [
                -122.19406867247359,
                47.52264569025021
              ],
              [
                -122.19406413376217,
                47.522796796426675
              ],
              [
                -122.19405926580147,
                47.522958895796506
              ],
              [
                -122.1942616674429,
                47.52295877590892
              ],
              [
                -122.19425733617852,
                47.5231029546595
              ],
              [
                -122.1942523955478,
                47.523267436999014
              ],
              [
                -122.19424834949328,
                47.52340219554481
              ],
              [
                -122.19424786735482,
                47.52341821561643
              ],
              [
                -122.19424610684506,
                47.52347682985013
              ],
              [
                -122.19424292931957,
                47.52358269792396
              ],
              [
                -122.19424210978057,
                47.52361010890154
              ],
              [
                -122.19423758134027,
                47.5237608803244
              ],
              [
                -122.1942367592813,
                47.52378829672958
              ],
              [
                -122.19390714475637,
                47.52378853866161
              ],
              [
                -122.19390050918429,
                47.523824894532034
              ],
              [
                -122.19369806068674,
                47.52383983395068
              ],
              [
                -122.1935685692062,
                47.523840970720364
              ],
              [
                -122.19295948271622,
                47.523846313665054
              ],
              [
                -122.19259553857702,
                47.52384950486082
              ],
              [
                -122.19187540564768,
                47.52385581619646
              ],
              [
                -122.19173287408934,
                47.523855433601774
              ],
              [
                -122.19152723894646,
                47.52385488053348
              ],
              [
                -122.19128273000479,
                47.52384291105875
              ],
              [
                -122.19121727557268,
                47.52383197735752
              ]
            ]
          ]
        ]
      }
    },
    {
      "type": "Feature",
      "properties": {
        "Neighborhood": "Winsper",
        "DataProvider": "Renton",
        "Edit_Date": "2017-04-19T00:00:00.000",
        "GlobalID": "{12616750-1B6E-4E21-A697-3C987FDE36D6}",
        "DataProvid": "Renton",
        "Shape_Length": 7397.1874605165285,
        "Shape_Area": 2039569.6069996357
      },
      "geometry": {
        "type": "MultiPolygon",
        "coordinates": [
          [
            [
              [
                -122.203625672551,
                47.452104603747415
              ],
              [
                -122.20342432210313,
                47.45171492519767
              ],
              [
                -122.20301612824727,
                47.45092492217742
              ],
              [
                -122.2028050462543,
                47.45052145625111
              ],
              [
                -122.2026807798401,
                47.45028595409498
              ],
              [
                -122.20252382203645,
                47.44999401098526
              ],
              [
                -122.20241896660397,
                47.44981295160833
              ],
              [
                -122.20241337736789,
                47.449805745966266
              ],
              [
                -122.20217892839146,
                47.44950348118611
              ],
              [
                -122.2019876289605,
                47.449314399450536
              ],
              [
                -122.2021702190171,
                47.449243793240996
              ],
              [
                -122.20217115146103,
                47.449197932243436
              ],
              [
                -122.20217215849958,
                47.44914854399581
              ],
              [
                -122.20217296227602,
                47.449109003194316
              ],
              [
                -122.20217318601048,
                47.44909801483497
              ],
              [
                -122.20217610456262,
                47.448960604898254
              ],
              [
                -122.20217632829582,
                47.448949616538975
              ],
              [
                -122.20217666271112,
                47.448933139411814
              ],
              [
                -122.20228439410047,
                47.448929361939435
              ],
              [
                -122.20282381685759,
                47.44891045479922
              ],
              [
                -122.20282885076242,
                47.44866297736326
              ],
              [
                -122.20283052192185,
                47.448580798620235
              ],
              [
                -122.2028310795804,
                47.44855332773513
              ],
              [
                -122.20303288596118,
                47.44854625297203
              ],
              [
                -122.20315618718249,
                47.448541930428924
              ],
              [
                -122.20323468968303,
                47.44853917968057
              ],
              [
                -122.20344291394193,
                47.448531879151446
              ],
              [
                -122.2035315441896,
                47.44852877198199
              ],
              [
                -122.20364471750544,
                47.44852480333203
              ],
              [
                -122.20384652366566,
                47.44851772712161
              ],
              [
                -122.20390690096023,
                47.448515610494546
              ],
              [
                -122.20404832716694,
                47.448510652382865
              ],
              [
                -122.20425013321776,
                47.448503575454495
              ],
              [
                -122.2043105131311,
                47.44850145858057
              ],
              [
                -122.20457096068021,
                47.44849232476684
              ],
              [
                -122.204853380148,
                47.448482494704116
              ],
              [
                -122.20485184402665,
                47.44855818411434
              ],
              [
                -122.20485145065898,
                47.448577533430345
              ],
              [
                -122.20485017491083,
                47.4486404204739
              ],
              [
                -122.20484726041431,
                47.448783974643234
              ],
              [
                -122.2048471148453,
                47.44879115324942
              ],
              [
                -122.20484433474124,
                47.448928214427646
              ],
              [
                -122.20484379679054,
                47.44895478012034
              ],
              [
                -122.20484127553992,
                47.44907898137733
              ],
              [
                -122.20484101406485,
                47.449091843129736
              ],
              [
                -122.20483849275375,
                47.44921604258849
              ],
              [
                -122.20483823392878,
                47.44922890430891
              ],
              [
                -122.20483545112661,
                47.449365965520606
              ],
              [
                -122.20483513544424,
                47.449381508675735
              ],
              [
                -122.20482959109712,
                47.44965472586576
              ],
              [
                -122.20482268034544,
                47.44972488127308
              ],
              [
                -122.20531192513643,
                47.44970687938701
              ],
              [
                -122.20531808957604,
                47.44932162907978
              ],
              [
                -122.20542757580235,
                47.44931829248845
              ],
              [
                -122.20603106824734,
                47.449299897755274
              ],
              [
                -122.2069840704265,
                47.449270843269765
              ],
              [
                -122.20748919028085,
                47.4492503808532
              ],
              [
                -122.20748832594788,
                47.44929124665681
              ],
              [
                -122.20748759084235,
                47.44932598925185
              ],
              [
                -122.20748712671667,
                47.44934795362629
              ],
              [
                -122.20748215780658,
                47.44958305972572
              ],
              [
                -122.20747971736631,
                47.44969840647189
              ],
              [
                -122.2074747680381,
                47.44993254618599
              ],
              [
                -122.2076636436711,
                47.44993161647809
              ],
              [
                -122.20786620648839,
                47.449930619565386
              ],
              [
                -122.20806877194946,
                47.44992962225892
              ],
              [
                -122.20827133735544,
                47.449928622792186
              ],
              [
                -122.20835385292223,
                47.44992821636563
              ],
              [
                -122.20845364387044,
                47.44992772461055
              ],
              [
                -122.2086359530307,
                47.44992682610381
              ],
              [
                -122.2088385158108,
                47.44992582745514
              ],
              [
                -122.20902082495785,
                47.44992492832993
              ],
              [
                -122.20917243408019,
                47.44992417995877
              ],
              [
                -122.2092233876758,
                47.449923927195485
              ],
              [
                -122.2092562377205,
                47.45019792062357
              ],
              [
                -122.2094091338712,
                47.45019716533112
              ],
              [
                -122.20961170033716,
                47.450196165269794
              ],
              [
                -122.2097940077634,
                47.45019526493431
              ],
              [
                -122.20999608088404,
                47.450194264775114
              ],
              [
                -122.2102667971492,
                47.45019292766112
              ],
              [
                -122.21057064277106,
                47.450191423386194
              ],
              [
                -122.21097536982397,
                47.45018942008373
              ],
              [
                -122.21116083383346,
                47.450193551954314
              ],
              [
                -122.21118585717761,
                47.45027209809479
              ],
              [
                -122.2112464044029,
                47.45043534729102
              ],
              [
                -122.21130420671216,
                47.45054750661405
              ],
              [
                -122.21139349410598,
                47.45068435116786
              ],
              [
                -122.21143931506646,
                47.45074509109041
              ],
              [
                -122.21149983585309,
                47.45082531725582
              ],
              [
                -122.21157096521846,
                47.45091960539702
              ],
              [
                -122.21165741038725,
                47.45103419627027
              ],
              [
                -122.21177459159314,
                47.45118952896889
              ],
              [
                -122.21190531702958,
                47.451378557200236
              ],
              [
                -122.21199764514843,
                47.451512062004376
              ],
              [
                -122.21204232292492,
                47.45157666490292
              ],
              [
                -122.21209153375156,
                47.45168499171077
              ],
              [
                -122.2121383087491,
                47.45178795691507
              ],
              [
                -122.21216629615348,
                47.4518971389656
              ],
              [
                -122.21219499783761,
                47.45200910642858
              ],
              [
                -122.2120645218301,
                47.45200147781211
              ],
              [
                -122.21147675148002,
                47.45200541535244
              ],
              [
                -122.2112360220611,
                47.45200702612684
              ],
              [
                -122.210702209623,
                47.45201059752926
              ],
              [
                -122.21026637086368,
                47.452013513457985
              ],
              [
                -122.20993624430432,
                47.45201571892163
              ],
              [
                -122.20964041639105,
                47.452017696231614
              ],
              [
                -122.209328498567,
                47.45201977797098
              ],
              [
                -122.20902466676333,
                47.45202180577643
              ],
              [
                -122.20870057879198,
                47.4520239686001
              ],
              [
                -122.20837649079373,
                47.45202613049806
              ],
              [
                -122.20805240542028,
                47.4520282914381
              ],
              [
                -122.20772831736839,
                47.452030451484525
              ],
              [
                -122.20742569397495,
                47.4520324369774
              ],
              [
                -122.20740433971056,
                47.45203801394573
              ],
              [
                -122.20728419144346,
                47.45204049286921
              ],
              [
                -122.2069898637558,
                47.452046563373564
              ],
              [
                -122.20695188479938,
                47.452047347087486
              ],
              [
                -122.20647659360088,
                47.45205715094537
              ],
              [
                -122.20645928488045,
                47.45205750798095
              ],
              [
                -122.20625730379838,
                47.45206167255776
              ],
              [
                -122.20617346424403,
                47.45206340142985
              ],
              [
                -122.20605532003243,
                47.45206583680706
              ],
              [
                -122.20587353464384,
                47.452069585403166
              ],
              [
                -122.2058705283377,
                47.45206964696387
              ],
              [
                -122.20569174922922,
                47.45207333370802
              ],
              [
                -122.20556773819942,
                47.452075889924984
              ],
              [
                -122.2055099664401,
                47.45207708168951
              ],
              [
                -122.20526498246022,
                47.452082131661086
              ],
              [
                -122.20508508180782,
                47.45208583820813
              ],
              [
                -122.20487131661972,
                47.452090245357184
              ],
              [
                -122.20478026079093,
                47.45209212161382
              ],
              [
                -122.20476917139906,
                47.4520923492303
              ],
              [
                -122.204561326441,
                47.452096651840016
              ],
              [
                -122.20434059915962,
                47.4521011889179
              ],
              [
                -122.20417788235845,
                47.452104533424524
              ],
              [
                -122.20409796105014,
                47.45210618462743
              ],
              [
                -122.20385984869557,
                47.45211110355212
              ],
              [
                -122.203625672551,
                47.452104603747415
              ]
            ]
          ]
        ]
      }
    },
    {
      "type": "Feature",
      "properties": {
        "Neighborhood": "Ponderosa Estates",
        "DataProvider": "Renton",
        "Edit_Date": "2017-04-19T00:00:00.000",
        "GlobalID": "{0FA07C1B-565B-4770-BB68-E2EC0511FEFB}",
        "DataProvid": "Renton",
        "Shape_Length": 3496.163386180776,
        "Shape_Area": 564285.3458351871
      },
      "geometry": {
        "type": "MultiPolygon",
        "coordinates": [
          [
            [
              [
                -122.18191345246629,
                47.46351389808174
              ],
              [
                -122.18210373997047,
                47.46339070827656
              ],
              [
                -122.18258614483112,
                47.46339221018471
              ],
              [
                -122.18286915010329,
                47.463393088856954
              ],
              [
                -122.18317153220744,
                47.463394027780794
              ],
              [
                -122.18337368178155,
                47.46339465079983
              ],
              [
                -122.18369711754599,
                47.46339565268101
              ],
              [
                -122.18382040156564,
                47.463396034983234
              ],
              [
                -122.18398013081224,
                47.46339652848794
              ],
              [
                -122.1842631704706,
                47.46339739787755
              ],
              [
                -122.18450128766297,
                47.463398126812656
              ],
              [
                -122.18454621009181,
                47.46339826476257
              ],
              [
                -122.18482924711681,
                47.46339913277184
              ],
              [
                -122.18511228680349,
                47.4634000000436
              ],
              [
                -122.18522909943093,
                47.463400357157404
              ],
              [
                -122.18539532649947,
                47.463400866609426
              ],
              [
                -122.18571426600452,
                47.463401783180686
              ],
              [
                -122.18587955241196,
                47.463405868154425
              ],
              [
                -122.1858956355891,
                47.463658598538615
              ],
              [
                -122.18592189406698,
                47.464064830931285
              ],
              [
                -122.18593287803075,
                47.464597994766514
              ],
              [
                -122.18591951450024,
                47.465395750572995
              ],
              [
                -122.18590245802326,
                47.46596963152763
              ],
              [
                -122.1858860464377,
                47.46634317010359
              ],
              [
                -122.18511945772879,
                47.465837355045934
              ],
              [
                -122.18340069180114,
                47.46460306476948
              ],
              [
                -122.18230145102217,
                47.46379805246425
              ],
              [
                -122.18191345246629,
                47.46351389808174
              ]
            ]
          ]
        ]
      }
    },
    {
      "type": "Feature",
      "properties": {
        "Neighborhood": "South Renton",
        "DataProvider": "Renton",
        "Edit_Date": "2017-04-19T00:00:00.000",
        "GlobalID": "{2A090248-FF34-4C21-8C6B-197A118B0AD7}",
        "DataProvid": "Renton",
        "Shape_Length": 13816.3788273391,
        "Shape_Area": 9724641.4757221
      },
      "geometry": {
        "type": "MultiPolygon",
        "coordinates": [
          [
            [
              [
                -122.20384233616748,
                47.47816235678798
              ],
              [
                -122.2039103132051,
                47.47814385381403
              ],
              [
                -122.20408107072936,
                47.47813811243766
              ],
              [
                -122.20426536065206,
                47.47815380357228
              ],
              [
                -122.2042547657616,
                47.47662041020416
              ],
              [
                -122.2042570487004,
                47.476367167036315
              ],
              [
                -122.20425880925706,
                47.47617195579104
              ],
              [
                -122.20427727889222,
                47.47605243308845
              ],
              [
                -122.20432450543416,
                47.4759153954291
              ],
              [
                -122.20440407749037,
                47.47577436419032
              ],
              [
                -122.20446359204671,
                47.47568490974196
              ],
              [
                -122.20457302523427,
                47.475562504161665
              ],
              [
                -122.20483899288104,
                47.475333494952864
              ],
              [
                -122.20512396352709,
                47.475130767837726
              ],
              [
                -122.20523732327095,
                47.47505142111103
              ],
              [
                -122.20543034764997,
                47.474916312355205
              ],
              [
                -122.20560254272905,
                47.4748037071287
              ],
              [
                -122.2057677573427,
                47.47469566685387
              ],
              [
                -122.20607350580725,
                47.47449572389442
              ],
              [
                -122.20669819719672,
                47.47408720800643
              ],
              [
                -122.20700181647753,
                47.47390699713855
              ],
              [
                -122.2075518217366,
                47.473586726026156
              ],
              [
                -122.20807270080702,
                47.47330862919414
              ],
              [
                -122.2088903086021,
                47.472906136271
              ],
              [
                -122.20990334193358,
                47.47246572910436
              ],
              [
                -122.2102587418447,
                47.47233293232429
              ],
              [
                -122.21089655045118,
                47.472117447370984
              ],
              [
                -122.21135355947156,
                47.47198165680425
              ],
              [
                -122.21190769572526,
                47.47183103522162
              ],
              [
                -122.21246046955577,
                47.471693587432114
              ],
              [
                -122.21281331396185,
                47.471618926548786
              ],
              [
                -122.21313115939921,
                47.47155897094743
              ],
              [
                -122.21411070272978,
                47.471391407063145
              ],
              [
                -122.21509021953354,
                47.47122377200118
              ],
              [
                -122.21686460713059,
                47.47092761129085
              ],
              [
                -122.21797549849349,
                47.47074550337243
              ],
              [
                -122.21796908973216,
                47.470893305660155
              ],
              [
                -122.21796107675954,
                47.4710780967762
              ],
              [
                -122.21795365850706,
                47.471249154800844
              ],
              [
                -122.21794569865308,
                47.47143270204429
              ],
              [
                -122.21794193476353,
                47.471677973346836
              ],
              [
                -122.21792493496399,
                47.47178860364579
              ],
              [
                -122.21787588593666,
                47.47195287574978
              ],
              [
                -122.2178280915328,
                47.47207624288613
              ],
              [
                -122.21776975129484,
                47.47220789066768
              ],
              [
                -122.2176674163731,
                47.472385433834546
              ],
              [
                -122.2175920836527,
                47.47249388614259
              ],
              [
                -122.21739461329015,
                47.472707763085914
              ],
              [
                -122.21728024675136,
                47.47282675573562
              ],
              [
                -122.21708359376477,
                47.47302012065156
              ],
              [
                -122.21682916474015,
                47.47322860804765
              ],
              [
                -122.21663773729348,
                47.47338553652918
              ],
              [
                -122.2163834225637,
                47.473594164524634
              ],
              [
                -122.21623735454509,
                47.47370860098798
              ],
              [
                -122.21591465242204,
                47.47395965696944
              ],
              [
                -122.21568833293597,
                47.47413528115744
              ],
              [
                -122.21547056511203,
                47.474304264367504
              ],
              [
                -122.21523657460926,
                47.47448583551948
              ],
              [
                -122.21507842922858,
                47.47463370023147
              ],
              [
                -122.21495766981002,
                47.47480770125102
              ],
              [
                -122.21487406711428,
                47.47499135844503
              ],
              [
                -122.21484493396046,
                47.4751074560221
              ],
              [
                -122.21482184838409,
                47.4752531158153
              ],
              [
                -122.21484028040457,
                47.47547867670372
              ],
              [
                -122.21487838388354,
                47.47561072135547
              ],
              [
                -122.21498820846183,
                47.47584199033755
              ],
              [
                -122.21519282171447,
                47.47622467434841
              ],
              [
                -122.21539763768024,
                47.476607734285366
              ],
              [
                -122.21556635778724,
                47.476946133821755
              ],
              [
                -122.21575064927967,
                47.477315758697664
              ],
              [
                -122.21582263646141,
                47.47746013835944
              ],
              [
                -122.2161633267269,
                47.47806417064163
              ],
              [
                -122.21637433826714,
                47.47843828633516
              ],
              [
                -122.21649347158426,
                47.47865172691564
              ],
              [
                -122.21660366343401,
                47.47884914413847
              ],
              [
                -122.21675353370684,
                47.479117647557686
              ],
              [
                -122.21688587569635,
                47.47935474682606
              ],
              [
                -122.21701590900622,
                47.47958770633289
              ],
              [
                -122.21710893970315,
                47.47975437227704
              ],
              [
                -122.21717843984864,
                47.47993483587177
              ],
              [
                -122.21720840683125,
                47.480056095909625
              ],
              [
                -122.21725206792021,
                47.480232765204285
              ],
              [
                -122.21726771807512,
                47.48043598536143
              ],
              [
                -122.217278199672,
                47.480572077794776
              ],
              [
                -122.21726066935594,
                47.48076255960218
              ],
              [
                -122.21725155771843,
                47.480861573531236
              ],
              [
                -122.2172202632895,
                47.481184741593836
              ],
              [
                -122.21720393693072,
                47.481353344349884
              ],
              [
                -122.21709848248821,
                47.48135270937095
              ],
              [
                -122.21642185586427,
                47.481348630838205
              ],
              [
                -122.21553169795618,
                47.481343258864456
              ],
              [
                -122.21440754862782,
                47.481334406700505
              ],
              [
                -122.21380515040664,
                47.481301078863524
              ],
              [
                -122.21329941066999,
                47.48128198440241
              ],
              [
                -122.21130532392277,
                47.48128635604105
              ],
              [
                -122.20914692032717,
                47.481256955756464
              ],
              [
                -122.20790327082808,
                47.48124310956785
              ],
              [
                -122.20300872737499,
                47.48119067978276
              ],
              [
                -122.20300505288655,
                47.480632527619996
              ],
              [
                -122.20300410352813,
                47.48048852083842
              ],
              [
                -122.20300224480087,
                47.4802065276819
              ],
              [
                -122.20300814718169,
                47.4792831897753
              ],
              [
                -122.20306331604037,
                47.47925757328221
              ],
              [
                -122.20315856895566,
                47.479208764019134
              ],
              [
                -122.20324735623274,
                47.47913764666465
              ],
              [
                -122.20328765626924,
                47.47903092167678
              ],
              [
                -122.20335268223766,
                47.47885872006361
              ],
              [
                -122.20338725890386,
                47.47876715547121
              ],
              [
                -122.20342243209191,
                47.47867400670276
              ],
              [
                -122.20348875990605,
                47.478498358289535
              ],
              [
                -122.20351931266303,
                47.47841744467585
              ],
              [
                -122.20354665593717,
                47.47834503394596
              ],
              [
                -122.20361756019686,
                47.478255898578176
              ],
              [
                -122.20374061950233,
                47.47819004249708
              ],
              [
                -122.20384233616748,
                47.47816235678798
              ]
            ]
          ]
        ]
      }
    },
    {
      "type": "Feature",
      "properties": {
        "Neighborhood": "Sorrento",
        "DataProvider": "Renton",
        "Edit_Date": "2017-04-19T00:00:00.000",
        "GlobalID": "{1B7D8B3B-74BE-4C62-988B-DA1A913EA9DA}",
        "DataProvid": "Renton",
        "Shape_Length": 2854.350983959303,
        "Shape_Area": 232477.89968659834
      },
      "geometry": {
        "type": "MultiPolygon",
        "coordinates": [
          [
            [
              [
                -122.14365558780592,
                47.489946143638576
              ],
              [
                -122.14365147045429,
                47.48971215327644
              ],
              [
                -122.14365038702901,
                47.48965059125758
              ],
              [
                -122.143711053416,
                47.48965009794065
              ],
              [
                -122.14380290088573,
                47.48964935081584
              ],
              [
                -122.14383408038206,
                47.48987299231456
              ],
              [
                -122.1439432612797,
                47.48986611683972
              ],
              [
                -122.14398316107818,
                47.48987548669364
              ],
              [
                -122.14410882166976,
                47.48990499723967
              ],
              [
                -122.14412207717048,
                47.489826610563384
              ],
              [
                -122.14412878351122,
                47.48978695393912
              ],
              [
                -122.14415643360562,
                47.48971469353502
              ],
              [
                -122.1441544431892,
                47.48961817577811
              ],
              [
                -122.14421215118217,
                47.48950467663453
              ],
              [
                -122.14424500524767,
                47.48926139951151
              ],
              [
                -122.14434088916637,
                47.48922701366421
              ],
              [
                -122.1443950136722,
                47.48912114545642
              ],
              [
                -122.14447673952237,
                47.489158052740486
              ],
              [
                -122.14447280602221,
                47.48931533726936
              ],
              [
                -122.14452011006746,
                47.48934778799436
              ],
              [
                -122.14461787169576,
                47.48941485330623
              ],
              [
                -122.14468557795489,
                47.48943978180715
              ],
              [
                -122.14476080651656,
                47.48946412141457
              ],
              [
                -122.14486563983573,
                47.48949803940313
              ],
              [
                -122.14492730349721,
                47.4893472682491
              ],
              [
                -122.1448487942565,
                47.48916891830807
              ],
              [
                -122.14463796645451,
                47.489161258746826
              ],
              [
                -122.14453707690147,
                47.489085156540966
              ],
              [
                -122.14457576197961,
                47.48893235888041
              ],
              [
                -122.14458536717447,
                47.48889442289991
              ],
              [
                -122.14454427210667,
                47.488740187134574
              ],
              [
                -122.14453644384025,
                47.48871080770013
              ],
              [
                -122.1445246026519,
                47.48861708982839
              ],
              [
                -122.14444265830906,
                47.48858439329116
              ],
              [
                -122.14444306325574,
                47.488560958465
              ],
              [
                -122.14444330001889,
                47.48854725261056
              ],
              [
                -122.14444353808604,
                47.48853354584143
              ],
              [
                -122.14444377482627,
                47.48851983908765
              ],
              [
                -122.14443864951161,
                47.488405066619954
              ],
              [
                -122.14516590034587,
                47.48841055096497
              ],
              [
                -122.14569312615558,
                47.488414730473366
              ],
              [
                -122.14569489753559,
                47.488529437338315
              ],
              [
                -122.14569505141948,
                47.48853766301105
              ],
              [
                -122.14569520665282,
                47.48854588956774
              ],
              [
                -122.14569541228131,
                47.48855685742605
              ],
              [
                -122.1456997853046,
                47.4887899407933
              ],
              [
                -122.14570041162581,
                47.48882332462877
              ],
              [
                -122.14570364462206,
                47.488995591467635
              ],
              [
                -122.14570534659357,
                47.48908633463654
              ],
              [
                -122.14570724668128,
                47.489187535695706
              ],
              [
                -122.14570997106479,
                47.48933273050962
              ],
              [
                -122.14571084744021,
                47.48937947993948
              ],
              [
                -122.14571441880156,
                47.48956978011301
              ],
              [
                -122.14571444955239,
                47.48957142416841
              ],
              [
                -122.14571812843303,
                47.489767473140404
              ],
              [
                -122.14571864320311,
                47.489794893228506
              ],
              [
                -122.14572081409862,
                47.48991059939644
              ],
              [
                -122.14572132889417,
                47.489938020383896
              ],
              [
                -122.1457266027169,
                47.490219077218306
              ],
              [
                -122.14566591718149,
                47.49021857240573
              ],
              [
                -122.14543334743132,
                47.49021663496921
              ],
              [
                -122.14515023808364,
                47.490214277130775
              ],
              [
                -122.14512545544258,
                47.4902140705262
              ],
              [
                -122.14486713006575,
                47.49021191767179
              ],
              [
                -122.14458402076919,
                47.490209558421526
              ],
              [
                -122.14449365554738,
                47.49020880476099
              ],
              [
                -122.1443332673459,
                47.49020746712501
              ],
              [
                -122.14430091147574,
                47.49020719756598
              ],
              [
                -122.14427260173963,
                47.49020696133789
              ],
              [
                -122.14414915320387,
                47.49020593183359
              ],
              [
                -122.1439773593589,
                47.490204498694155
              ],
              [
                -122.14372613608948,
                47.49020240338541
              ],
              [
                -122.14366008756231,
                47.4902018514546
              ],
              [
                -122.14365577964014,
                47.489957001907854
              ],
              [
                -122.14365558780592,
                47.489946143638576
              ]
            ]
          ]
        ]
      }
    },
    {
      "type": "Feature",
      "properties": {
        "Neighborhood": "Cascade",
        "DataProvider": "Renton",
        "Edit_Date": "2017-04-19T00:00:00.000",
        "GlobalID": "{73B8F86B-898F-4FFE-A13C-461039F81B0A}",
        "DataProvid": "Renton",
        "Shape_Length": 33619.64127739705,
        "Shape_Area": 42014716.50289178
      },
      "geometry": {
        "type": "MultiPolygon",
        "coordinates": [
          [
            [
              [
                -122.18191345246629,
                47.46351389808174
              ],
              [
                -122.18130761828063,
                47.46307020002131
              ],
              [
                -122.18097071296947,
                47.46282784692696
              ],
              [
                -122.18076374774859,
                47.46270952517697
              ],
              [
                -122.18051759557936,
                47.46261323563432
              ],
              [
                -122.18014267820735,
                47.46250194613268
              ],
              [
                -122.1795960443298,
                47.46239019119152
              ],
              [
                -122.17917503606752,
                47.46231629015998
              ],
              [
                -122.17870225949112,
                47.46224726178761
              ],
              [
                -122.17836790189054,
                47.462207748395805
              ],
              [
                -122.17795697871428,
                47.46216907570811
              ],
              [
                -122.17770366086093,
                47.46216511101829
              ],
              [
                -122.17719744748345,
                47.462153949968176
              ],
              [
                -122.17682170555271,
                47.46214340718945
              ],
              [
                -122.1766022559998,
                47.46211589298583
              ],
              [
                -122.17318468601898,
                47.46169804112968
              ],
              [
                -122.17135807818757,
                47.461480720337995
              ],
              [
                -122.17091432324568,
                47.46139056075089
              ],
              [
                -122.170417041355,
                47.46126933197631
              ],
              [
                -122.16982058815337,
                47.461060760258285
              ],
              [
                -122.16927956705965,
                47.460832236080236
              ],
              [
                -122.16862859760883,
                47.460469461176956
              ],
              [
                -122.16836354239773,
                47.46027116950492
              ],
              [
                -122.16822623381246,
                47.46035925011387
              ],
              [
                -122.16812097166165,
                47.46023703835946
              ],
              [
                -122.16812080431063,
                47.46023588887565
              ],
              [
                -122.16800296285011,
                47.46014028861899
              ],
              [
                -122.16785278265938,
                47.46000762841157
              ],
              [
                -122.16776333693173,
                47.45992286032147
              ],
              [
                -122.16767714833162,
                47.45983655337348
              ],
              [
                -122.16765685448114,
                47.45981551265106
              ],
              [
                -122.16750612831416,
                47.459658052724826
              ],
              [
                -122.16799668471322,
                47.459666453392586
              ],
              [
                -122.16843299011262,
                47.459674063600104
              ],
              [
                -122.1687683757659,
                47.45967991209077
              ],
              [
                -122.16911523757395,
                47.45968596002411
              ],
              [
                -122.16926087761927,
                47.459699881689545
              ],
              [
                -122.16924095186343,
                47.45954209648644
              ],
              [
                -122.16922897767854,
                47.459366365643405
              ],
              [
                -122.16922226328816,
                47.459267808370036
              ],
              [
                -122.16923107252369,
                47.459169376874925
              ],
              [
                -122.16926586020843,
                47.459115118865014
              ],
              [
                -122.16933466714505,
                47.459078664921265
              ],
              [
                -122.16945805557299,
                47.45904225276525
              ],
              [
                -122.16957355406298,
                47.45903748140502
              ],
              [
                -122.16969759734576,
                47.459038514079516
              ],
              [
                -122.16969971441344,
                47.45895569338008
              ],
              [
                -122.16970474360973,
                47.45875832188732
              ],
              [
                -122.16970963226906,
                47.45856644484047
              ],
              [
                -122.16970976726775,
                47.45856063201133
              ],
              [
                -122.16971450963969,
                47.45837454273882
              ],
              [
                -122.16971821944645,
                47.45822893560098
              ],
              [
                -122.16971940060284,
                47.45818265487041
              ],
              [
                -122.16972470858833,
                47.457974317903165
              ],
              [
                -122.16972516991343,
                47.45795617888488
              ],
              [
                -122.16973001653142,
                47.457765980936685
              ],
              [
                -122.16973186619805,
                47.45769338882933
              ],
              [
                -122.16973532447818,
                47.45755764576963
              ],
              [
                -122.16973675447373,
                47.457501504591775
              ],
              [
                -122.16974063233658,
                47.45734930880475
              ],
              [
                -122.16974164275952,
                47.45730962215348
              ],
              [
                -122.16974594015252,
                47.45714097184066
              ],
              [
                -122.16974653370738,
                47.45711774148326
              ],
              [
                -122.16975125062406,
                47.456932636644765
              ],
              [
                -122.16975142196726,
                47.45692586084491
              ],
              [
                -122.16975632340478,
                47.45673397825251
              ],
              [
                -122.1697565689629,
                47.45672429955734
              ],
              [
                -122.1697622286722,
                47.45650173980496
              ],
              [
                -122.16978636567403,
                47.456430579059955
              ],
              [
                -122.16986014711668,
                47.45371614658099
              ],
              [
                -122.16988562032988,
                47.452294878125976
              ],
              [
                -122.16990373813579,
                47.451772834356056
              ],
              [
                -122.16990975330985,
                47.451599522016295
              ],
              [
                -122.16996462488423,
                47.45007837491839
              ],
              [
                -122.17000977606838,
                47.4485806664704
              ],
              [
                -122.17007436344115,
                47.44672179445349
              ],
              [
                -122.17011785923044,
                47.44609227205901
              ],
              [
                -122.17035330750613,
                47.44613036107275
              ],
              [
                -122.17075747300397,
                47.44619574155955
              ],
              [
                -122.17087075398126,
                47.44621406602691
              ],
              [
                -122.17116548824701,
                47.4462407511702
              ],
              [
                -122.17153302995341,
                47.44624967817194
              ],
              [
                -122.17166289867721,
                47.44625064861089
              ],
              [
                -122.17195246817818,
                47.446233522287244
              ],
              [
                -122.17214305483185,
                47.4462067434653
              ],
              [
                -122.1725540548402,
                47.44612908488963
              ],
              [
                -122.17317239050197,
                47.445969635454894
              ],
              [
                -122.17358382265141,
                47.44586353789601
              ],
              [
                -122.17415337589453,
                47.44571666152474
              ],
              [
                -122.17454544614604,
                47.44562227954788
              ],
              [
                -122.17476815866314,
                47.4455686644595
              ],
              [
                -122.17501961414214,
                47.44552663909722
              ],
              [
                -122.17533066614905,
                47.44549304957087
              ],
              [
                -122.17566274495107,
                47.44547883815504
              ],
              [
                -122.1769454858698,
                47.44544348536273
              ],
              [
                -122.17734500080002,
                47.4454323986385
              ],
              [
                -122.17948917678082,
                47.44537104903257
              ],
              [
                -122.18060537572863,
                47.44533909654018
              ],
              [
                -122.18135054693407,
                47.44531777702538
              ],
              [
                -122.18261264008918,
                47.44527954868149
              ],
              [
                -122.18352688518522,
                47.44525127658341
              ],
              [
                -122.18442600948354,
                47.445225455837615
              ],
              [
                -122.18490060140489,
                47.445211824449956
              ],
              [
                -122.18526945763719,
                47.44520217166545
              ],
              [
                -122.18598606511831,
                47.44518341552959
              ],
              [
                -122.18619917560434,
                47.44517783702643
              ],
              [
                -122.18883453384774,
                47.445187149073384
              ],
              [
                -122.18966825329937,
                47.445199630120705
              ],
              [
                -122.19024332927097,
                47.44521006907818
              ],
              [
                -122.19108776215731,
                47.44522430245169
              ],
              [
                -122.1919811327586,
                47.44523623869038
              ],
              [
                -122.19234576794075,
                47.44524096349384
              ],
              [
                -122.19303977949485,
                47.445248621084666
              ],
              [
                -122.1937548499049,
                47.44525650403905
              ],
              [
                -122.19423051087081,
                47.44526174518
              ],
              [
                -122.19424232604976,
                47.445261792336275
              ],
              [
                -122.194241187146,
                47.445386009742904
              ],
              [
                -122.19424127733761,
                47.44538601045997
              ],
              [
                -122.1942317667729,
                47.44590137007788
              ],
              [
                -122.19356168421092,
                47.445896036105005
              ],
              [
                -122.19354092568669,
                47.447014096077964
              ],
              [
                -122.19387607114025,
                47.447014380376245
              ],
              [
                -122.19421121655047,
                47.447014661885845
              ],
              [
                -122.19457496160135,
                47.447014968031965
              ],
              [
                -122.19493870926094,
                47.44701527118142
              ],
              [
                -122.19530245432036,
                47.447015574995014
              ],
              [
                -122.19555179566993,
                47.44701578165224
              ],
              [
                -122.19556679801848,
                47.44619334794905
              ],
              [
                -122.19468731665347,
                47.44619261492331
              ],
              [
                -122.19470197619673,
                47.44538967587247
              ],
              [
                -122.19470435705294,
                47.4452636479858
              ],
              [
                -122.19473908910913,
                47.445263787071276
              ],
              [
                -122.19559628866406,
                47.44526720787094
              ],
              [
                -122.1961133895106,
                47.445269187126556
              ],
              [
                -122.19631275486786,
                47.445269950143945
              ],
              [
                -122.1967466670632,
                47.44527160819688
              ],
              [
                -122.19693176255355,
                47.44527231765223
              ],
              [
                -122.1969321715298,
                47.445481383632746
              ],
              [
                -122.1969256200248,
                47.446812642483266
              ],
              [
                -122.19690278882676,
                47.44753727597354
              ],
              [
                -122.19689911651548,
                47.44790500730689
              ],
              [
                -122.19694973116843,
                47.448029528373105
              ],
              [
                -122.19706308618746,
                47.44810949382362
              ],
              [
                -122.19717071482222,
                47.44817198264378
              ],
              [
                -122.19694587663133,
                47.448500886092
              ],
              [
                -122.19687208067862,
                47.44875859096945
              ],
              [
                -122.19704934606045,
                47.44877774229317
              ],
              [
                -122.19735312161141,
                47.4487822662544
              ],
              [
                -122.19769432308135,
                47.44878213374556
              ],
              [
                -122.19814070707356,
                47.44877249643779
              ],
              [
                -122.19863410877838,
                47.44874491793553
              ],
              [
                -122.19930103888332,
                47.44870501425635
              ],
              [
                -122.19962797272136,
                47.44868951290802
              ],
              [
                -122.19990148458186,
                47.44868651513887
              ],
              [
                -122.20008910121201,
                47.44869273601897
              ],
              [
                -122.20018749244257,
                47.44869899991872
              ],
              [
                -122.20033854170264,
                47.44871377969314
              ],
              [
                -122.20050512909347,
                47.44873866408029
              ],
              [
                -122.20072535294264,
                47.44879376084743
              ],
              [
                -122.20100097653699,
                47.44889972974689
              ],
              [
                -122.20125561880023,
                47.44878355531296
              ],
              [
                -122.20130436948457,
                47.448812183951496
              ],
              [
                -122.20165146526062,
                47.44904148433857
              ],
              [
                -122.20197651127265,
                47.44930341029142
              ],
              [
                -122.20217892839146,
                47.44950348118611
              ],
              [
                -122.20241896660397,
                47.44981295160833
              ],
              [
                -122.20252382203645,
                47.44999401098526
              ],
              [
                -122.2026807798401,
                47.45028595409498
              ],
              [
                -122.2028050462543,
                47.45052145625111
              ],
              [
                -122.20301612824727,
                47.45092492217742
              ],
              [
                -122.20342432210313,
                47.45171492519767
              ],
              [
                -122.203527769763,
                47.45191513120169
              ],
              [
                -122.203625672551,
                47.452104603747415
              ],
              [
                -122.20362753895915,
                47.4521159842722
              ],
              [
                -122.20322390105156,
                47.4521244645796
              ],
              [
                -122.20306435768562,
                47.45212775207506
              ],
              [
                -122.20258839025061,
                47.45213755049052
              ],
              [
                -122.2022314977822,
                47.45214489811195
              ],
              [
                -122.20221333820525,
                47.45214522878284
              ],
              [
                -122.20219311997276,
                47.452145597784806
              ],
              [
                -122.20219333946399,
                47.45213475070982
              ],
              [
                -122.20208869643679,
                47.452134009050816
              ],
              [
                -122.20209006425112,
                47.45354879124195
              ],
              [
                -122.20208130831553,
                47.45392409875392
              ],
              [
                -122.20207954263648,
                47.453924084073414
              ],
              [
                -122.20207925790488,
                47.45394053631363
              ],
              [
                -122.20207452591751,
                47.45421475184834
              ],
              [
                -122.20207409750124,
                47.45423943067442
              ],
              [
                -122.20206979538685,
                47.45448882253431
              ],
              [
                -122.20206977725856,
                47.454489901348474
              ],
              [
                -122.20206575561417,
                47.45472298315379
              ],
              [
                -122.20206173270229,
                47.454956068573544
              ],
              [
                -122.20205842018507,
                47.455148019362085
              ],
              [
                -122.2020578856297,
                47.45517896863631
              ],
              [
                -122.20205581396704,
                47.45529898219991
              ],
              [
                -122.20205487034256,
                47.45535367990238
              ],
              [
                -122.20205108328702,
                47.455573054691094
              ],
              [
                -122.20177625701933,
                47.45558223428099
              ],
              [
                -122.2016171845758,
                47.455581325492666
              ],
              [
                -122.20173589385779,
                47.45571294060228
              ],
              [
                -122.20182846439558,
                47.455885533665985
              ],
              [
                -122.20126716762384,
                47.45586924833501
              ],
              [
                -122.20042023153233,
                47.45590595938334
              ],
              [
                -122.20042020199966,
                47.455903363554604
              ],
              [
                -122.19675612748124,
                47.45603436116453
              ],
              [
                -122.1967735391891,
                47.456449382781315
              ],
              [
                -122.19677666669037,
                47.45655625105988
              ],
              [
                -122.19672020218826,
                47.45655258914366
              ],
              [
                -122.19667077212999,
                47.45930737830031
              ],
              [
                -122.19666380012944,
                47.459695988981736
              ],
              [
                -122.19666345353762,
                47.459715318783985
              ],
              [
                -122.19666197754215,
                47.45979758495056
              ],
              [
                -122.19634321603446,
                47.45980552213314
              ],
              [
                -122.19540162455417,
                47.45979438862925
              ],
              [
                -122.19145822412236,
                47.45975771241553
              ],
              [
                -122.1899714220837,
                47.45975492349282
              ],
              [
                -122.18830737981105,
                47.45975075768694
              ],
              [
                -122.18590179372575,
                47.45973159440198
              ],
              [
                -122.18588510240454,
                47.46055246391906
              ],
              [
                -122.1858882994164,
                47.46196033506916
              ],
              [
                -122.18586137117774,
                47.46302730130188
              ],
              [
                -122.1858707702813,
                47.46326786992694
              ],
              [
                -122.18587955241196,
                47.463405868154425
              ],
              [
                -122.18571426600452,
                47.463401783180686
              ],
              [
                -122.18539532649947,
                47.463400866609426
              ],
              [
                -122.18522909943093,
                47.463400357157404
              ],
              [
                -122.18511228680349,
                47.4634000000436
              ],
              [
                -122.18482924711681,
                47.46339913277184
              ],
              [
                -122.18454621009181,
                47.46339826476257
              ],
              [
                -122.18450128766297,
                47.463398126812656
              ],
              [
                -122.1842631704706,
                47.46339739787755
              ],
              [
                -122.18398013081224,
                47.46339652848794
              ],
              [
                -122.18382040156564,
                47.463396034983234
              ],
              [
                -122.18369711754599,
                47.46339565268101
              ],
              [
                -122.18337368178155,
                47.46339465079983
              ],
              [
                -122.18317153220744,
                47.463394027780794
              ],
              [
                -122.18286915010329,
                47.463393088856954
              ],
              [
                -122.18258614483112,
                47.46339221018471
              ],
              [
                -122.18210373997047,
                47.46339070827656
              ],
              [
                -122.18191345246629,
                47.46351389808174
              ]
            ],
            [
              [
                -122.20072516706752,
                47.455480588060695
              ],
              [
                -122.20126600646225,
                47.455462984558906
              ],
              [
                -122.20149875388704,
                47.455469522834605
              ],
              [
                -122.20146858019774,
                47.455443428287126
              ],
              [
                -122.20143818693424,
                47.45542044172672
              ],
              [
                -122.20135567420866,
                47.45535803527476
              ],
              [
                -122.20124704921447,
                47.455288958378155
              ],
              [
                -122.2010116535138,
                47.45516027520423
              ],
              [
                -122.20079564283037,
                47.45505734584027
              ],
              [
                -122.200451183985,
                47.45491333384085
              ],
              [
                -122.20024983596916,
                47.45482937340875
              ],
              [
                -122.19999048964883,
                47.45472122715711
              ],
              [
                -122.19976850055208,
                47.45462865818312
              ],
              [
                -122.19955444527794,
                47.45453939724772
              ],
              [
                -122.19933256999073,
                47.45453787151998
              ],
              [
                -122.19908000176456,
                47.45454609295907
              ],
              [
                -122.19884905901891,
                47.45455360915595
              ],
              [
                -122.19843182658025,
                47.454567187984516
              ],
              [
                -122.19796757248285,
                47.454582291633486
              ],
              [
                -122.1983974922224,
                47.4550804066843
              ],
              [
                -122.19851960308378,
                47.45522189477332
              ],
              [
                -122.19879704411613,
                47.45554332357057
              ],
              [
                -122.20012635369585,
                47.45550007486747
              ],
              [
                -122.20036220908088,
                47.455492399770264
              ],
              [
                -122.20072516706752,
                47.455480588060695
              ]
            ]
          ]
        ]
      }
    },
    {
      "type": "Feature",
      "properties": {
        "Neighborhood": "Valley Terrace",
        "DataProvider": "Renton",
        "Edit_Date": "2017-04-19T00:00:00.000",
        "GlobalID": "{CD832643-7031-485A-B806-047E20E5AADF}",
        "DataProvid": "Renton",
        "Shape_Length": 2830.546346843421,
        "Shape_Area": 342513.3196616807
      },
      "geometry": {
        "type": "MultiPolygon",
        "coordinates": [
          [
            [
              [
                -122.20218564837096,
                47.44849165611517
              ],
              [
                -122.20220023597639,
                47.447681901221955
              ],
              [
                -122.2023230360729,
                47.44767877305229
              ],
              [
                -122.20248487508523,
                47.447672518903495
              ],
              [
                -122.20266644414758,
                47.44766550189958
              ],
              [
                -122.20288721765256,
                47.44765696956661
              ],
              [
                -122.20308203978274,
                47.44764943925042
              ],
              [
                -122.20308896179218,
                47.44764917125215
              ],
              [
                -122.20329070456938,
                47.447641373494335
              ],
              [
                -122.20345728609365,
                47.44763493473904
              ],
              [
                -122.20349244861202,
                47.44763357536167
              ],
              [
                -122.20369419259437,
                47.447625776870275
              ],
              [
                -122.20383250835685,
                47.44762043017411
              ],
              [
                -122.20389593519077,
                47.44761797803612
              ],
              [
                -122.20415521983713,
                47.44760795419835
              ],
              [
                -122.20419566822142,
                47.44760639039036
              ],
              [
                -122.20435705635036,
                47.44760015070884
              ],
              [
                -122.20439740403944,
                47.447598590744576
              ],
              [
                -122.20440970601418,
                47.44759811550558
              ],
              [
                -122.20455879874869,
                47.44759235069591
              ],
              [
                -122.20462097226654,
                47.44758994658652
              ],
              [
                -122.20474036857904,
                47.44758533035672
              ],
              [
                -122.20483223847637,
                47.447581778173344
              ],
              [
                -122.2049219370349,
                47.44757830974297
              ],
              [
                -122.20504350592226,
                47.44757360845141
              ],
              [
                -122.20510350544187,
                47.447571288838624
              ],
              [
                -122.20528507512573,
                47.447564267627676
              ],
              [
                -122.20539404524499,
                47.44756005297959
              ],
              [
                -122.20546664341143,
                47.44755724524287
              ],
              [
                -122.20564821167181,
                47.4475502234667
              ],
              [
                -122.20579892568918,
                47.44754439512979
              ],
              [
                -122.20591909535659,
                47.44753934010005
              ],
              [
                -122.205952034323,
                47.447594480685865
              ],
              [
                -122.2060005926305,
                47.44768265463903
              ],
              [
                -122.20604015834424,
                47.44775513717482
              ],
              [
                -122.20613845742811,
                47.44775162937752
              ],
              [
                -122.20618241926537,
                47.4477500826135
              ],
              [
                -122.20650938709986,
                47.44773857845049
              ],
              [
                -122.20655514393005,
                47.44774426852338
              ],
              [
                -122.20656505420209,
                47.4478738688801
              ],
              [
                -122.20657447392065,
                47.447997070166316
              ],
              [
                -122.20658389500942,
                47.44812027143606
              ],
              [
                -122.20659331614266,
                47.44824347270549
              ],
              [
                -122.20660169023128,
                47.448352985148
              ],
              [
                -122.20652199910491,
                47.44836951799295
              ],
              [
                -122.2063201970286,
                47.44837661781561
              ],
              [
                -122.20627983582557,
                47.44837803828623
              ],
              [
                -122.20628190768406,
                47.44840512834768
              ],
              [
                -122.2061092196404,
                47.44841116294948
              ],
              [
                -122.20611131226109,
                47.448438541526905
              ],
              [
                -122.20607095206998,
                47.44843995201493
              ],
              [
                -122.20587162473338,
                47.44844691763636
              ],
              [
                -122.20578842667051,
                47.44844982417827
              ],
              [
                -122.20566981703907,
                47.44845396868768
              ],
              [
                -122.20546801063966,
                47.44846102026328
              ],
              [
                -122.20526620418569,
                47.448468071479915
              ],
              [
                -122.204853380148,
                47.448482494704116
              ],
              [
                -122.20457096068021,
                47.44849232476684
              ],
              [
                -122.2043105131311,
                47.44850145858057
              ],
              [
                -122.20425013321776,
                47.448503575454495
              ],
              [
                -122.20404832716694,
                47.448510652382865
              ],
              [
                -122.20390690096023,
                47.448515610494546
              ],
              [
                -122.20384652366566,
                47.44851772712161
              ],
              [
                -122.20364471750544,
                47.44852480333203
              ],
              [
                -122.2035315441896,
                47.44852877198199
              ],
              [
                -122.20344291394193,
                47.448531879151446
              ],
              [
                -122.20323468968303,
                47.44853917968057
              ],
              [
                -122.20315618718249,
                47.448541930428924
              ],
              [
                -122.20303288596118,
                47.44854625297203
              ],
              [
                -122.2028310795804,
                47.44855332773513
              ],
              [
                -122.20279745798585,
                47.44855450637291
              ],
              [
                -122.20235271233544,
                47.44857009567825
              ],
              [
                -122.20230359557642,
                47.448571817405146
              ],
              [
                -122.20218393116647,
                47.448576011473634
              ],
              [
                -122.20210491024987,
                47.4485821582624
              ],
              [
                -122.20217063095754,
                47.44855870933806
              ],
              [
                -122.20218564837096,
                47.44849165611517
              ]
            ]
          ]
        ]
      }
    },
    {
      "type": "Feature",
      "properties": {
        "Neighborhood": "Victoria Park",
        "DataProvider": "Renton",
        "Edit_Date": "2017-04-19T00:00:00.000",
        "GlobalID": "{35887341-140F-44DC-87B6-DB5FED8D3502}",
        "DataProvid": "Renton",
        "Shape_Length": 8822.259906984746,
        "Shape_Area": 4674143.462134312
      },
      "geometry": {
        "type": "MultiPolygon",
        "coordinates": [
          [
            [
              [
                -122.20984724339924,
                47.45928244415886
              ],
              [
                -122.20854808074284,
                47.45929502186681
              ],
              [
                -122.20733003728537,
                47.45931597330501
              ],
              [
                -122.20703989486631,
                47.459322256337295
              ],
              [
                -122.20703871222813,
                47.4593229822239
              ],
              [
                -122.2070294752339,
                47.45927199699784
              ],
              [
                -122.20699836319135,
                47.459157028589516
              ],
              [
                -122.20695873944344,
                47.459010607746315
              ],
              [
                -122.20688304978596,
                47.45873090900392
              ],
              [
                -122.20678593288996,
                47.4583948662202
              ],
              [
                -122.20664419438043,
                47.458001254203836
              ],
              [
                -122.20656450522104,
                47.45781059017584
              ],
              [
                -122.20646443548722,
                47.45758333135519
              ],
              [
                -122.20638916958049,
                47.45742976454861
              ],
              [
                -122.20620700823459,
                47.457069456140935
              ],
              [
                -122.20567416373862,
                47.45602747811719
              ],
              [
                -122.20509711029422,
                47.454926654758694
              ],
              [
                -122.2045581731138,
                47.45389850482209
              ],
              [
                -122.20407845266494,
                47.45298085574304
              ],
              [
                -122.203631510212,
                47.45211590122005
              ],
              [
                -122.20385984869557,
                47.45211110355212
              ],
              [
                -122.20409796105014,
                47.45210618462743
              ],
              [
                -122.20417788235845,
                47.452104533424524
              ],
              [
                -122.20434059915962,
                47.4521011889179
              ],
              [
                -122.204561326441,
                47.452096651840016
              ],
              [
                -122.20476917139906,
                47.4520923492303
              ],
              [
                -122.20478026079093,
                47.45209212161382
              ],
              [
                -122.20487131661972,
                47.452090245357184
              ],
              [
                -122.20508508180782,
                47.45208583820813
              ],
              [
                -122.20526498246022,
                47.452082131661086
              ],
              [
                -122.2055099664401,
                47.45207708168951
              ],
              [
                -122.20556773819942,
                47.452075889924984
              ],
              [
                -122.20569174922922,
                47.45207333370802
              ],
              [
                -122.2058705283377,
                47.45206964696387
              ],
              [
                -122.20587353464384,
                47.452069585403166
              ],
              [
                -122.20605532003243,
                47.45206583680706
              ],
              [
                -122.20617346424403,
                47.45206340142985
              ],
              [
                -122.20625730379838,
                47.45206167255776
              ],
              [
                -122.20645928488045,
                47.45205750798095
              ],
              [
                -122.20647659360088,
                47.45205715094537
              ],
              [
                -122.20695188479938,
                47.452047347087486
              ],
              [
                -122.2069898637558,
                47.452046563373564
              ],
              [
                -122.20728419144346,
                47.45204049286921
              ],
              [
                -122.20740433971056,
                47.45203801394573
              ],
              [
                -122.20742569397495,
                47.4520324369774
              ],
              [
                -122.20772831736839,
                47.452030451484525
              ],
              [
                -122.20805240542028,
                47.4520282914381
              ],
              [
                -122.20837649079373,
                47.45202613049806
              ],
              [
                -122.20870057879198,
                47.4520239686001
              ],
              [
                -122.20902466676333,
                47.45202180577643
              ],
              [
                -122.209328498567,
                47.45201977797098
              ],
              [
                -122.20964041639105,
                47.452017696231614
              ],
              [
                -122.20993624430432,
                47.45201571892163
              ],
              [
                -122.21026637086368,
                47.452013513457985
              ],
              [
                -122.210702209623,
                47.45201059752926
              ],
              [
                -122.2112360220611,
                47.45200702612684
              ],
              [
                -122.21147675148002,
                47.45200541535244
              ],
              [
                -122.2120645218301,
                47.45200147781211
              ],
              [
                -122.21219499783761,
                47.45200910642858
              ],
              [
                -122.21226075543757,
                47.45228393615394
              ],
              [
                -122.21234785545217,
                47.45268609673207
              ],
              [
                -122.21245756251035,
                47.453192633434675
              ],
              [
                -122.21253742794657,
                47.453608643655116
              ],
              [
                -122.2125550370036,
                47.45387644904388
              ],
              [
                -122.21258751393826,
                47.4543703948559
              ],
              [
                -122.21262811332107,
                47.45498782821229
              ],
              [
                -122.21265402470554,
                47.455381895969325
              ],
              [
                -122.2126970328259,
                47.45561627177722
              ],
              [
                -122.21272490408316,
                47.45576815918149
              ],
              [
                -122.21274360833502,
                47.45587008553652
              ],
              [
                -122.21276855743324,
                47.45600604718954
              ],
              [
                -122.21279368951477,
                47.456134826155186
              ],
              [
                -122.21280753172992,
                47.456244986116786
              ],
              [
                -122.21282504773558,
                47.456384389981146
              ],
              [
                -122.21283314673539,
                47.45653779608534
              ],
              [
                -122.21282848190438,
                47.456733492882286
              ],
              [
                -122.21282380074845,
                47.456929878057835
              ],
              [
                -122.21281784558283,
                47.45707415247579
              ],
              [
                -122.21280737488105,
                47.45732784931366
              ],
              [
                -122.21279506368438,
                47.45762607982007
              ],
              [
                -122.21278741780002,
                47.457811323742334
              ],
              [
                -122.21276847106482,
                47.45794975320607
              ],
              [
                -122.2127421643855,
                47.45808573712699
              ],
              [
                -122.21269620475854,
                47.458214765119585
              ],
              [
                -122.21264897319566,
                47.45834736819801
              ],
              [
                -122.21258599227716,
                47.45848667208267
              ],
              [
                -122.21253650956858,
                47.45856533298537
              ],
              [
                -122.21244175071747,
                47.45871596467896
              ],
              [
                -122.2124021825153,
                47.458778863084376
              ],
              [
                -122.21231406640038,
                47.45890909417718
              ],
              [
                -122.21224946044948,
                47.45900457650906
              ],
              [
                -122.21204144344584,
                47.459287673948076
              ],
              [
                -122.2116897159669,
                47.45928599936657
              ],
              [
                -122.21085030985287,
                47.45928138834472
              ],
              [
                -122.20984724339924,
                47.45928244415886
              ]
            ]
          ]
        ]
      }
    },
    {
      "type": "Feature",
      "properties": {
        "Neighborhood": "Maplewood Estates",
        "DataProvider": "Renton",
        "Edit_Date": "2017-04-19T00:00:00.000",
        "GlobalID": "{74851285-D589-4F86-8581-A456F94E278B}",
        "DataProvid": "Renton",
        "Shape_Length": 8739.807067587119,
        "Shape_Area": 2778556.1018295903
      },
      "geometry": {
        "type": "MultiPolygon",
        "coordinates": [
          [
            [
              [
                -122.13904266250299,
                47.48824464192383
              ],
              [
                -122.1390373792187,
                47.487899150231264
              ],
              [
                -122.13904147137987,
                47.48789912115623
              ],
              [
                -122.13903733643677,
                47.48789638095665
              ],
              [
                -122.13903553296828,
                47.487778534138776
              ],
              [
                -122.1390325507762,
                47.48758359449633
              ],
              [
                -122.13903118985728,
                47.48749455841753
              ],
              [
                -122.13903003643253,
                47.48741911240908
              ],
              [
                -122.13902751949631,
                47.487254632151284
              ],
              [
                -122.13902640843816,
                47.48718204447965
              ],
              [
                -122.13902499838565,
                47.48708987847368
              ],
              [
                -122.13902215166537,
                47.486903740437924
              ],
              [
                -122.13902162977482,
                47.486869532311225
              ],
              [
                -122.13901684838022,
                47.486557014778704
              ],
              [
                -122.13886921485847,
                47.48655568837414
              ],
              [
                -122.13863457817529,
                47.48655357926016
              ],
              [
                -122.1384203250705,
                47.48655165272376
              ],
              [
                -122.13839185233662,
                47.48655139713592
              ],
              [
                -122.13817747979988,
                47.486549469715285
              ],
              [
                -122.13810059673801,
                47.4865487773652
              ],
              [
                -122.13793483364772,
                47.4865472874976
              ],
              [
                -122.13781349330937,
                47.48654619549316
              ],
              [
                -122.137691992353,
                47.486545101606325
              ],
              [
                -122.13763641109347,
                47.484739577695784
              ],
              [
                -122.1376655780127,
                47.48474009085748
              ],
              [
                -122.13766436221049,
                47.484657823265074
              ],
              [
                -122.13764528146335,
                47.48336632598761
              ],
              [
                -122.13761964718434,
                47.48207072286209
              ],
              [
                -122.13760488256324,
                47.48113561402662
              ],
              [
                -122.13761223569267,
                47.481128147692274
              ],
              [
                -122.13761228203745,
                47.48113254873905
              ],
              [
                -122.13773382097793,
                47.48113402084726
              ],
              [
                -122.13809777947296,
                47.48113842866634
              ],
              [
                -122.1383808164889,
                47.48114185684446
              ],
              [
                -122.13858298501214,
                47.4811443035781
              ],
              [
                -122.13878515355437,
                47.4811467499517
              ],
              [
                -122.13898732216052,
                47.48114919776389
              ],
              [
                -122.13918949074066,
                47.48115164341739
              ],
              [
                -122.13939165933972,
                47.481154088710866
              ],
              [
                -122.13959382800282,
                47.48115653544292
              ],
              [
                -122.13979599663978,
                47.4811589800163
              ],
              [
                -122.13999816529575,
                47.48116142422963
              ],
              [
                -122.14020033401563,
                47.48116386988155
              ],
              [
                -122.14040140897426,
                47.48116630078136
              ],
              [
                -122.14066532152715,
                47.4811694901033
              ],
              [
                -122.14092391140407,
                47.4811726159875
              ],
              [
                -122.14107216514239,
                47.4811744073712
              ],
              [
                -122.14115160019941,
                47.481175368670286
              ],
              [
                -122.14267647072482,
                47.48119378463647
              ],
              [
                -122.14279780819709,
                47.4811952491524
              ],
              [
                -122.14289891388852,
                47.48119646838621
              ],
              [
                -122.14289984734536,
                47.481251306054794
              ],
              [
                -122.14290017967015,
                47.48127067530939
              ],
              [
                -122.14290031598811,
                47.48127874825582
              ],
              [
                -122.14290041138995,
                47.48128423991512
              ],
              [
                -122.14290087958173,
                47.48131166413
              ],
              [
                -122.14290219499995,
                47.481388799472874
              ],
              [
                -122.14290649039202,
                47.48164056048937
              ],
              [
                -122.14290710295853,
                47.48167648395302
              ],
              [
                -122.1429084057537,
                47.48175269288751
              ],
              [
                -122.142909106547,
                47.48179382203093
              ],
              [
                -122.1429149456445,
                47.48213593040883
              ],
              [
                -122.14291725204198,
                47.48227114300199
              ],
              [
                -122.14292048419748,
                47.482460567255345
              ],
              [
                -122.1429257408547,
                47.482768581546694
              ],
              [
                -122.14292836061071,
                47.48292208773285
              ],
              [
                -122.14292882869643,
                47.4829495065525
              ],
              [
                -122.14292906107423,
                47.48296320248803
              ],
              [
                -122.14293275719483,
                47.48317977214289
              ],
              [
                -122.14294205436674,
                47.48372451323398
              ],
              [
                -122.14294591080308,
                47.48395042395283
              ],
              [
                -122.14294829554619,
                47.4840902306391
              ],
              [
                -122.14295068030204,
                47.484230037325645
              ],
              [
                -122.14295306772406,
                47.48436984398183
              ],
              [
                -122.14295545250555,
                47.484509650668954
              ],
              [
                -122.14295783995311,
                47.484649457325666
              ],
              [
                -122.14296737379114,
                47.484805338671435
              ],
              [
                -122.1429359154183,
                47.48484395931333
              ],
              [
                -122.14294409778033,
                47.48515294558373
              ],
              [
                -122.14299222036627,
                47.48701893316272
              ],
              [
                -122.14287693931931,
                47.48701941476506
              ],
              [
                -122.14258171159483,
                47.48701707537106
              ],
              [
                -122.14231006345742,
                47.48701492210465
              ],
              [
                -122.14229861878519,
                47.487014830975326
              ],
              [
                -122.14204719193049,
                47.487012836128244
              ],
              [
                -122.14178431781617,
                47.48701075137242
              ],
              [
                -122.14175669770465,
                47.48701053177641
              ],
              [
                -122.14152144637642,
                47.48700866597732
              ],
              [
                -122.14125857495767,
                47.487006579973574
              ],
              [
                -122.14125348368471,
                47.48668647360166
              ],
              [
                -122.14125165316682,
                47.486571450817685
              ],
              [
                -122.14124597584885,
                47.486214526510295
              ],
              [
                -122.14123816538196,
                47.485723306980596
              ],
              [
                -122.1408944172957,
                47.48572057775318
              ],
              [
                -122.14042910295596,
                47.48571688144159
              ],
              [
                -122.14032800171522,
                47.4857160790548
              ],
              [
                -122.14033083160552,
                47.48589426512707
              ],
              [
                -122.14033344545514,
                47.486058744283255
              ],
              [
                -122.14033597241102,
                47.486217742477905
              ],
              [
                -122.14033858363952,
                47.48638222166536
              ],
              [
                -122.14034111062675,
                47.486541219860705
              ],
              [
                -122.14034394060667,
                47.48671940593491
              ],
              [
                -122.14034655453888,
                47.48688388509291
              ],
              [
                -122.14034907892126,
                47.48704288331983
              ],
              [
                -122.1403516928859,
                47.48720736247851
              ],
              [
                -122.14035421995302,
                47.48736636067559
              ],
              [
                -122.14035683129666,
                47.48753083986546
              ],
              [
                -122.14035935839506,
                47.48768983806316
              ],
              [
                -122.14036218849964,
                47.487868024140056
              ],
              [
                -122.14036480254703,
                47.48803250330043
              ],
              [
                -122.14036834155102,
                47.48825518280784
              ],
              [
                -122.13987439892435,
                47.48825125583141
              ],
              [
                -122.13979349063064,
                47.48825061272358
              ],
              [
                -122.1395483604953,
                47.488248663951566
              ],
              [
                -122.13930562237657,
                47.4882467339106
              ],
              [
                -122.13904266250299,
                47.48824464192383
              ]
            ]
          ]
        ]
      }
    },
    {
      "type": "Feature",
      "properties": {
        "Neighborhood": "Maplewood Glen",
        "DataProvider": "Renton",
        "Edit_Date": "2017-04-19T00:00:00.000",
        "GlobalID": "{390D7476-2B61-4741-94BC-DC071C4D8DEB}",
        "DataProvid": "Renton",
        "Shape_Length": 6904.155431779193,
        "Shape_Area": 1991184.9434122085
      },
      "geometry": {
        "type": "MultiPolygon",
        "coordinates": [
          [
            [
              [
                -122.16938196492714,
                47.47340302865381
              ],
              [
                -122.16937697380875,
                47.47320771098674
              ],
              [
                -122.17213626889962,
                47.474269718008166
              ],
              [
                -122.17502102779041,
                47.47530553057306
              ],
              [
                -122.1754798255543,
                47.47546400478828
              ],
              [
                -122.17708246418755,
                47.476003877843134
              ],
              [
                -122.17742380191451,
                47.47612073798637
              ],
              [
                -122.17773548943877,
                47.47625621329945
              ],
              [
                -122.1779190497893,
                47.47633599729193
              ],
              [
                -122.17840672117433,
                47.47656725055549
              ],
              [
                -122.17949000151226,
                47.47708449454534
              ],
              [
                -122.17976191406109,
                47.47721293281377
              ],
              [
                -122.17977788744123,
                47.47741710067914
              ],
              [
                -122.1797762906567,
                47.47763110153112
              ],
              [
                -122.17977569174401,
                47.477711334535364
              ],
              [
                -122.17974073665435,
                47.47771135338281
              ],
              [
                -122.1792447412245,
                47.477711602910986
              ],
              [
                -122.17880532896514,
                47.47771182362949
              ],
              [
                -122.17859876415507,
                47.47771192602473
              ],
              [
                -122.17835617213017,
                47.477712046576414
              ],
              [
                -122.178113582757,
                47.47771216657822
              ],
              [
                -122.17787099072979,
                47.477712286093
              ],
              [
                -122.17762840130811,
                47.4777124032593
              ],
              [
                -122.17738580927868,
                47.47771252173715
              ],
              [
                -122.17714321990117,
                47.477712639665185
              ],
              [
                -122.17690062786954,
                47.47771275710615
              ],
              [
                -122.17665803848978,
                47.47771287399729
              ],
              [
                -122.17641544645599,
                47.47771299040136
              ],
              [
                -122.17617285707414,
                47.47771310625561
              ],
              [
                -122.17593026503819,
                47.477713221622786
              ],
              [
                -122.17568767267721,
                47.47771332388131
              ],
              [
                -122.17544507417648,
                47.477713393309294
              ],
              [
                -122.17519774664918,
                47.47771346235408
              ],
              [
                -122.1749551481009,
                47.47771352893641
              ],
              [
                -122.17489609082449,
                47.47771383298455
              ],
              [
                -122.17468525322559,
                47.47770752161938
              ],
              [
                -122.17455065561686,
                47.47770016324699
              ],
              [
                -122.17441646923733,
                47.477689908625955
              ],
              [
                -122.17428283504012,
                47.47767676868671
              ],
              [
                -122.17414988075913,
                47.477660756315714
              ],
              [
                -122.17401774753151,
                47.477641889639145
              ],
              [
                -122.1738865658816,
                47.477620186909036
              ],
              [
                -122.17375646637961,
                47.47759566817681
              ],
              [
                -122.1736275824324,
                47.47756836065732
              ],
              [
                -122.17350004474713,
                47.47753828979888
              ],
              [
                -122.17337398156137,
                47.47750548827595
              ],
              [
                -122.17324951841294,
                47.47746998699636
              ],
              [
                -122.17312678102292,
                47.47743182406269
              ],
              [
                -122.17300589506517,
                47.47739103577948
              ],
              [
                -122.17288698104481,
                47.47734766391018
              ],
              [
                -122.17277015951186,
                47.47730175201707
              ],
              [
                -122.17265554845426,
                47.477253347291565
              ],
              [
                -122.17254326590476,
                47.47720249872385
              ],
              [
                -122.1724334193288,
                47.477149257228334
              ],
              [
                -122.17232611879714,
                47.47709367188974
              ],
              [
                -122.17222147735517,
                47.477035804351964
              ],
              [
                -122.17211958645363,
                47.47697570212078
              ],
              [
                -122.17202056467123,
                47.47691343577082
              ],
              [
                -122.17192451182983,
                47.47684906890167
              ],
              [
                -122.17183151983674,
                47.47678266700543
              ],
              [
                -122.17174162359451,
                47.47671424587042
              ],
              [
                -122.17165499314203,
                47.47664391684513
              ],
              [
                -122.17156541853493,
                47.47657311870925
              ],
              [
                -122.1714698880342,
                47.476505998014154
              ],
              [
                -122.17136872854893,
                47.4764427811816
              ],
              [
                -122.17126228536833,
                47.47638368722043
              ],
              [
                -122.1711509218849,
                47.47632891693499
              ],
              [
                -122.17103502243182,
                47.47627866008867
              ],
              [
                -122.17089872207433,
                47.47622738774746
              ],
              [
                -122.17079912354265,
                47.47619478429181
              ],
              [
                -122.17069737044784,
                47.47616539422511
              ],
              [
                -122.17059369272147,
                47.4761392849989
              ],
              [
                -122.17048831736399,
                47.47611651330524
              ],
              [
                -122.17038148454637,
                47.47609713208333
              ],
              [
                -122.1702734208514,
                47.47608118183937
              ],
              [
                -122.17024511764234,
                47.47607759849097
              ],
              [
                -122.17003255138226,
                47.476051587487106
              ],
              [
                -122.16978579951359,
                47.476021392610996
              ],
              [
                -122.16939589204534,
                47.47597367840027
              ],
              [
                -122.16939658068092,
                47.47563934943238
              ],
              [
                -122.1693968764976,
                47.47547210455856
              ],
              [
                -122.16939737892572,
                47.475172004733984
              ],
              [
                -122.16939789751208,
                47.474861293359346
              ],
              [
                -122.16939818709271,
                47.474687121850316
              ],
              [
                -122.16939857499744,
                47.47433866773916
              ],
              [
                -122.16939884377423,
                47.47409798925697
              ],
              [
                -122.16939546803287,
                47.47398129862531
              ],
              [
                -122.16939339771251,
                47.47379548744074
              ],
              [
                -122.16938196492714,
                47.47340302865381
              ]
            ]
          ]
        ]
      }
    },
    {
      "type": "Feature",
      "properties": {
        "Neighborhood": "Jericho Estates",
        "DataProvider": "Renton",
        "Edit_Date": "2017-04-19T00:00:00.000",
        "GlobalID": "{BB5C1C31-B7C8-4193-B7FB-3BD809A527B8}",
        "DataProvid": "Renton",
        "Shape_Length": 2311.7796921297277,
        "Shape_Area": 272564.93318603194
      },
      "geometry": {
        "type": "MultiPolygon",
        "coordinates": [
          [
            [
              [
                -122.14835600223226,
                47.487833600377726
              ],
              [
                -122.14835752482,
                47.48752946820911
              ],
              [
                -122.1484548877451,
                47.487531706523725
              ],
              [
                -122.14847284585956,
                47.48753184032032
              ],
              [
                -122.14849533976582,
                47.48753201332306
              ],
              [
                -122.14870146579958,
                47.487533599463475
              ],
              [
                -122.14890367870403,
                47.48753515501366
              ],
              [
                -122.14903907360163,
                47.487536197346195
              ],
              [
                -122.14910589031652,
                47.487536711118416
              ],
              [
                -122.14930810324508,
                47.487538265948295
              ],
              [
                -122.14936263234407,
                47.48753868542198
              ],
              [
                -122.14951031618571,
                47.48753982041803
              ],
              [
                -122.14971252783438,
                47.48754137544232
              ],
              [
                -122.1497266353057,
                47.487541483525135
              ],
              [
                -122.14991474079912,
                47.48754292919171
              ],
              [
                -122.14999761635906,
                47.48754356924593
              ],
              [
                -122.1501169526081,
                47.48754448889153
              ],
              [
                -122.15026859615281,
                47.48754565613395
              ],
              [
                -122.15031916566507,
                47.48754604461857
              ],
              [
                -122.15053998069267,
                47.48754774037786
              ],
              [
                -122.15088534647467,
                47.48755067634891
              ],
              [
                -122.1509027674758,
                47.487550824091166
              ],
              [
                -122.15092579757022,
                47.487550944511476
              ],
              [
                -122.15104227363646,
                47.48755421727015
              ],
              [
                -122.15112805227847,
                47.48755267463055
              ],
              [
                -122.15112804642935,
                47.48755223300986
              ],
              [
                -122.15114542715222,
                47.48755236229154
              ],
              [
                -122.15116598346464,
                47.48755253476839
              ],
              [
                -122.15116849715494,
                47.487552538872194
              ],
              [
                -122.15132620421322,
                47.487553749458755
              ],
              [
                -122.15150011733675,
                47.48755508290246
              ],
              [
                -122.15161966596281,
                47.48755600030227
              ],
              [
                -122.1516952129617,
                47.48755657938985
              ],
              [
                -122.15169556383309,
                47.487584059861526
              ],
              [
                -122.15169768369016,
                47.487750203718605
              ],
              [
                -122.15169827826162,
                47.48779677652177
              ],
              [
                -122.1516987339203,
                47.487832445457315
              ],
              [
                -122.15169918837492,
                47.487868066729696
              ],
              [
                -122.15170013334793,
                47.48794210111938
              ],
              [
                -122.15170187105043,
                47.48807826586485
              ],
              [
                -122.15170258302366,
                47.48813399852063
              ],
              [
                -122.15170485492412,
                47.48831492413884
              ],
              [
                -122.1517051451253,
                47.48833548852564
              ],
              [
                -122.15170524275875,
                47.488342343910524
              ],
              [
                -122.15170786098884,
                47.48846341085178
              ],
              [
                -122.15104442796795,
                47.48845656468118
              ],
              [
                -122.14837212004821,
                47.48843592778096
              ],
              [
                -122.14835600223226,
                47.487833600377726
              ]
            ]
          ]
        ]
      }
    },
    {
      "type": "Feature",
      "properties": {
        "Neighborhood": "Highland Estates",
        "DataProvider": "Renton",
        "Edit_Date": "2017-04-19T00:00:00.000",
        "GlobalID": "{5F9B57A8-329A-43E1-A84D-39CD81AF329E}",
        "DataProvid": "Renton",
        "Shape_Length": 2626.661135364049,
        "Shape_Area": 431889.8157507296
      },
      "geometry": {
        "type": "MultiPolygon",
        "coordinates": [
          [
            [
              [
                -122.13497686105264,
                47.4792794599875
              ],
              [
                -122.13506610202974,
                47.479276291998495
              ],
              [
                -122.13510654637327,
                47.47927671512815
              ],
              [
                -122.13551302061266,
                47.479280969111706
              ],
              [
                -122.1357152450487,
                47.47928308468851
              ],
              [
                -122.13589723803693,
                47.47928498859309
              ],
              [
                -122.13607923234247,
                47.47928689129139
              ],
              [
                -122.13628144355904,
                47.47928900601178
              ],
              [
                -122.13646343791513,
                47.47929090899337
              ],
              [
                -122.13666564916282,
                47.4792930230294
              ],
              [
                -122.13684762495292,
                47.47929492470898
              ],
              [
                -122.13704983623177,
                47.479297038060615
              ],
              [
                -122.13725204885348,
                47.479299151036805
              ],
              [
                -122.13747164997628,
                47.47930144528231
              ],
              [
                -122.13759297649317,
                47.479302712133034
              ],
              [
                -122.13761140611975,
                47.48104948562878
              ],
              [
                -122.13761223569267,
                47.481128147692274
              ],
              [
                -122.13760488256324,
                47.48113561402662
              ],
              [
                -122.13499118598347,
                47.48109987167287
              ],
              [
                -122.13497686105264,
                47.4792794599875
              ]
            ]
          ]
        ]
      }
    },
    {
      "type": "Feature",
      "properties": {
        "Neighborhood": "Maureen Highlands",
        "DataProvider": "Renton",
        "Edit_Date": "2017-04-19T00:00:00.000",
        "GlobalID": "{B6ECA8D0-5BF7-49A4-8E1A-2B51533FB3ED}",
        "DataProvid": "Renton",
        "Shape_Length": 6529.474088396557,
        "Shape_Area": 1708374.2769187505
      },
      "geometry": {
        "type": "MultiPolygon",
        "coordinates": [
          [
            [
              [
                -122.13506935655477,
                47.48844323286466
              ],
              [
                -122.13506702127432,
                47.48833195541846
              ],
              [
                -122.13635501514749,
                47.48833756529807
              ],
              [
                -122.13772962992732,
                47.48834949050348
              ],
              [
                -122.13772105960167,
                47.48847400354984
              ],
              [
                -122.13772140425914,
                47.488492561249316
              ],
              [
                -122.13772164653588,
                47.48850553921326
              ],
              [
                -122.13772179925233,
                47.48851376849396
              ],
              [
                -122.13772781806803,
                47.488836480068414
              ],
              [
                -122.1377314459835,
                47.48903111001986
              ],
              [
                -122.13773241677602,
                47.489083194573624
              ],
              [
                -122.13773292981512,
                47.489110607472576
              ],
              [
                -122.13773297979229,
                47.48911334877771
              ],
              [
                -122.13773502817698,
                47.489223167736526
              ],
              [
                -122.13773507662464,
                47.48922574173982
              ],
              [
                -122.13773553856532,
                47.48925058066604
              ],
              [
                -122.13773558701293,
                47.48925315466935
              ],
              [
                -122.13773810558382,
                47.48938824785028
              ],
              [
                -122.13773951107336,
                47.48946365677337
              ],
              [
                -122.1377411732032,
                47.48955272356816
              ],
              [
                -122.13774319170795,
                47.48966102800085
              ],
              [
                -122.13774424088696,
                47.489717201084986
              ],
              [
                -122.1377468723703,
                47.48985839922881
              ],
              [
                -122.13774730589145,
                47.48988167683401
              ],
              [
                -122.13775037356893,
                47.490046152552814
              ],
              [
                -122.13775055306054,
                47.49005577045721
              ],
              [
                -122.13775344131072,
                47.490210630070564
              ],
              [
                -122.13775423382369,
                47.490253143484615
              ],
              [
                -122.13775650902689,
                47.49037510578996
              ],
              [
                -122.13775791456959,
                47.490450514713885
              ],
              [
                -122.13775957410873,
                47.49053958154019
              ],
              [
                -122.1377615953434,
                47.490647885943595
              ],
              [
                -122.13776264190854,
                47.490704059058785
              ],
              [
                -122.13776527614512,
                47.49084525717369
              ],
              [
                -122.1377657096827,
                47.490868534779146
              ],
              [
                -122.13776877747623,
                47.49103301049976
              ],
              [
                -122.13776895697463,
                47.49104262840424
              ],
              [
                -122.13777184268041,
                47.491197488049785
              ],
              [
                -122.13777263787703,
                47.49124000143383
              ],
              [
                -122.13777491051262,
                47.49136196377097
              ],
              [
                -122.13777631610856,
                47.49143737269572
              ],
              [
                -122.13777797836418,
                47.49152643949251
              ],
              [
                -122.13777999702167,
                47.491634743927555
              ],
              [
                -122.13778104628004,
                47.49169091701292
              ],
              [
                -122.13778360301168,
                47.49182805717569
              ],
              [
                -122.13778392409421,
                47.49184524600664
              ],
              [
                -122.13778411381091,
                47.49185548449496
              ],
              [
                -122.13778443586067,
                47.49187265892171
              ],
              [
                -122.13778658111994,
                47.49198756292381
              ],
              [
                -122.13778698336388,
                47.492009057947975
              ],
              [
                -122.13778712962245,
                47.49201692207933
              ],
              [
                -122.13778801464153,
                47.49206419314027
              ],
              [
                -122.13779093842892,
                47.49222057081996
              ],
              [
                -122.13780337798144,
                47.49288581225269
              ],
              [
                -122.13780751593066,
                47.49310696638287
              ],
              [
                -122.13781068314582,
                47.493276361598454
              ],
              [
                -122.13781396443402,
                47.493451802391874
              ],
              [
                -122.13781724578925,
                47.493627244984296
              ],
              [
                -122.13781948389769,
                47.49374696960141
              ],
              [
                -122.13782052712162,
                47.49380268577836
              ],
              [
                -122.13782380847601,
                47.493978126572706
              ],
              [
                -122.13782709250627,
                47.49415356733693
              ],
              [
                -122.13783037394983,
                47.49432900993055
              ],
              [
                -122.13783365537046,
                47.49450445072585
              ],
              [
                -122.13783580127239,
                47.494619106445754
              ],
              [
                -122.13783693681317,
                47.49467989152149
              ],
              [
                -122.13784022097684,
                47.494855334085514
              ],
              [
                -122.1378434075271,
                47.4950258121628
              ],
              [
                -122.13784350232875,
                47.4950307694859
              ],
              [
                -122.13784678383767,
                47.495206210282376
              ],
              [
                -122.1378500420615,
                47.49538040094911
              ],
              [
                -122.13785055580927,
                47.49540783723194
              ],
              [
                -122.13785099614933,
                47.49543143680608
              ],
              [
                -122.13785255649798,
                47.495514827614045
              ],
              [
                -122.13722731396686,
                47.495503208648515
              ],
              [
                -122.13718684211429,
                47.49550245540503
              ],
              [
                -122.13687848498556,
                47.4954967233036
              ],
              [
                -122.13655855485007,
                47.49549077417008
              ],
              [
                -122.13623862748636,
                47.49548482590334
              ],
              [
                -122.13591869482046,
                47.49547887409819
              ],
              [
                -122.13559876625337,
                47.49547292314457
              ],
              [
                -122.13531276543938,
                47.495467603250304
              ],
              [
                -122.13520455782218,
                47.49546558849583
              ],
              [
                -122.1352035013104,
                47.49541066499558
              ],
              [
                -122.13519917502329,
                47.49518599754294
              ],
              [
                -122.13519910136144,
                47.4951821428464
              ],
              [
                -122.13519864695118,
                47.49515856952458
              ],
              [
                -122.13519720198899,
                47.49508345881366
              ],
              [
                -122.13519494924739,
                47.49496657790804
              ],
              [
                -122.13519072988763,
                47.494747307528414
              ],
              [
                -122.13518650523315,
                47.49452803631085
              ],
              [
                -122.13518228324558,
                47.49430876416396
              ],
              [
                -122.13517806131593,
                47.494089492916906
              ],
              [
                -122.13517383944426,
                47.493870222569605
              ],
              [
                -122.13516961625872,
                47.49365095133864
              ],
              [
                -122.13516539574003,
                47.49343167917849
              ],
              [
                -122.13516117262556,
                47.4932124079485
              ],
              [
                -122.13515695222274,
                47.492993137587916
              ],
              [
                -122.13515272917924,
                47.49277386635892
              ],
              [
                -122.13514850482187,
                47.492554594246315
              ],
              [
                -122.13514428450313,
                47.492335322987905
              ],
              [
                -122.13514006158861,
                47.49211605265971
              ],
              [
                -122.13513584001392,
                47.49189678141747
              ],
              [
                -122.13513303980571,
                47.49175136265975
              ],
              [
                -122.13512857316263,
                47.49151902712991
              ],
              [
                -122.13512435719893,
                47.49129965777312
              ],
              [
                -122.13512013996632,
                47.49108028933135
              ],
              [
                -122.13511592279168,
                47.4908609217894
              ],
              [
                -122.13511170428075,
                47.49064155246459
              ],
              [
                -122.1351074872219,
                47.49042218672234
              ],
              [
                -122.135103271458,
                47.49020281826746
              ],
              [
                -122.13509905190627,
                47.489983456153894
              ],
              [
                -122.1350948352232,
                47.48976410120489
              ],
              [
                -122.1350906185531,
                47.489544745357136
              ],
              [
                -122.13508640054684,
                47.48932538772654
              ],
              [
                -122.13508218394772,
                47.48910603187988
              ],
              [
                -122.13507796866598,
                47.48888667421989
              ],
              [
                -122.1350737521153,
                47.488667317475
              ],
              [
                -122.13507039080929,
                47.48849259639432
              ],
              [
                -122.1350694441664,
                47.488443233659225
              ],
              [
                -122.13506935655477,
                47.48844323286466
              ]
            ]
          ]
        ]
      }
    },
    {
      "type": "Feature",
      "properties": {
        "Neighborhood": "Falcon Ridge",
        "DataProvider": "Renton",
        "Edit_Date": "2017-04-19T00:00:00.000",
        "GlobalID": "{65BB2481-8C1C-426D-9989-29C2A86D4467}",
        "DataProvid": "Renton",
        "Shape_Length": 5024.987665552104,
        "Shape_Area": 969270.6649781018
      },
      "geometry": {
        "type": "MultiPolygon",
        "coordinates": [
          [
            [
              [
                -122.18794796969961,
                47.47312427624349
              ],
              [
                -122.18783467125628,
                47.47306561594993
              ],
              [
                -122.18779054500924,
                47.473070813185174
              ],
              [
                -122.18764990775735,
                47.47308137215415
              ],
              [
                -122.18750927049528,
                47.473091932747415
              ],
              [
                -122.18736863322297,
                47.47310249496501
              ],
              [
                -122.1872079051543,
                47.47311456328354
              ],
              [
                -122.18704717966402,
                47.47312663134283
              ],
              [
                -122.18689791507084,
                47.4731814632831
              ],
              [
                -122.18674864746457,
                47.47323629326018
              ],
              [
                -122.18659738975649,
                47.47329185383421
              ],
              [
                -122.18617820959464,
                47.473343830810016
              ],
              [
                -122.18618912910465,
                47.473453332005604
              ],
              [
                -122.18592212653584,
                47.47351686521262
              ],
              [
                -122.18564057320577,
                47.47358385641572
              ],
              [
                -122.18564498428385,
                47.47333726781445
              ],
              [
                -122.18564939801955,
                47.47309068098119
              ],
              [
                -122.18565286410602,
                47.47289690786128
              ],
              [
                -122.18581481514319,
                47.47288248736924
              ],
              [
                -122.1861097647694,
                47.47285622534562
              ],
              [
                -122.18604712188076,
                47.472648637358866
              ],
              [
                -122.18602972163484,
                47.47259097501717
              ],
              [
                -122.18618178399278,
                47.47255371016909
              ],
              [
                -122.1863338461336,
                47.472516445117336
              ],
              [
                -122.18648590805725,
                47.472479179861864
              ],
              [
                -122.18663797241632,
                47.47244191437105
              ],
              [
                -122.18680904219869,
                47.47239998890432
              ],
              [
                -122.18698010910015,
                47.472358065010056
              ],
              [
                -122.18750036581416,
                47.47223492428871
              ],
              [
                -122.18797622380693,
                47.47212228562702
              ],
              [
                -122.18812855234707,
                47.47208495199062
              ],
              [
                -122.18829961720223,
                47.472043027906395
              ],
              [
                -122.18845167899488,
                47.47200575998601
              ],
              [
                -122.18862274588997,
                47.47196383178602
              ],
              [
                -122.1887748045684,
                47.47192656346445
              ],
              [
                -122.18923310117019,
                47.47181860190623
              ],
              [
                -122.18942427703976,
                47.47177593746207
              ],
              [
                -122.18958185545698,
                47.47174077186895
              ],
              [
                -122.18986917633204,
                47.471676652384716
              ],
              [
                -122.18995032424814,
                47.47169091042241
              ],
              [
                -122.19003453237615,
                47.47170570574919
              ],
              [
                -122.19019585804871,
                47.47173404781921
              ],
              [
                -122.19023069294809,
                47.471740169453504
              ],
              [
                -122.19030434924514,
                47.47169327540382
              ],
              [
                -122.19039273512881,
                47.47163700609744
              ],
              [
                -122.19049585571547,
                47.47157135783923
              ],
              [
                -122.1905324565815,
                47.47154805648261
              ],
              [
                -122.19061370302967,
                47.47149633428155
              ],
              [
                -122.19077300798699,
                47.47143682179941
              ],
              [
                -122.19098186279514,
                47.471385649136046
              ],
              [
                -122.19115274678947,
                47.47134377863488
              ],
              [
                -122.1913236279506,
                47.47130191150538
              ],
              [
                -122.19149450879067,
                47.47126004232008
              ],
              [
                -122.19164640026182,
                47.47122282427939
              ],
              [
                -122.19181728053705,
                47.47118095280956
              ],
              [
                -122.19198816058491,
                47.471139082881116
              ],
              [
                -122.19217805183008,
                47.47109250696418
              ],
              [
                -122.19232786120594,
                47.471060299288176
              ],
              [
                -122.19247915280043,
                47.47117529671824
              ],
              [
                -122.1926120093737,
                47.47127126919812
              ],
              [
                -122.19280914122662,
                47.471400589864245
              ],
              [
                -122.19300760001317,
                47.47152041095479
              ],
              [
                -122.19305854154253,
                47.47155116619472
              ],
              [
                -122.19286902004684,
                47.471620266367665
              ],
              [
                -122.19273149678642,
                47.471680091238845
              ],
              [
                -122.192593985771,
                47.47173988880572
              ],
              [
                -122.19245647192831,
                47.471799691633635
              ],
              [
                -122.19252100499881,
                47.47185002017414
              ],
              [
                -122.19252023939325,
                47.47189111664798
              ],
              [
                -122.19251767599572,
                47.47202810982822
              ],
              [
                -122.19251536873618,
                47.47215140657168
              ],
              [
                -122.19251331747762,
                47.47226100148243
              ],
              [
                -122.19251126616356,
                47.47237059459482
              ],
              [
                -122.19250921493466,
                47.47248019130454
              ],
              [
                -122.19250639541703,
                47.47263088452062
              ],
              [
                -122.19250331981921,
                47.472795277771525
              ],
              [
                -122.1923112146817,
                47.47293607723437
              ],
              [
                -122.19214655046879,
                47.47305676430794
              ],
              [
                -122.19195037879199,
                47.473200542649124
              ],
              [
                -122.19168181805844,
                47.47323704706997
              ],
              [
                -122.19147522919735,
                47.47326512866308
              ],
              [
                -122.19131455458606,
                47.47327750621972
              ],
              [
                -122.19111370866717,
                47.47329298192428
              ],
              [
                -122.1909530339779,
                47.473305362566336
              ],
              [
                -122.19093363023701,
                47.47330685768498
              ],
              [
                -122.19089735045615,
                47.47337078742282
              ],
              [
                -122.19085381135294,
                47.47344750061305
              ],
              [
                -122.19079576170014,
                47.47354978600824
              ],
              [
                -122.19073771186655,
                47.473652073172524
              ],
              [
                -122.19067966171177,
                47.473754356710124
              ],
              [
                -122.19001513384312,
                47.47393124836178
              ],
              [
                -122.18983302178266,
                47.47393323985501
              ],
              [
                -122.18961068465418,
                47.473935668587025
              ],
              [
                -122.1893239154144,
                47.47393880375459
              ],
              [
                -122.189283488791,
                47.47393924537696
              ],
              [
                -122.18913914602851,
                47.47383629504982
              ],
              [
                -122.18898594390028,
                47.47372702739196
              ],
              [
                -122.1888745224542,
                47.47364756186269
              ],
              [
                -122.1887631013008,
                47.47356809442559
              ],
              [
                -122.18865168053348,
                47.47348862867781
              ],
              [
                -122.18853921691078,
                47.47343039809227
              ],
              [
                -122.18842675093308,
                47.473372169225556
              ],
              [
                -122.18830464787959,
                47.47330894931047
              ],
              [
                -122.18818253711706,
                47.4732457275605
              ],
              [
                -122.18806043465538,
                47.473182507382845
              ],
              [
                -122.18794796969961,
                47.47312427624349
              ]
            ]
          ]
        ]
      }
    },
    {
      "type": "Feature",
      "properties": {
        "Neighborhood": "Brookfield",
        "DataProvider": "Renton",
        "Edit_Date": "2017-04-19T00:00:00.000",
        "GlobalID": "{A6AA35FC-7607-4885-BCB7-1E889D491A95}",
        "DataProvid": "Renton",
        "Shape_Length": 2322.447755051787,
        "Shape_Area": 329642.7088266623
      },
      "geometry": {
        "type": "MultiPolygon",
        "coordinates": [
          [
            [
              [
                -122.14860137416598,
                47.49985705901102
              ],
              [
                -122.14859820902763,
                47.49971788736918
              ],
              [
                -122.14863715422509,
                47.49971823327104
              ],
              [
                -122.14882083356363,
                47.49971986926361
              ],
              [
                -122.14902316757446,
                47.4997216684285
              ],
              [
                -122.14909009890907,
                47.49972226562239
              ],
              [
                -122.1492255042986,
                47.49972346900076
              ],
              [
                -122.14929243559254,
                47.49972406427677
              ],
              [
                -122.14944806513849,
                47.49972544860511
              ],
              [
                -122.14949497418344,
                47.49972586742699
              ],
              [
                -122.14965039923788,
                47.49972724845104
              ],
              [
                -122.14969747023191,
                47.499727667111074
              ],
              [
                -122.14987296276404,
                47.49972922719194
              ],
              [
                -122.14989996899384,
                47.49972946820193
              ],
              [
                -122.15007529689282,
                47.499731026280806
              ],
              [
                -122.15010242525867,
                47.49973126762551
              ],
              [
                -122.15027763368958,
                47.49973282497843
              ],
              [
                -122.15030488153751,
                47.49973306668816
              ],
              [
                -122.15047996784625,
                47.49973462334627
              ],
              [
                -122.1505072183501,
                47.49973486497667
              ],
              [
                -122.15068230467097,
                47.49973642132288
              ],
              [
                -122.15070955252267,
                47.49973666293551
              ],
              [
                -122.15081510085808,
                47.49974110922331
              ],
              [
                -122.15091188936313,
                47.49973846050302
              ],
              [
                -122.15110399994369,
                47.49974016588971
              ],
              [
                -122.15111209250844,
                47.49974023749396
              ],
              [
                -122.15115255803217,
                47.499740597274126
              ],
              [
                -122.15129349383835,
                47.499740965771
              ],
              [
                -122.15133392649618,
                47.50109041573876
              ],
              [
                -122.15118240232638,
                47.50109400949785
              ],
              [
                -122.15118243202798,
                47.50109534231517
              ],
              [
                -122.15114196378475,
                47.50109496907144
              ],
              [
                -122.15094176954481,
                47.50109312000391
              ],
              [
                -122.1507394296336,
                47.50109125139825
              ],
              [
                -122.150537089737,
                47.50108938243205
              ],
              [
                -122.15033474985484,
                47.50108751310536
              ],
              [
                -122.15013240998717,
                47.50108564341817
              ],
              [
                -122.14993002897167,
                47.50108377294815
              ],
              [
                -122.14974784093096,
                47.50108208902038
              ],
              [
                -122.14972760813534,
                47.501081901679704
              ],
              [
                -122.14954542143478,
                47.50108021741183
              ],
              [
                -122.14952518731357,
                47.50108003005042
              ],
              [
                -122.1495049531924,
                47.50107984268546
              ],
              [
                -122.14934296079079,
                47.50107834501993
              ],
              [
                -122.14932272667092,
                47.501078157622445
              ],
              [
                -122.1493024925513,
                47.50107797022136
              ],
              [
                -122.14911927621014,
                47.50107677667312
              ],
              [
                -122.14889672295661,
                47.50107532521641
              ],
              [
                -122.14862902951461,
                47.50107358028957
              ],
              [
                -122.14862318402459,
                47.50081646751117
              ],
              [
                -122.14862006809501,
                47.50067940928431
              ],
              [
                -122.14861872840162,
                47.50062045445451
              ],
              [
                -122.14861695350893,
                47.500542351042185
              ],
              [
                -122.14861414893905,
                47.50041900403865
              ],
              [
                -122.14861383761212,
                47.500405292815564
              ],
              [
                -122.14861352493558,
                47.500391580708545
              ],
              [
                -122.14861072173169,
                47.50026823458909
              ],
              [
                -122.14860916385992,
                47.50019973426138
              ],
              [
                -122.14860846996426,
                47.50016917134543
              ],
              [
                -122.14860760584496,
                47.50013117546338
              ],
              [
                -122.14860448999728,
                47.499994117237144
              ],
              [
                -122.14860137416598,
                47.49985705901102
              ]
            ]
          ]
        ]
      }
    }
  ]
}