{
  "type": "FeatureCollection",
  "name": "Neighborhood",
  "crs": {
    "type": "name",
    "properties": {
      "name": "urn:ogc:def:crs:OGC:1.3:CRS84"
    }
  },
  "features": [
    {
      "type": "Feature",
      "properties": {
        "NAME": "Westminster Triangle",
        "ACRES": 108.83879724,
        "PERIMETER": 10451.19283596,
        "HANCODE": "WESTMIN",
        "created_user": "LBIDDISON",
        "created_date": "2015-03-31T17:06:43.000",
        "last_edited_user": "LBIDDISON",
        "last_edited_date": "2015-03-31T17:14:08.000",
        "GlobalID": "{E718A1CF-D41C-4494-B931-F706C7B89EAE}",
        "Shape_Length": 10451.192835947679,
        "Shape_Area": 4740999.043892155
      },
      "geometry": {
        "type": "MultiPolygon",
        "coordinates": [
          [
            [
              [
                -122.3451150959409,
                47.7342550894325
              ],
              [
                -122.345127490997,
                47.73425460283771
              ],
              [
                -122.34541212426743,
                47.73424375903002
              ],
              [
                -122.34571167696474,
                47.734243554486746
              ],
              [
                -122.34614431133515,
                47.734239163974955
              ],
              [
                -122.34643775696028,
                47.73421925878591
              ],
              [
                -122.34644717045038,
                47.73421736778994
              ],
              [
                -122.34645752984706,
                47.734216218887724
              ],
              [
                -122.34665466219077,
                47.734216420384236
              ],
              [
                -122.34691198885406,
                47.734216519280956
              ],
              [
                -122.34716405462491,
                47.73421661673116
              ],
              [
                -122.3474242281827,
                47.73421671582368
              ],
              [
                -122.34761636370058,
                47.73421678922781
              ],
              [
                -122.3480145762673,
                47.734217623996464
              ],
              [
                -122.350522749247,
                47.734217492436905
              ],
              [
                -122.3507306926453,
                47.73421808760244
              ],
              [
                -122.35074412859666,
                47.73421774894575
              ],
              [
                -122.3508235241899,
                47.73421521361919
              ],
              [
                -122.35115093811129,
                47.734217332611415
              ],
              [
                -122.35165841160531,
                47.7342171994777
              ],
              [
                -122.35190227335569,
                47.73421747600684
              ],
              [
                -122.3524133889768,
                47.734217055977616
              ],
              [
                -122.35292450836562,
                47.73421686121615
              ],
              [
                -122.35305081658107,
                47.734217273338864
              ],
              [
                -122.35337232496317,
                47.7342168912349
              ],
              [
                -122.35368818498559,
                47.73421674157408
              ],
              [
                -122.3541843137567,
                47.73421648382899
              ],
              [
                -122.3541844163261,
                47.73422467869898
              ],
              [
                -122.35419263294708,
                47.73422452190416
              ],
              [
                -122.35426569065184,
                47.73422465352308
              ],
              [
                -122.35426544489104,
                47.734231416073584
              ],
              [
                -122.35426589093971,
                47.7342438476958
              ],
              [
                -122.35427192808308,
                47.73424385494614
              ],
              [
                -122.35427866041744,
                47.73424386298343
              ],
              [
                -122.35531019043388,
                47.73424354420026
              ],
              [
                -122.35558549103288,
                47.734249477987056
              ],
              [
                -122.3555493073519,
                47.73466707211948
              ],
              [
                -122.3554569718484,
                47.734820621916356
              ],
              [
                -122.35534956590134,
                47.7349460482406
              ],
              [
                -122.35511294103415,
                47.73519006212249
              ],
              [
                -122.35497792802492,
                47.73532106512934
              ],
              [
                -122.35426383902599,
                47.73594884247692
              ],
              [
                -122.35321912327127,
                47.73686594658835
              ],
              [
                -122.35219547030678,
                47.737766884453265
              ],
              [
                -122.35069144408877,
                47.73910852360478
              ],
              [
                -122.34938074782907,
                47.74023643083153
              ],
              [
                -122.3477606369325,
                47.74166499196214
              ],
              [
                -122.34759538625461,
                47.741800365132725
              ],
              [
                -122.34629978610543,
                47.74308771639784
              ],
              [
                -122.34606090800817,
                47.74336698895891
              ],
              [
                -122.34589699744248,
                47.74355481882929
              ],
              [
                -122.34573654408747,
                47.74374022240646
              ],
              [
                -122.34563688073403,
                47.7438319916698
              ],
              [
                -122.34545525871224,
                47.74389594775466
              ],
              [
                -122.34534512787994,
                47.741417522147024
              ],
              [
                -122.34528832318287,
                47.738980179428154
              ],
              [
                -122.34518158027586,
                47.73682612071201
              ],
              [
                -122.3451150959409,
                47.7342550894325
              ]
            ]
          ]
        ]
      }
    },
    {
      "type": "Feature",
      "properties": {
        "NAME": "Parkwood",
        "ACRES": 373.96074552,
        "PERIMETER": 16555.66018721,
        "HANCODE": "PARKWOOD",
        "created_user": "LBIDDISON",
        "created_date": "2015-03-31T17:06:43.000",
        "last_edited_user": "LBIDDISON",
        "last_edited_date": "2015-03-31T17:14:08.000",
        "GlobalID": "{00DDCB86-CE1F-4A20-A4EB-7C02D7B40814}",
        "Shape_Length": 16555.66018722366,
        "Shape_Area": 16289664.916115455
      },
      "geometry": {
        "type": "MultiPolygon",
        "coordinates": [
          [
            [
              [
                -122.33037164366031,
                47.74503029200148
              ],
              [
                -122.33039090899074,
                47.74495167697081
              ],
              [
                -122.33042879493601,
                47.74477999865724
              ],
              [
                -122.33047967159533,
                47.74446685024146
              ],
              [
                -122.33051056086276,
                47.74412278835456
              ],
              [
                -122.33051655547185,
                47.7438914272133
              ],
              [
                -122.3305138334648,
                47.74372336782426
              ],
              [
                -122.33050412784768,
                47.743555425956046
              ],
              [
                -122.33048364320803,
                47.74334495387278
              ],
              [
                -122.33046525491719,
                47.74321038822221
              ],
              [
                -122.33043931690435,
                47.74305674538151
              ],
              [
                -122.33040815528317,
                47.742903544794885
              ],
              [
                -122.33037178648473,
                47.74275086724264
              ],
              [
                -122.33029538324053,
                47.74248440027671
              ],
              [
                -122.33022947620395,
                47.742293268768755
              ],
              [
                -122.33017404367064,
                47.742131876955895
              ],
              [
                -122.33011085014492,
                47.741971788127024
              ],
              [
                -122.33003996270759,
                47.74181317205305
              ],
              [
                -122.32996145658466,
                47.7416561969065
              ],
              [
                -122.32987541509038,
                47.74150102914237
              ],
              [
                -122.32985628225104,
                47.74146793173898
              ],
              [
                -122.32984311601965,
                47.741467792767416
              ],
              [
                -122.32974669977523,
                47.741302279825334
              ],
              [
                -122.32978857149494,
                47.74130271605658
              ],
              [
                -122.32925363233984,
                47.740417881993054
              ],
              [
                -122.32920942863524,
                47.740417391898845
              ],
              [
                -122.32894558956716,
                47.73997933849448
              ],
              [
                -122.32868658291392,
                47.73955482465847
              ],
              [
                -122.32851257828624,
                47.73926775551886
              ],
              [
                -122.3279410339641,
                47.738417263229714
              ],
              [
                -122.32785808457606,
                47.73829382918149
              ],
              [
                -122.32723635539605,
                47.73727080549481
              ],
              [
                -122.32699503077082,
                47.73687262948134
              ],
              [
                -122.32693483015585,
                47.73681138240813
              ],
              [
                -122.3268805169709,
                47.73675612402362
              ],
              [
                -122.3267755365157,
                47.73658291066159
              ],
              [
                -122.32671869236553,
                47.736453683110625
              ],
              [
                -122.32639717834849,
                47.73572279443757
              ],
              [
                -122.32636540190033,
                47.73572259916439
              ],
              [
                -122.32636403093632,
                47.7356474387216
              ],
              [
                -122.32630954709134,
                47.73550486817198
              ],
              [
                -122.32626511609163,
                47.735360719333315
              ],
              [
                -122.32623083723897,
                47.735215314602854
              ],
              [
                -122.32604498971479,
                47.73443571254467
              ],
              [
                -122.32598012959247,
                47.73416104080575
              ],
              [
                -122.32603628835494,
                47.73416148546349
              ],
              [
                -122.32611125067699,
                47.734162072163834
              ],
              [
                -122.32619892398239,
                47.734162774138824
              ],
              [
                -122.32632089153635,
                47.73416377861067
              ],
              [
                -122.32649479092973,
                47.7341653902362
              ],
              [
                -122.32650356178587,
                47.73416508602026
              ],
              [
                -122.32651240001324,
                47.73416515053303
              ],
              [
                -122.32693559754173,
                47.73416830376014
              ],
              [
                -122.32699613883902,
                47.73416875535864
              ],
              [
                -122.32724778674178,
                47.73417062970255
              ],
              [
                -122.32754782328996,
                47.7341728621761
              ],
              [
                -122.3277884607617,
                47.73417465193642
              ],
              [
                -122.3280368357187,
                47.7341765006991
              ],
              [
                -122.3282836609466,
                47.7341783362252
              ],
              [
                -122.32851206166065,
                47.734180031858756
              ],
              [
                -122.32868557163734,
                47.73418132285016
              ],
              [
                -122.32869304513939,
                47.73418127711576
              ],
              [
                -122.32870049850536,
                47.734181667584664
              ],
              [
                -122.32870787474076,
                47.73418248938057
              ],
              [
                -122.32871512276611,
                47.73418312680146
              ],
              [
                -122.3290718629631,
                47.73418504839198
              ],
              [
                -122.3290808604181,
                47.73418447369865
              ],
              [
                -122.32908970543897,
                47.73418414427919
              ],
              [
                -122.32909645174819,
                47.734183715708774
              ],
              [
                -122.32910245340156,
                47.734184479083716
              ],
              [
                -122.32934503603633,
                47.734186352450635
              ],
              [
                -122.32962677370234,
                47.73418853080617
              ],
              [
                -122.32993307954854,
                47.7341875845418
              ],
              [
                -122.33040195888265,
                47.73419750881114
              ],
              [
                -122.3304121586039,
                47.73419606216566
              ],
              [
                -122.33042391439511,
                47.734195203151984
              ],
              [
                -122.33043634432897,
                47.73419477944743
              ],
              [
                -122.33077155419157,
                47.734197369525845
              ],
              [
                -122.33101584980018,
                47.73419925529156
              ],
              [
                -122.33125861530873,
                47.734201129807886
              ],
              [
                -122.3315145661993,
                47.73420310518291
              ],
              [
                -122.33175523404624,
                47.734205582506675
              ],
              [
                -122.33213311216319,
                47.73420831404875
              ],
              [
                -122.33242159975549,
                47.73421039854948
              ],
              [
                -122.33271011673453,
                47.734213038899924
              ],
              [
                -122.33299691134465,
                47.73421430448785
              ],
              [
                -122.33322826203863,
                47.73421602395596
              ],
              [
                -122.33353186438168,
                47.734217899510746
              ],
              [
                -122.33381971982546,
                47.73421965067353
              ],
              [
                -122.33408191687413,
                47.73422158953689
              ],
              [
                -122.33409213784893,
                47.73422031675371
              ],
              [
                -122.33410252085159,
                47.73422019409965
              ],
              [
                -122.33411147075596,
                47.73421993390092
              ],
              [
                -122.3341200492641,
                47.73422116859597
              ],
              [
                -122.33430324226215,
                47.73421925642196
              ],
              [
                -122.3344650464567,
                47.73422812082593
              ],
              [
                -122.33447116474069,
                47.734226530661466
              ],
              [
                -122.33447817971872,
                47.73422517185095
              ],
              [
                -122.33448426861071,
                47.73422431701911
              ],
              [
                -122.33449446257919,
                47.73422368986235
              ],
              [
                -122.33451857307067,
                47.73422368864164
              ],
              [
                -122.33486075347456,
                47.73422367071216
              ],
              [
                -122.33487721295334,
                47.73422329003724
              ],
              [
                -122.33497325292757,
                47.734223360410304
              ],
              [
                -122.33497955486621,
                47.73422369122553
              ],
              [
                -122.33537642309497,
                47.73422364111596
              ],
              [
                -122.33538549884007,
                47.73422364887116
              ],
              [
                -122.33564609405107,
                47.73422387364502
              ],
              [
                -122.33588053527012,
                47.734224076883685
              ],
              [
                -122.3361247475639,
                47.73422428620239
              ],
              [
                -122.33636815548383,
                47.73422449468752
              ],
              [
                -122.33687641627597,
                47.734225840548426
              ],
              [
                -122.33712023887026,
                47.73422433982327
              ],
              [
                -122.33751987272218,
                47.734223873922566
              ],
              [
                -122.33776377886218,
                47.73422379649117
              ],
              [
                -122.33801800840463,
                47.734219967875894
              ],
              [
                -122.33909437695807,
                47.73421730312049
              ],
              [
                -122.339581840399,
                47.73422081406203
              ],
              [
                -122.33982571240503,
                47.734220982990124
              ],
              [
                -122.34008213776758,
                47.73422078638772
              ],
              [
                -122.34032516313562,
                47.73422092154989
              ],
              [
                -122.34037653585062,
                47.73422095062433
              ],
              [
                -122.34092827614138,
                47.73421676601684
              ],
              [
                -122.34117187282438,
                47.734221724918505
              ],
              [
                -122.34172921221749,
                47.734221745203435
              ],
              [
                -122.3422865464262,
                47.73422198758164
              ],
              [
                -122.34253141867609,
                47.734273573519864
              ],
              [
                -122.34374075861957,
                47.7342722268859
              ],
              [
                -122.34396986989582,
                47.73427201444895
              ],
              [
                -122.34469054396041,
                47.73427175542522
              ],
              [
                -122.3451150959409,
                47.7342550894325
              ],
              [
                -122.34518158027586,
                47.73682612071201
              ],
              [
                -122.34528832318287,
                47.738980179428154
              ],
              [
                -122.34534512787994,
                47.741417522147024
              ],
              [
                -122.34545525871224,
                47.74389594775466
              ],
              [
                -122.34543473919193,
                47.74505787859123
              ],
              [
                -122.34405485949665,
                47.745061142075706
              ],
              [
                -122.34269774231213,
                47.7450642607103
              ],
              [
                -122.34135153711999,
                47.745065293490704
              ],
              [
                -122.34060922483488,
                47.74507760631164
              ],
              [
                -122.34001251348151,
                47.74507555294047
              ],
              [
                -122.33868481520709,
                47.74506136502584
              ],
              [
                -122.33730932411963,
                47.74507028028244
              ],
              [
                -122.3359638368271,
                47.745068297538644
              ],
              [
                -122.3346037201956,
                47.74507229660931
              ],
              [
                -122.3325819283312,
                47.74509752425655
              ],
              [
                -122.33201581997982,
                47.74507971725108
              ],
              [
                -122.33037164366031,
                47.74503029200148
              ]
            ]
          ]
        ]
      }
    },
    {
      "type": "Feature",
      "properties": {
        "NAME": "The Highlands",
        "ACRES": 553.14866289,
        "PERIMETER": 22211.82164884,
        "HANCODE": "HIGHLANDS",
        "created_user": "LBIDDISON",
        "created_date": "2015-03-31T17:06:43.000",
        "last_edited_user": "LBIDDISON",
        "last_edited_date": "2015-03-31T17:14:08.000",
        "GlobalID": "{482D9C81-4D3B-4A9D-97D5-07FCFAF5A856}",
        "Shape_Length": 22211.82164879907,
        "Shape_Area": 24095059.37494643
      },
      "geometry": {
        "type": "MultiPolygon",
        "coordinates": [
          [
            [
              [
                -122.37485927648402,
                47.748785964209645
              ],
              [
                -122.37443404623221,
                47.74878375939144
              ],
              [
                -122.37316466515377,
                47.74877716831945
              ],
              [
                -122.37184404893348,
                47.74877029616971
              ],
              [
                -122.3718382699358,
                47.74836600152721
              ],
              [
                -122.37143389567258,
                47.74836275467103
              ],
              [
                -122.37142903027471,
                47.74801512791749
              ],
              [
                -122.37137103430213,
                47.74801487240197
              ],
              [
                -122.37042753990961,
                47.748008324367675
              ],
              [
                -122.37026274783918,
                47.74800759570948
              ],
              [
                -122.36991310576508,
                47.7480060465017
              ],
              [
                -122.3695888567552,
                47.748004609852636
              ],
              [
                -122.3691037824338,
                47.74800246005587
              ],
              [
                -122.36836824009161,
                47.74799919715783
              ],
              [
                -122.36761915438227,
                47.74799586564774
              ],
              [
                -122.36761171624222,
                47.74785100545201
              ],
              [
                -122.36760144198293,
                47.74667993445615
              ],
              [
                -122.3675954591248,
                47.746002531925825
              ],
              [
                -122.3671871090651,
                47.74510673296358
              ],
              [
                -122.36696573025775,
                47.74509597638649
              ],
              [
                -122.36661351850401,
                47.74509392318132
              ],
              [
                -122.36648441296657,
                47.74510605009496
              ],
              [
                -122.36647956227029,
                47.74510355091747
              ],
              [
                -122.36600715033182,
                47.7451034218556
              ],
              [
                -122.36563661201708,
                47.74509713098694
              ],
              [
                -122.36559808914159,
                47.745098959667196
              ],
              [
                -122.36518810017448,
                47.74509659626569
              ],
              [
                -122.36478676874736,
                47.74509308341171
              ],
              [
                -122.36437985162111,
                47.74508988915357
              ],
              [
                -122.36315844683487,
                47.745082643541046
              ],
              [
                -122.36193168084745,
                47.74507426216302
              ],
              [
                -122.36040934237731,
                47.745063950107685
              ],
              [
                -122.36039606165723,
                47.74469137281718
              ],
              [
                -122.36035787593393,
                47.74142942140002
              ],
              [
                -122.35887227804915,
                47.74142176832256
              ],
              [
                -122.35798419807982,
                47.74141422038664
              ],
              [
                -122.35564752512533,
                47.74140081186902
              ],
              [
                -122.35564751356657,
                47.73774126552235
              ],
              [
                -122.3556436662229,
                47.736864149473824
              ],
              [
                -122.35563950198369,
                47.735953763561035
              ],
              [
                -122.35562901540548,
                47.73513457761903
              ],
              [
                -122.35562923907366,
                47.734775478872606
              ],
              [
                -122.3555493073519,
                47.73466707211948
              ],
              [
                -122.35558549103288,
                47.734249477987056
              ],
              [
                -122.35558535749944,
                47.73423374908476
              ],
              [
                -122.35558452625422,
                47.73413581583224
              ],
              [
                -122.35559646171411,
                47.734135863107
              ],
              [
                -122.35581979607068,
                47.73413641147952
              ],
              [
                -122.35618494429814,
                47.73413721430359
              ],
              [
                -122.3582086837267,
                47.734140300575966
              ],
              [
                -122.35914970179421,
                47.73414210295044
              ],
              [
                -122.35918287580695,
                47.73414216634873
              ],
              [
                -122.36023241352139,
                47.734144971181834
              ],
              [
                -122.36094470324261,
                47.734146322312114
              ],
              [
                -122.3609556692656,
                47.73414628745557
              ],
              [
                -122.36105205481425,
                47.73414647204715
              ],
              [
                -122.36105934323415,
                47.73414648398757
              ],
              [
                -122.36106663167183,
                47.734146495927284
              ],
              [
                -122.36114854271311,
                47.73414664338655
              ],
              [
                -122.36204881214302,
                47.73414838266504
              ],
              [
                -122.36211006331715,
                47.73414850071637
              ],
              [
                -122.36217127657018,
                47.734148618714435
              ],
              [
                -122.36416452383715,
                47.73415244218948
              ],
              [
                -122.366302054387,
                47.73415647486114
              ],
              [
                -122.36630779568453,
                47.734156456599926
              ],
              [
                -122.36631353702727,
                47.73415643624702
              ],
              [
                -122.36644169565486,
                47.73415660824357
              ],
              [
                -122.36770114186713,
                47.734158546394454
              ],
              [
                -122.36846543705329,
                47.734159813177165
              ],
              [
                -122.36870538411813,
                47.734160245689644
              ],
              [
                -122.37035005893343,
                47.7341632437287
              ],
              [
                -122.37048917483865,
                47.734163432852384
              ],
              [
                -122.37168306678745,
                47.73416557701527
              ],
              [
                -122.37168977589215,
                47.73416558717403
              ],
              [
                -122.37169648499862,
                47.734165597392426
              ],
              [
                -122.37176733857311,
                47.734165727162825
              ],
              [
                -122.37209898895065,
                47.734166308470584
              ],
              [
                -122.37217371160638,
                47.734166441028854
              ],
              [
                -122.3725129149189,
                47.73416702027502
              ],
              [
                -122.37420969442852,
                47.73416989227243
              ],
              [
                -122.37421713193115,
                47.734169904939
              ],
              [
                -122.3742245694064,
                47.73416991788186
              ],
              [
                -122.37425474553146,
                47.73416997236149
              ],
              [
                -122.37433382557172,
                47.73417010606344
              ],
              [
                -122.37442823726528,
                47.73417026716194
              ],
              [
                -122.37447559727087,
                47.73417034824249
              ],
              [
                -122.3744826559541,
                47.734170360242544
              ],
              [
                -122.37448971463454,
                47.73417037214612
              ],
              [
                -122.3745366549359,
                47.734170451109904
              ],
              [
                -122.37454617619917,
                47.734170467152836
              ],
              [
                -122.37455569746314,
                47.73417048321894
              ],
              [
                -122.37460246655648,
                47.7341705620659
              ],
              [
                -122.37463112742596,
                47.734170610377895
              ],
              [
                -122.37463759018438,
                47.73422254798732
              ],
              [
                -122.37464730419217,
                47.73432574081745
              ],
              [
                -122.37527719927384,
                47.73580414263298
              ],
              [
                -122.37544150735191,
                47.736179277140955
              ],
              [
                -122.37596905665414,
                47.7373490991048
              ],
              [
                -122.37616671286482,
                47.73783711086142
              ],
              [
                -122.37622058381613,
                47.73797011619113
              ],
              [
                -122.37631566230125,
                47.73825633312883
              ],
              [
                -122.37680955512967,
                47.73941313539442
              ],
              [
                -122.3769234555875,
                47.739666527697935
              ],
              [
                -122.37695936848823,
                47.73974802404636
              ],
              [
                -122.37715804800048,
                47.74015861956487
              ],
              [
                -122.37716920006434,
                47.740177157338934
              ],
              [
                -122.37746632541563,
                47.74067105540921
              ],
              [
                -122.37780082026948,
                47.741169664055576
              ],
              [
                -122.37814812073691,
                47.74165011506642
              ],
              [
                -122.37842562259355,
                47.74202369994099
              ],
              [
                -122.37896102906262,
                47.742758291543275
              ],
              [
                -122.37925885809835,
                47.743166910615045
              ],
              [
                -122.37968115414816,
                47.743704751676844
              ],
              [
                -122.38067480232145,
                47.74508835512464
              ],
              [
                -122.38157606014352,
                47.746275553842146
              ],
              [
                -122.38186733011737,
                47.74666242835389
              ],
              [
                -122.38190902228672,
                47.74672026038163
              ],
              [
                -122.38205701403359,
                47.74699228348207
              ],
              [
                -122.38222006609594,
                47.74732248689653
              ],
              [
                -122.38238484379875,
                47.74771107742113
              ],
              [
                -122.38239350371113,
                47.74772865011587
              ],
              [
                -122.38241061250616,
                47.74778111684198
              ],
              [
                -122.38243000764419,
                47.74782977455243
              ],
              [
                -122.38243145525253,
                47.74784209354638
              ],
              [
                -122.38247890168206,
                47.74796136275734
              ],
              [
                -122.38251317692323,
                47.748216958660464
              ],
              [
                -122.3825080946103,
                47.748388446713086
              ],
              [
                -122.38250259334465,
                47.74853154880934
              ],
              [
                -122.38244562405576,
                47.74882543314377
              ],
              [
                -122.38206017768718,
                47.7488231794823
              ],
              [
                -122.38195557920383,
                47.74882138008862
              ],
              [
                -122.374861826223,
                47.74878359851321
              ],
              [
                -122.37485927648402,
                47.748785964209645
              ]
            ]
          ]
        ]
      }
    },
    {
      "type": "Feature",
      "properties": {
        "NAME": "Highland Terrace",
        "ACRES": 442.78340822,
        "PERIMETER": 25278.32858558,
        "HANCODE": "HIGHLAND",
        "created_user": "LBIDDISON",
        "created_date": "2015-03-31T17:06:43.000",
        "last_edited_user": "LBIDDISON",
        "last_edited_date": "2015-03-31T17:14:08.000",
        "GlobalID": "{84B3946C-7838-433C-8F75-6D0A575AE0B3}",
        "Shape_Length": 25278.328585537154,
        "Shape_Area": 19287568.111527767
      },
      "geometry": {
        "type": "MultiPolygon",
        "coordinates": [
          [
            [
              [
                -122.34549914063305,
                47.74869770274657
              ],
              [
                -122.34545455211547,
                47.74687811008483
              ],
              [
                -122.34543473919193,
                47.74505787859123
              ],
              [
                -122.34545525871224,
                47.74389594775466
              ],
              [
                -122.34563688073403,
                47.7438319916698
              ],
              [
                -122.34573654408747,
                47.74374022240646
              ],
              [
                -122.34589699744248,
                47.74355481882929
              ],
              [
                -122.34606090800817,
                47.74336698895891
              ],
              [
                -122.34629978610543,
                47.74308771639784
              ],
              [
                -122.34759538625461,
                47.741800365132725
              ],
              [
                -122.3477606369325,
                47.74166499196214
              ],
              [
                -122.34938074782907,
                47.74023643083153
              ],
              [
                -122.35069144408877,
                47.73910852360478
              ],
              [
                -122.35219547030678,
                47.737766884453265
              ],
              [
                -122.35321912327127,
                47.73686594658835
              ],
              [
                -122.35426383902599,
                47.73594884247692
              ],
              [
                -122.35497792802492,
                47.73532106512934
              ],
              [
                -122.35511294103415,
                47.73519006212249
              ],
              [
                -122.35534956590134,
                47.7349460482406
              ],
              [
                -122.3554569718484,
                47.734820621916356
              ],
              [
                -122.3555493073519,
                47.73466707211948
              ],
              [
                -122.35562923907366,
                47.734775478872606
              ],
              [
                -122.35562901540548,
                47.73513457761903
              ],
              [
                -122.35563950198369,
                47.735953763561035
              ],
              [
                -122.3556436662229,
                47.736864149473824
              ],
              [
                -122.35564751356657,
                47.73774126552235
              ],
              [
                -122.35564752512533,
                47.74140081186902
              ],
              [
                -122.35798419807982,
                47.74141422038664
              ],
              [
                -122.35887227804915,
                47.74142176832256
              ],
              [
                -122.36035787593393,
                47.74142942140002
              ],
              [
                -122.36039606165723,
                47.74469137281718
              ],
              [
                -122.36040934237731,
                47.745063950107685
              ],
              [
                -122.36193168084745,
                47.74507426216302
              ],
              [
                -122.36315844683487,
                47.745082643541046
              ],
              [
                -122.36437985162111,
                47.74508988915357
              ],
              [
                -122.36478676874736,
                47.74509308341171
              ],
              [
                -122.36518810017448,
                47.74509659626569
              ],
              [
                -122.36559808914159,
                47.745098959667196
              ],
              [
                -122.36563661201708,
                47.74509713098694
              ],
              [
                -122.36600715033182,
                47.7451034218556
              ],
              [
                -122.36647956227029,
                47.74510355091747
              ],
              [
                -122.36648441296657,
                47.74510605009496
              ],
              [
                -122.36661351850401,
                47.74509392318132
              ],
              [
                -122.36696573025775,
                47.74509597638649
              ],
              [
                -122.3671871090651,
                47.74510673296358
              ],
              [
                -122.3675954591248,
                47.746002531925825
              ],
              [
                -122.36760144198293,
                47.74667993445615
              ],
              [
                -122.36761171624222,
                47.74785100545201
              ],
              [
                -122.36761915438227,
                47.74799586564774
              ],
              [
                -122.36836824009161,
                47.74799919715783
              ],
              [
                -122.3691037824338,
                47.74800246005587
              ],
              [
                -122.3695888567552,
                47.748004609852636
              ],
              [
                -122.36991310576508,
                47.7480060465017
              ],
              [
                -122.37026274783918,
                47.74800759570948
              ],
              [
                -122.37042753990961,
                47.748008324367675
              ],
              [
                -122.37137103430213,
                47.74801487240197
              ],
              [
                -122.37142903027471,
                47.74801512791749
              ],
              [
                -122.37143389567258,
                47.74836275467103
              ],
              [
                -122.3718382699358,
                47.74836600152721
              ],
              [
                -122.37184404893348,
                47.74877029616971
              ],
              [
                -122.37316466515377,
                47.74877716831945
              ],
              [
                -122.37443404623221,
                47.74878375939144
              ],
              [
                -122.37485927648402,
                47.748785964209645
              ],
              [
                -122.37473474719755,
                47.74890150395243
              ],
              [
                -122.37436987554234,
                47.74896319049711
              ],
              [
                -122.37342106284706,
                47.74912359316951
              ],
              [
                -122.37297873707071,
                47.749300817149724
              ],
              [
                -122.3726619175172,
                47.74923198055686
              ],
              [
                -122.37247925932553,
                47.749285294633424
              ],
              [
                -122.37224649954288,
                47.74973754810162
              ],
              [
                -122.3720463552536,
                47.749922511509226
              ],
              [
                -122.37193861252537,
                47.750186230559564
              ],
              [
                -122.37170161456754,
                47.75029948011598
              ],
              [
                -122.37128700183365,
                47.75034702829818
              ],
              [
                -122.37125411495585,
                47.750381748867156
              ],
              [
                -122.3711951017828,
                47.75044405491666
              ],
              [
                -122.37120435120275,
                47.750724045081064
              ],
              [
                -122.37108046543747,
                47.750848261513
              ],
              [
                -122.37091319148789,
                47.751000669743966
              ],
              [
                -122.37074634131112,
                47.75180809212257
              ],
              [
                -122.37032260285399,
                47.75208654254187
              ],
              [
                -122.37004871651308,
                47.752266518515064
              ],
              [
                -122.36960429193256,
                47.7527613329439
              ],
              [
                -122.36943312870147,
                47.7529519000665
              ],
              [
                -122.3693519309846,
                47.752969408038645
              ],
              [
                -122.36900896268789,
                47.7530453541099
              ],
              [
                -122.36866232159787,
                47.75314433532432
              ],
              [
                -122.36855741271756,
                47.75317481797439
              ],
              [
                -122.36835354305653,
                47.75327880964274
              ],
              [
                -122.3681994084753,
                47.75330576969392
              ],
              [
                -122.36803466386648,
                47.75340021626077
              ],
              [
                -122.36800350511047,
                47.75341807923852
              ],
              [
                -122.36770805203913,
                47.753511433392475
              ],
              [
                -122.36760468367264,
                47.75354409434942
              ],
              [
                -122.36741416633751,
                47.75362400326559
              ],
              [
                -122.36738649672037,
                47.753629246621074
              ],
              [
                -122.3670431893927,
                47.753694302350716
              ],
              [
                -122.36688209931906,
                47.753687664631855
              ],
              [
                -122.36675911089648,
                47.7536825967636
              ],
              [
                -122.36655698340007,
                47.75378065603041
              ],
              [
                -122.36656044479489,
                47.75236607525752
              ],
              [
                -122.36360261213568,
                47.75234712380592
              ],
              [
                -122.35975512313314,
                47.7523225437155
              ],
              [
                -122.35954392473197,
                47.752329834086524
              ],
              [
                -122.35927560710385,
                47.75205293114768
              ],
              [
                -122.35893244356468,
                47.75179017394461
              ],
              [
                -122.35873475619911,
                47.75163515144317
              ],
              [
                -122.35846594527307,
                47.75148107918546
              ],
              [
                -122.35808719716445,
                47.75130304198409
              ],
              [
                -122.35637001112377,
                47.75049284819121
              ],
              [
                -122.35647242621378,
                47.750115254534855
              ],
              [
                -122.35648652775093,
                47.75001583729863
              ],
              [
                -122.35648029510907,
                47.749816293604596
              ],
              [
                -122.35646000282621,
                47.7497173642515
              ],
              [
                -122.35642839944995,
                47.749619791885436
              ],
              [
                -122.35633208109549,
                47.74943106477816
              ],
              [
                -122.35594124868332,
                47.74893236040485
              ],
              [
                -122.3558596867869,
                47.74880304947488
              ],
              [
                -122.35575845123208,
                47.74859094907615
              ],
              [
                -122.35303114822543,
                47.748676803467426
              ],
              [
                -122.35270560062908,
                47.74867753142029
              ],
              [
                -122.35215659815407,
                47.74867908395991
              ],
              [
                -122.35081139596919,
                47.74868121352707
              ],
              [
                -122.34941404901147,
                47.748686799218866
              ],
              [
                -122.34815097366729,
                47.748682668667364
              ],
              [
                -122.34549914063305,
                47.74869770274657
              ]
            ]
          ]
        ]
      }
    },
    {
      "type": "Feature",
      "properties": {
        "NAME": "Ridgecrest",
        "ACRES": 670.44634108,
        "PERIMETER": 22971.93163417,
        "HANCODE": "RIDGECREST",
        "created_user": "LBIDDISON",
        "created_date": "2015-03-31T17:06:43.000",
        "last_edited_user": "LBIDDISON",
        "last_edited_date": "2015-03-31T17:14:08.000",
        "GlobalID": "{39A656AF-2668-41AA-A594-CA57953BCFC9}",
        "Shape_Length": 22971.9316341519,
        "Shape_Area": 29204525.798803374
      },
      "geometry": {
        "type": "MultiPolygon",
        "coordinates": [
          [
            [
              [
                -122.31316229911191,
                47.74848367039385
              ],
              [
                -122.3130787534572,
                47.74604694038224
              ],
              [
                -122.31303430328862,
                47.74514074629692
              ],
              [
                -122.31302599697543,
                47.74364481096924
              ],
              [
                -122.31295981904712,
                47.74120467381089
              ],
              [
                -122.31294008861816,
                47.740478052595094
              ],
              [
                -122.31292168853152,
                47.73980043816028
              ],
              [
                -122.31289417586322,
                47.73878715284299
              ],
              [
                -122.31287276194718,
                47.73808417991975
              ],
              [
                -122.31285735862652,
                47.73757851301545
              ],
              [
                -122.31283031129091,
                47.73667616445313
              ],
              [
                -122.31282862842863,
                47.736365372704896
              ],
              [
                -122.31280602220546,
                47.7357715781763
              ],
              [
                -122.31278543023902,
                47.73486748399478
              ],
              [
                -122.3127656190734,
                47.73404708952653
              ],
              [
                -122.31277713220844,
                47.7340478821096
              ],
              [
                -122.3129837568391,
                47.734062106356404
              ],
              [
                -122.31299361496401,
                47.73406389349779
              ],
              [
                -122.3130039274321,
                47.73406403638378
              ],
              [
                -122.3130129087098,
                47.73406410902611
              ],
              [
                -122.31329273032216,
                47.73406690440601
              ],
              [
                -122.31329568767131,
                47.734072098203775
              ],
              [
                -122.31365205474239,
                47.73407581467022
              ],
              [
                -122.31366057083778,
                47.734075897648765
              ],
              [
                -122.31388593319426,
                47.73407800771077
              ],
              [
                -122.31410749079575,
                47.73408006598134
              ],
              [
                -122.31435262958317,
                47.734082372455816
              ],
              [
                -122.31459602821677,
                47.73408462258673
              ],
              [
                -122.31459667811087,
                47.73408027924089
              ],
              [
                -122.31459715532512,
                47.73406557371811
              ],
              [
                -122.31459788536648,
                47.73405722044193
              ],
              [
                -122.31483959333477,
                47.73405954823059
              ],
              [
                -122.31508511162417,
                47.73406183652138
              ],
              [
                -122.31532683128381,
                47.73406405906826
              ],
              [
                -122.31557309103783,
                47.73406640331581
              ],
              [
                -122.31611974947336,
                47.73407170806371
              ],
              [
                -122.31636306275394,
                47.73407405321185
              ],
              [
                -122.31676782730435,
                47.73407794078901
              ],
              [
                -122.31739264067065,
                47.73408397549718
              ],
              [
                -122.31796584591609,
                47.73408947323491
              ],
              [
                -122.31825228596664,
                47.73408810744991
              ],
              [
                -122.3186404800493,
                47.734091810072954
              ],
              [
                -122.31903674674203,
                47.7340954142394
              ],
              [
                -122.319291042044,
                47.73409777874054
              ],
              [
                -122.31954192256094,
                47.73410010927078
              ],
              [
                -122.31979459160421,
                47.73410245641064
              ],
              [
                -122.32004195514244,
                47.73410475446155
              ],
              [
                -122.32046467673874,
                47.73410882206889
              ],
              [
                -122.32052836440333,
                47.73410919215703
              ],
              [
                -122.32069389304408,
                47.734110373620965
              ],
              [
                -122.32093983388035,
                47.73411348494819
              ],
              [
                -122.32113047227374,
                47.73411548087108
              ],
              [
                -122.3213539219763,
                47.7341178020892
              ],
              [
                -122.32162166654152,
                47.734120572388875
              ],
              [
                -122.32187374302885,
                47.73412317565388
              ],
              [
                -122.32212562689305,
                47.73412534051554
              ],
              [
                -122.32237149790711,
                47.734128559976035
              ],
              [
                -122.32262135231684,
                47.734131119212186
              ],
              [
                -122.32287294778601,
                47.73413365081463
              ],
              [
                -122.32301010165938,
                47.734134980695934
              ],
              [
                -122.32312454734675,
                47.73413618021094
              ],
              [
                -122.32337595348436,
                47.73413827290061
              ],
              [
                -122.32349912993035,
                47.73413935119447
              ],
              [
                -122.32353896476779,
                47.73545533345712
              ],
              [
                -122.32365888478793,
                47.73545406141281
              ],
              [
                -122.32430430862865,
                47.735444410884476
              ],
              [
                -122.32439884056942,
                47.735449761804546
              ],
              [
                -122.32449193076205,
                47.735462079991954
              ],
              [
                -122.32458245433374,
                47.7354812166199
              ],
              [
                -122.32466931741827,
                47.735506940426696
              ],
              [
                -122.32475147038144,
                47.73553894057002
              ],
              [
                -122.32482792048467,
                47.73557683039037
              ],
              [
                -122.32489774391497,
                47.73562015202325
              ],
              [
                -122.32496009691633,
                47.73566838197252
              ],
              [
                -122.3250142260176,
                47.73572093744035
              ],
              [
                -122.32505947708707,
                47.73577718335773
              ],
              [
                -122.32513651186726,
                47.73588688697499
              ],
              [
                -122.32516680849804,
                47.73588690524483
              ],
              [
                -122.32536654796603,
                47.73622440889322
              ],
              [
                -122.32548670842702,
                47.73641779682827
              ],
              [
                -122.32572635129864,
                47.73680057744931
              ],
              [
                -122.32575861438043,
                47.73680086653888
              ],
              [
                -122.3258123307663,
                47.73680134820256
              ],
              [
                -122.3260831375047,
                47.73725151493193
              ],
              [
                -122.32630230581321,
                47.7376131422217
              ],
              [
                -122.32667335071193,
                47.7382253570505
              ],
              [
                -122.32681683026426,
                47.738462090995846
              ],
              [
                -122.32691773282262,
                47.738628571125524
              ],
              [
                -122.32747179803158,
                47.739542718760106
              ],
              [
                -122.32802611641294,
                47.74045724646045
              ],
              [
                -122.32799642203817,
                47.740456939814074
              ],
              [
                -122.32800229453629,
                47.74052660528754
              ],
              [
                -122.32879146243921,
                47.741836860962536
              ],
              [
                -122.32886791928368,
                47.74181832916243
              ],
              [
                -122.32905298092814,
                47.742208787286415
              ],
              [
                -122.32910393063001,
                47.742312235326665
              ],
              [
                -122.32917042675143,
                47.742485539533185
              ],
              [
                -122.32922878659934,
                47.74266017213161
              ],
              [
                -122.32929271069291,
                47.74480939014727
              ],
              [
                -122.32909039155683,
                47.7455446597615
              ],
              [
                -122.32898737714072,
                47.745921020233226
              ],
              [
                -122.32890102840145,
                47.74623089207873
              ],
              [
                -122.32853115959715,
                47.746741896567535
              ],
              [
                -122.32850613994452,
                47.7468315767503
              ],
              [
                -122.3284164953568,
                47.74715759731352
              ],
              [
                -122.32833645994043,
                47.74751295390842
              ],
              [
                -122.32831611141795,
                47.74762151173655
              ],
              [
                -122.32827736439948,
                47.748004472450646
              ],
              [
                -122.32826822061215,
                47.74828654618286
              ],
              [
                -122.32826929581917,
                47.748425501376296
              ],
              [
                -122.32827381556001,
                47.748564425012916
              ],
              [
                -122.32828568155753,
                47.74873343403996
              ],
              [
                -122.32832121370566,
                47.749013538197076
              ],
              [
                -122.32839302895185,
                47.74938329645629
              ],
              [
                -122.32846713249262,
                47.74966383803719
              ],
              [
                -122.3285199537098,
                47.74982927952736
              ],
              [
                -122.32853119810105,
                47.74985616985418
              ],
              [
                -122.32862646892504,
                47.75011248276738
              ],
              [
                -122.32874640485358,
                47.75039050891141
              ],
              [
                -122.32890554133661,
                47.750558816759224
              ],
              [
                -122.32900100512774,
                47.75077153413725
              ],
              [
                -122.32914984682894,
                47.751107052028935
              ],
              [
                -122.32928654386212,
                47.751437200752676
              ],
              [
                -122.3293837957098,
                47.751590764338346
              ],
              [
                -122.32944161642892,
                47.751770823767814
              ],
              [
                -122.32955596963242,
                47.75221977386026
              ],
              [
                -122.32958774026702,
                47.75238469349721
              ],
              [
                -122.32952183382871,
                47.7523838871424
              ],
              [
                -122.32956586709949,
                47.754434187800456
              ],
              [
                -122.32925158021057,
                47.75510833911429
              ],
              [
                -122.3291644427975,
                47.755108229815214
              ],
              [
                -122.3289415994478,
                47.75547872033102
              ],
              [
                -122.32880110546019,
                47.75568653131106
              ],
              [
                -122.32871645041635,
                47.755930076499475
              ],
              [
                -122.32759357621201,
                47.755918559790956
              ],
              [
                -122.326772465139,
                47.755907871961384
              ],
              [
                -122.32408941726553,
                47.75587290755946
              ],
              [
                -122.32142720778593,
                47.75583959959213
              ],
              [
                -122.31878242286011,
                47.755810507412214
              ],
              [
                -122.317374329812,
                47.7557944346557
              ],
              [
                -122.3161311312977,
                47.75577870736986
              ],
              [
                -122.31349421072824,
                47.75574701880407
              ],
              [
                -122.31341257752935,
                47.7539574357631
              ],
              [
                -122.31336957502799,
                47.75303007496625
              ],
              [
                -122.31332666544284,
                47.75211033241203
              ],
              [
                -122.31328542003789,
                47.75119926600569
              ],
              [
                -122.31324198261547,
                47.75028942310995
              ],
              [
                -122.31320894307105,
                47.74956715523929
              ],
              [
                -122.31320013858225,
                47.74937468901126
              ],
              [
                -122.31316229911191,
                47.74848367039385
              ]
            ]
          ]
        ]
      }
    },
    {
      "type": "Feature",
      "properties": {
        "NAME": "Richmond Highlands",
        "ACRES": 634.90699974,
        "PERIMETER": 24872.88798357,
        "HANCODE": "RICHHIGH",
        "created_user": "LBIDDISON",
        "created_date": "2015-03-31T17:06:43.000",
        "last_edited_user": "LBIDDISON",
        "last_edited_date": "2015-03-31T17:14:08.000",
        "GlobalID": "{4FB0CC42-9A0F-4CF4-841E-C02EFAB92A6F}",
        "Shape_Length": 24872.887983600056,
        "Shape_Area": 27656438.282551643
      },
      "geometry": {
        "type": "MultiPolygon",
        "coordinates": [
          [
            [
              [
                -122.346001164906,
                47.76324672079163
              ],
              [
                -122.3460460347911,
                47.76233102864809
              ],
              [
                -122.34605150272581,
                47.76190499200494
              ],
              [
                -122.34609290660748,
                47.76082834652602
              ],
              [
                -122.34611693063954,
                47.759965302004005
              ],
              [
                -122.34611759344745,
                47.75961019541936
              ],
              [
                -122.34606683819734,
                47.758905669090396
              ],
              [
                -122.34597797577653,
                47.757945706719454
              ],
              [
                -122.34578013143646,
                47.75597192009889
              ],
              [
                -122.34565288424301,
                47.75460045253264
              ],
              [
                -122.34562885187212,
                47.75418567026423
              ],
              [
                -122.34558341663303,
                47.75233451559578
              ],
              [
                -122.34553062184553,
                47.75049848816363
              ],
              [
                -122.34549914063305,
                47.74869770274657
              ],
              [
                -122.34815097366729,
                47.748682668667364
              ],
              [
                -122.34941404901147,
                47.748686799218866
              ],
              [
                -122.35081139596919,
                47.74868121352707
              ],
              [
                -122.35215659815407,
                47.74867908395991
              ],
              [
                -122.35270560062908,
                47.74867753142029
              ],
              [
                -122.35303114822543,
                47.748676803467426
              ],
              [
                -122.35575845123208,
                47.74859094907615
              ],
              [
                -122.3558596867869,
                47.74880304947488
              ],
              [
                -122.35594124868332,
                47.74893236040485
              ],
              [
                -122.35633208109549,
                47.74943106477816
              ],
              [
                -122.35642839944995,
                47.749619791885436
              ],
              [
                -122.35646000282621,
                47.7497173642515
              ],
              [
                -122.35648029510907,
                47.749816293604596
              ],
              [
                -122.35648652775093,
                47.75001583729863
              ],
              [
                -122.35647242621378,
                47.750115254534855
              ],
              [
                -122.35637001112377,
                47.75049284819121
              ],
              [
                -122.35808719716445,
                47.75130304198409
              ],
              [
                -122.35846594527307,
                47.75148107918546
              ],
              [
                -122.35873475619911,
                47.75163515144317
              ],
              [
                -122.35893244356468,
                47.75179017394461
              ],
              [
                -122.35927560710385,
                47.75205293114768
              ],
              [
                -122.35954392473197,
                47.752329834086524
              ],
              [
                -122.35975512313314,
                47.7523225437155
              ],
              [
                -122.36360261213568,
                47.75234712380592
              ],
              [
                -122.36656044479489,
                47.75236607525752
              ],
              [
                -122.36655698340007,
                47.75378065603041
              ],
              [
                -122.36655738947923,
                47.753854647879535
              ],
              [
                -122.36650146929856,
                47.75390752345891
              ],
              [
                -122.36616023324198,
                47.754230177722945
              ],
              [
                -122.36591172370267,
                47.75477278391198
              ],
              [
                -122.36521827332338,
                47.755334196599605
              ],
              [
                -122.364470390007,
                47.75548488737806
              ],
              [
                -122.36443048779165,
                47.755908990294145
              ],
              [
                -122.36443101497075,
                47.75598257711957
              ],
              [
                -122.36504090330496,
                47.75598775648439
              ],
              [
                -122.36675342324413,
                47.755992081448376
              ],
              [
                -122.36696117805607,
                47.755968885605895
              ],
              [
                -122.36720556428298,
                47.755933861554034
              ],
              [
                -122.36733883305989,
                47.75592073461275
              ],
              [
                -122.3676184491478,
                47.7559124409671
              ],
              [
                -122.3679161066799,
                47.75590786494948
              ],
              [
                -122.3681059477174,
                47.7558905468229
              ],
              [
                -122.3682891574829,
                47.7558528049459
              ],
              [
                -122.36844247515371,
                47.75581067481755
              ],
              [
                -122.36862294133502,
                47.755774240585666
              ],
              [
                -122.36880717018478,
                47.75575135788429
              ],
              [
                -122.369112581347,
                47.75573364524181
              ],
              [
                -122.36933500176809,
                47.75572103385567
              ],
              [
                -122.3695319703157,
                47.755709668074495
              ],
              [
                -122.3694741838489,
                47.75592144165955
              ],
              [
                -122.36939935177338,
                47.75602253783395
              ],
              [
                -122.369518572612,
                47.75601796585171
              ],
              [
                -122.37033275382939,
                47.756022197339824
              ],
              [
                -122.37073571886938,
                47.756024289540555
              ],
              [
                -122.37110206121018,
                47.75602619030099
              ],
              [
                -122.37147246846077,
                47.75602811093729
              ],
              [
                -122.371869540255,
                47.756030168555974
              ],
              [
                -122.37187269927604,
                47.75655661595825
              ],
              [
                -122.37187277193738,
                47.756584777825346
              ],
              [
                -122.37187371275103,
                47.75694448506226
              ],
              [
                -122.37187636635615,
                47.757406795790004
              ],
              [
                -122.37187789504304,
                47.75767282355886
              ],
              [
                -122.37187897082151,
                47.75785619784259
              ],
              [
                -122.37188069763975,
                47.757946495225376
              ],
              [
                -122.37188139810073,
                47.757983124586936
              ],
              [
                -122.37188587439461,
                47.75821714359001
              ],
              [
                -122.37188628435668,
                47.75823863235792
              ],
              [
                -122.37188423301455,
                47.75837569570069
              ],
              [
                -122.3718859647676,
                47.758493355297105
              ],
              [
                -122.37188990028034,
                47.7587629371132
              ],
              [
                -122.37189170165,
                47.75903637564212
              ],
              [
                -122.37189287308694,
                47.759214884409204
              ],
              [
                -122.37189349028088,
                47.759308703666456
              ],
              [
                -122.37189531675351,
                47.759585996995064
              ],
              [
                -122.37189586028913,
                47.75966855335647
              ],
              [
                -122.37170817815998,
                47.75966649834531
              ],
              [
                -122.37110409862838,
                47.759664895147225
              ],
              [
                -122.37065282235216,
                47.759664404269486
              ],
              [
                -122.37022104168089,
                47.7596639344507
              ],
              [
                -122.36979075369305,
                47.75966346438564
              ],
              [
                -122.36935176274243,
                47.75966298304919
              ],
              [
                -122.36931109293545,
                47.759660774554995
              ],
              [
                -122.36922976391676,
                47.759658115321976
              ],
              [
                -122.36657711031322,
                47.75964806176534
              ],
              [
                -122.36660862417685,
                47.763305417949724
              ],
              [
                -122.36662336817778,
                47.7651265989003
              ],
              [
                -122.36122785506137,
                47.7650699098329
              ],
              [
                -122.35982911413284,
                47.76506087802996
              ],
              [
                -122.35883480859177,
                47.76505481911269
              ],
              [
                -122.358711604554,
                47.76504448585123
              ],
              [
                -122.35846890894138,
                47.76502599151972
              ],
              [
                -122.35826830374782,
                47.76497125468256
              ],
              [
                -122.35800046286663,
                47.764880081228696
              ],
              [
                -122.35749414852731,
                47.7646202984836
              ],
              [
                -122.35723240077016,
                47.76449944870608
              ],
              [
                -122.35695619845231,
                47.764388738608545
              ],
              [
                -122.35667699387429,
                47.76431997835248
              ],
              [
                -122.3563974993707,
                47.764284527851316
              ],
              [
                -122.35609575925739,
                47.76427475130118
              ],
              [
                -122.3556460999842,
                47.7643402641462
              ],
              [
                -122.35532833199584,
                47.76440327355475
              ],
              [
                -122.35503300351975,
                47.76446413607958
              ],
              [
                -122.35448241951177,
                47.76455603064568
              ],
              [
                -122.35426119400108,
                47.76455897907293
              ],
              [
                -122.35401740901492,
                47.76454730644543
              ],
              [
                -122.35373083584831,
                47.76448610628996
              ],
              [
                -122.35358019117653,
                47.764446651349566
              ],
              [
                -122.35329673853745,
                47.76434234883226
              ],
              [
                -122.35304397205178,
                47.7642068528833
              ],
              [
                -122.35282935537364,
                47.76404417452719
              ],
              [
                -122.35234862138331,
                47.76355420935592
              ],
              [
                -122.35223412242505,
                47.76346897420298
              ],
              [
                -122.35210365334648,
                47.763394752946695
              ],
              [
                -122.35190531088749,
                47.763314131794395
              ],
              [
                -122.35168872389099,
                47.76325894521055
              ],
              [
                -122.3514488485317,
                47.76323040550305
              ],
              [
                -122.35124088939885,
                47.76323049731469
              ],
              [
                -122.34854627996155,
                47.763239971771114
              ],
              [
                -122.346001164906,
                47.76324672079163
              ]
            ]
          ]
        ]
      }
    },
    {
      "type": "Feature",
      "properties": {
        "NAME": "Innis Arden",
        "ACRES": 461.73436649,
        "PERIMETER": 25161.40183789,
        "HANCODE": "INNISARDEN",
        "created_user": "LBIDDISON",
        "created_date": "2015-03-31T17:06:43.000",
        "last_edited_user": "LBIDDISON",
        "last_edited_date": "2015-03-31T17:14:08.000",
        "GlobalID": "{E8AE82E5-C151-421E-98F7-DBC0C7A0A015}",
        "Shape_Length": 25161.40183791074,
        "Shape_Area": 20113068.55197806
      },
      "geometry": {
        "type": "MultiPolygon",
        "coordinates": [
          [
            [
              [
                -122.36662336817778,
                47.7651265989003
              ],
              [
                -122.36660862417685,
                47.763305417949724
              ],
              [
                -122.36657711031322,
                47.75964806176534
              ],
              [
                -122.36922976391676,
                47.759658115321976
              ],
              [
                -122.36931109293545,
                47.759660774554995
              ],
              [
                -122.36935176274243,
                47.75966298304919
              ],
              [
                -122.36979075369305,
                47.75966346438564
              ],
              [
                -122.37022104168089,
                47.7596639344507
              ],
              [
                -122.37065282235216,
                47.759664404269486
              ],
              [
                -122.37110409862838,
                47.759664895147225
              ],
              [
                -122.37170817815998,
                47.75966649834531
              ],
              [
                -122.37189586028913,
                47.75966855335647
              ],
              [
                -122.37189531675351,
                47.759585996995064
              ],
              [
                -122.37189349028088,
                47.759308703666456
              ],
              [
                -122.37189287308694,
                47.759214884409204
              ],
              [
                -122.37189170165,
                47.75903637564212
              ],
              [
                -122.37188990028034,
                47.7587629371132
              ],
              [
                -122.3718859647676,
                47.758493355297105
              ],
              [
                -122.37188423301455,
                47.75837569570069
              ],
              [
                -122.37188628435668,
                47.75823863235792
              ],
              [
                -122.37188587439461,
                47.75821714359001
              ],
              [
                -122.37188139810073,
                47.757983124586936
              ],
              [
                -122.37188069763975,
                47.757946495225376
              ],
              [
                -122.37187897082151,
                47.75785619784259
              ],
              [
                -122.37187789504304,
                47.75767282355886
              ],
              [
                -122.37187636635615,
                47.757406795790004
              ],
              [
                -122.37187371275103,
                47.75694448506226
              ],
              [
                -122.37187277193738,
                47.756584777825346
              ],
              [
                -122.37187269927604,
                47.75655661595825
              ],
              [
                -122.371869540255,
                47.756030168555974
              ],
              [
                -122.37147246846077,
                47.75602811093729
              ],
              [
                -122.37110206121018,
                47.75602619030099
              ],
              [
                -122.37073571886938,
                47.756024289540555
              ],
              [
                -122.37033275382939,
                47.756022197339824
              ],
              [
                -122.369518572612,
                47.75601796585171
              ],
              [
                -122.36939935177338,
                47.75602253783395
              ],
              [
                -122.3694741838489,
                47.75592144165955
              ],
              [
                -122.3695319703157,
                47.755709668074495
              ],
              [
                -122.36933500176809,
                47.75572103385567
              ],
              [
                -122.369112581347,
                47.75573364524181
              ],
              [
                -122.36880717018478,
                47.75575135788429
              ],
              [
                -122.36862294133502,
                47.755774240585666
              ],
              [
                -122.36844247515371,
                47.75581067481755
              ],
              [
                -122.3682891574829,
                47.7558528049459
              ],
              [
                -122.3681059477174,
                47.7558905468229
              ],
              [
                -122.3679161066799,
                47.75590786494948
              ],
              [
                -122.3676184491478,
                47.7559124409671
              ],
              [
                -122.36733883305989,
                47.75592073461275
              ],
              [
                -122.36720556428298,
                47.755933861554034
              ],
              [
                -122.36696117805607,
                47.755968885605895
              ],
              [
                -122.36675342324413,
                47.755992081448376
              ],
              [
                -122.36504090330496,
                47.75598775648439
              ],
              [
                -122.36443101497075,
                47.75598257711957
              ],
              [
                -122.36443048779165,
                47.755908990294145
              ],
              [
                -122.364470390007,
                47.75548488737806
              ],
              [
                -122.36521827332338,
                47.755334196599605
              ],
              [
                -122.36591172370267,
                47.75477278391198
              ],
              [
                -122.36616023324198,
                47.754230177722945
              ],
              [
                -122.36650146929856,
                47.75390752345891
              ],
              [
                -122.36655738947923,
                47.753854647879535
              ],
              [
                -122.36655698340007,
                47.75378065603041
              ],
              [
                -122.36675911089648,
                47.7536825967636
              ],
              [
                -122.36688209931906,
                47.753687664631855
              ],
              [
                -122.3670431893927,
                47.753694302350716
              ],
              [
                -122.36738649672037,
                47.753629246621074
              ],
              [
                -122.36741416633751,
                47.75362400326559
              ],
              [
                -122.36760468367264,
                47.75354409434942
              ],
              [
                -122.36770805203913,
                47.753511433392475
              ],
              [
                -122.36800350511047,
                47.75341807923852
              ],
              [
                -122.36803466386648,
                47.75340021626077
              ],
              [
                -122.3681994084753,
                47.75330576969392
              ],
              [
                -122.36835354305653,
                47.75327880964274
              ],
              [
                -122.36855741271756,
                47.75317481797439
              ],
              [
                -122.36866232159787,
                47.75314433532432
              ],
              [
                -122.36900896268789,
                47.7530453541099
              ],
              [
                -122.3693519309846,
                47.752969408038645
              ],
              [
                -122.36943312870147,
                47.7529519000665
              ],
              [
                -122.36960429193256,
                47.7527613329439
              ],
              [
                -122.37004871651308,
                47.752266518515064
              ],
              [
                -122.37032260285399,
                47.75208654254187
              ],
              [
                -122.37074634131112,
                47.75180809212257
              ],
              [
                -122.37091319148789,
                47.751000669743966
              ],
              [
                -122.37108046543747,
                47.750848261513
              ],
              [
                -122.37120435120275,
                47.750724045081064
              ],
              [
                -122.3711951017828,
                47.75044405491666
              ],
              [
                -122.37125411495585,
                47.750381748867156
              ],
              [
                -122.37128700183365,
                47.75034702829818
              ],
              [
                -122.37170161456754,
                47.75029948011598
              ],
              [
                -122.37193861252537,
                47.750186230559564
              ],
              [
                -122.3720463552536,
                47.749922511509226
              ],
              [
                -122.37224649954288,
                47.74973754810162
              ],
              [
                -122.37247925932553,
                47.749285294633424
              ],
              [
                -122.3726619175172,
                47.74923198055686
              ],
              [
                -122.37297873707071,
                47.749300817149724
              ],
              [
                -122.37342106284706,
                47.74912359316951
              ],
              [
                -122.37436987554234,
                47.74896319049711
              ],
              [
                -122.37473474719755,
                47.74890150395243
              ],
              [
                -122.37485927648402,
                47.748785964209645
              ],
              [
                -122.374861826223,
                47.74878359851321
              ],
              [
                -122.38195557920383,
                47.74882138008862
              ],
              [
                -122.38206017768718,
                47.7488231794823
              ],
              [
                -122.38244562405576,
                47.74882543314377
              ],
              [
                -122.3824278362938,
                47.74892789059403
              ],
              [
                -122.38231821868344,
                47.74949540055183
              ],
              [
                -122.38231265476092,
                47.74959688280021
              ],
              [
                -122.38230959217842,
                47.7496527407794
              ],
              [
                -122.38229031192253,
                47.7497120883933
              ],
              [
                -122.38228281707953,
                47.749739835281616
              ],
              [
                -122.38226009451807,
                47.749798691960706
              ],
              [
                -122.38210143795409,
                47.75026650164682
              ],
              [
                -122.38179045418677,
                47.751452178178155
              ],
              [
                -122.38130218510814,
                47.75339495793056
              ],
              [
                -122.3811677549144,
                47.7538010807012
              ],
              [
                -122.38108003472071,
                47.753986449575386
              ],
              [
                -122.38098085438124,
                47.75421869779046
              ],
              [
                -122.3809430376081,
                47.7543072530229
              ],
              [
                -122.38090995490442,
                47.75435588693684
              ],
              [
                -122.38089394431533,
                47.75438363614526
              ],
              [
                -122.38059248459457,
                47.75483760093396
              ],
              [
                -122.38003125249739,
                47.7556762770865
              ],
              [
                -122.3796644391431,
                47.75633261042749
              ],
              [
                -122.37957844899074,
                47.75657636521713
              ],
              [
                -122.37946318499297,
                47.75717987617224
              ],
              [
                -122.37942953403164,
                47.75739146669025
              ],
              [
                -122.37943221036282,
                47.757481283221885
              ],
              [
                -122.37955962359248,
                47.75818034375657
              ],
              [
                -122.37969032268971,
                47.75854244412057
              ],
              [
                -122.38004802208091,
                47.75914404446695
              ],
              [
                -122.38039211621347,
                47.759512223950715
              ],
              [
                -122.38148791180447,
                47.760512609220974
              ],
              [
                -122.38171436992401,
                47.76073414304177
              ],
              [
                -122.38185197801917,
                47.760880526390984
              ],
              [
                -122.38215062484792,
                47.76112529738619
              ],
              [
                -122.38220043555997,
                47.761163314598335
              ],
              [
                -122.38225983612699,
                47.76121732061034
              ],
              [
                -122.38323379486467,
                47.761863529831395
              ],
              [
                -122.38476719647652,
                47.76277020983072
              ],
              [
                -122.38571527296017,
                47.76333076858406
              ],
              [
                -122.38540271126364,
                47.76332988541613
              ],
              [
                -122.38472797090964,
                47.7633280769981
              ],
              [
                -122.38412140763539,
                47.76332935792563
              ],
              [
                -122.38368547077498,
                47.76333114938309
              ],
              [
                -122.38334150201646,
                47.76332506828455
              ],
              [
                -122.38259852665094,
                47.763324826305904
              ],
              [
                -122.38124145175802,
                47.76332363112033
              ],
              [
                -122.38124484826582,
                47.763597424747736
              ],
              [
                -122.38124790340287,
                47.763871638518054
              ],
              [
                -122.38125095400095,
                47.76414585258546
              ],
              [
                -122.3812540047952,
                47.764420068556085
              ],
              [
                -122.38125705590433,
                47.76469428324393
              ],
              [
                -122.38126010565756,
                47.76496849799342
              ],
              [
                -122.38126315842081,
                47.7652427133823
              ],
              [
                -122.38126620941351,
                47.76551692927104
              ],
              [
                -122.38126925808227,
                47.76579114563106
              ],
              [
                -122.38127231211968,
                47.76606535984672
              ],
              [
                -122.38127536351203,
                47.76633957392523
              ],
              [
                -122.38127841469613,
                47.76661379009257
              ],
              [
                -122.38128456646585,
                47.766970406966365
              ],
              [
                -122.3811379940749,
                47.766970729211565
              ],
              [
                -122.38027012281205,
                47.76697263346013
              ],
              [
                -122.37993179830607,
                47.76697337399969
              ],
              [
                -122.37964871619468,
                47.76697399286192
              ],
              [
                -122.37936407714916,
                47.766974614424726
              ],
              [
                -122.37907943811425,
                47.76697523526547
              ],
              [
                -122.37866301954034,
                47.7669761422677
              ],
              [
                -122.3785196912673,
                47.76697645409049
              ],
              [
                -122.3776568868915,
                47.766979588059286
              ],
              [
                -122.37729511799208,
                47.76698042846103
              ],
              [
                -122.37709321136117,
                47.766979509094355
              ],
              [
                -122.37658630911974,
                47.76697719766151
              ],
              [
                -122.37609639736183,
                47.76697496181516
              ],
              [
                -122.37560498360324,
                47.766972716694646
              ],
              [
                -122.37531946044051,
                47.76697141099369
              ],
              [
                -122.37502932117052,
                47.76697008396261
              ],
              [
                -122.37474144527647,
                47.766968766216365
              ],
              [
                -122.37452480128775,
                47.76696777418987
              ],
              [
                -122.3744364807136,
                47.76696736991934
              ],
              [
                -122.37415103236158,
                47.7669660619806
              ],
              [
                -122.37411746850997,
                47.76696590789265
              ],
              [
                -122.37382573623727,
                47.76696457060238
              ],
              [
                -122.37370539278083,
                47.766964018384854
              ],
              [
                -122.37350044013134,
                47.76696307828515
              ],
              [
                -122.37330251275654,
                47.7669621695913
              ],
              [
                -122.37316382053251,
                47.76696153271303
              ],
              [
                -122.37273686917977,
                47.7669595708864
              ],
              [
                -122.37261758992594,
                47.76695902327119
              ],
              [
                -122.3724115731636,
                47.76695807637894
              ],
              [
                -122.37192356974103,
                47.766955830971106
              ],
              [
                -122.37192523201587,
                47.76721626919703
              ],
              [
                -122.37192638125981,
                47.767396108324974
              ],
              [
                -122.37191475399027,
                47.76750347174158
              ],
              [
                -122.37131267925996,
                47.76694721311769
              ],
              [
                -122.37026982865066,
                47.76604063974408
              ],
              [
                -122.37014563326704,
                47.76596690676548
              ],
              [
                -122.36998058169884,
                47.76588686866608
              ],
              [
                -122.36986695654888,
                47.76582670310022
              ],
              [
                -122.36972324736682,
                47.765780652443546
              ],
              [
                -122.3695043307945,
                47.765733021769925
              ],
              [
                -122.3691917037761,
                47.76568498120171
              ],
              [
                -122.36838838517839,
                47.765682078679944
              ],
              [
                -122.36822556706929,
                47.765677413576945
              ],
              [
                -122.36804161131435,
                47.76564561212236
              ],
              [
                -122.36791823107237,
                47.76559928601939
              ],
              [
                -122.36779444567324,
                47.765539255045915
              ],
              [
                -122.36756740512348,
                47.76542577164915
              ],
              [
                -122.36744005910124,
                47.76534128029953
              ],
              [
                -122.36731084362003,
                47.76527043267177
              ],
              [
                -122.36720780297675,
                47.7652268047679
              ],
              [
                -122.36704164267967,
                47.765175472059504
              ],
              [
                -122.36691331347127,
                47.76514908413936
              ],
              [
                -122.3667445413887,
                47.765130050196696
              ],
              [
                -122.36662336817778,
                47.7651265989003
              ]
            ]
          ]
        ]
      }
    },
    {
      "type": "Feature",
      "properties": {
        "NAME": "Briarcrest",
        "ACRES": 509.14813485,
        "PERIMETER": 24244.19483502,
        "HANCODE": "BRIARCREST",
        "created_user": "LBIDDISON",
        "created_date": "2015-03-31T17:06:43.000",
        "last_edited_user": "LBIDDISON",
        "last_edited_date": "2015-03-31T17:14:08.000",
        "GlobalID": "{3E6253D5-E75B-4962-9CC4-516A0C1D7F32}",
        "Shape_Length": 24244.19483506133,
        "Shape_Area": 22178404.040179126
      },
      "geometry": {
        "type": "MultiPolygon",
        "coordinates": [
          [
            [
              [
                -122.3127656190734,
                47.73404708952653
              ],
              [
                -122.31278543023902,
                47.73486748399478
              ],
              [
                -122.31280602220546,
                47.7357715781763
              ],
              [
                -122.31282862842863,
                47.736365372704896
              ],
              [
                -122.31283031129091,
                47.73667616445313
              ],
              [
                -122.31285735862652,
                47.73757851301545
              ],
              [
                -122.31287276194718,
                47.73808417991975
              ],
              [
                -122.31289417586322,
                47.73878715284299
              ],
              [
                -122.31292168853152,
                47.73980043816028
              ],
              [
                -122.31294008861816,
                47.740478052595094
              ],
              [
                -122.31295981904712,
                47.74120467381089
              ],
              [
                -122.31302599697543,
                47.74364481096924
              ],
              [
                -122.31303430328862,
                47.74514074629692
              ],
              [
                -122.3130787534572,
                47.74604694038224
              ],
              [
                -122.31316229911191,
                47.74848367039385
              ],
              [
                -122.31008565161802,
                47.74841755450945
              ],
              [
                -122.30599360342688,
                47.74841481756274
              ],
              [
                -122.30479882894068,
                47.748397432432455
              ],
              [
                -122.30347223245138,
                47.74837882981035
              ],
              [
                -122.30214650597556,
                47.74833794909444
              ],
              [
                -122.30216528890801,
                47.74968874050903
              ],
              [
                -122.30218154941937,
                47.74995636699115
              ],
              [
                -122.30203155173781,
                47.74989930221937
              ],
              [
                -122.30178264802437,
                47.74980559358671
              ],
              [
                -122.30176015499369,
                47.74979712523999
              ],
              [
                -122.30174811337473,
                47.749792453087466
              ],
              [
                -122.30173236016125,
                47.74978636386917
              ],
              [
                -122.30172140043848,
                47.74978253579635
              ],
              [
                -122.30171589693165,
                47.749780488465255
              ],
              [
                -122.30170106347624,
                47.74977496534576
              ],
              [
                -122.30169036225418,
                47.74977106527236
              ],
              [
                -122.30168361893328,
                47.74976864110829
              ],
              [
                -122.30167444864169,
                47.74976536928776
              ],
              [
                -122.30166810029104,
                47.74976314126983
              ],
              [
                -122.3016599633987,
                47.749760383105546
              ],
              [
                -122.30165696145897,
                47.74974439487547
              ],
              [
                -122.301650135027,
                47.74974239822295
              ],
              [
                -122.30164427675811,
                47.7497406523786
              ],
              [
                -122.30163485673171,
                47.749738512541335
              ],
              [
                -122.30162738592148,
                47.74973637402955
              ],
              [
                -122.30161985146056,
                47.7497343762134
              ],
              [
                -122.30161231232078,
                47.74973238869446
              ],
              [
                -122.30160211569779,
                47.74972981472931
              ],
              [
                -122.301593239237,
                47.74972777163877
              ],
              [
                -122.30158554432451,
                47.74972603209993
              ],
              [
                -122.3015778403925,
                47.749724306242626
              ],
              [
                -122.30157012886292,
                47.74972259269068
              ],
              [
                -122.30156241035567,
                47.749720890054334
              ],
              [
                -122.301554686055,
                47.749719197369124
              ],
              [
                -122.30154695660814,
                47.74971751358125
              ],
              [
                -122.30153922315543,
                47.7497158380633
              ],
              [
                -122.30153019150572,
                47.74971620714766
              ],
              [
                -122.30152273988388,
                47.7497142113112
              ],
              [
                -122.3015153151403,
                47.74971215915838
              ],
              [
                -122.30150978144933,
                47.74971027112803
              ],
              [
                -122.30150405358944,
                47.74970888048235
              ],
              [
                -122.30149428532785,
                47.749705617676035
              ],
              [
                -122.30148547764303,
                47.749703811835055
              ],
              [
                -122.30147700222312,
                47.74970308233067
              ],
              [
                -122.30146912771579,
                47.74970178702738
              ],
              [
                -122.30146099775995,
                47.74970048689989
              ],
              [
                -122.30145356327246,
                47.74969927981366
              ],
              [
                -122.30144453226667,
                47.749697743175304
              ],
              [
                -122.30143676063345,
                47.74969687231702
              ],
              [
                -122.30142883429201,
                47.749696098843025
              ],
              [
                -122.30142086915063,
                47.74969543006954
              ],
              [
                -122.30141274942966,
                47.74969482670436
              ],
              [
                -122.30140671261879,
                47.74969427883421
              ],
              [
                -122.30140086327762,
                47.74969346906851
              ],
              [
                -122.30139296284204,
                47.7496920556891
              ],
              [
                -122.3013849160656,
                47.74969063995051
              ],
              [
                -122.30137888186184,
                47.74969005321001
              ],
              [
                -122.30137261256657,
                47.74969066622837
              ],
              [
                -122.30136649144474,
                47.749691823774356
              ],
              [
                -122.30134402448671,
                47.749689804647026
              ],
              [
                -122.30133819362682,
                47.74968819576409
              ],
              [
                -122.30133012096348,
                47.74968757041127
              ],
              [
                -122.30132204655557,
                47.74968696651676
              ],
              [
                -122.30131397083454,
                47.749686384219025
              ],
              [
                -122.30130589458273,
                47.74968582346008
              ],
              [
                -122.3012975492252,
                47.74968526005883
              ],
              [
                -122.30128947836099,
                47.749684763778745
              ],
              [
                -122.30128164707185,
                47.749684543809074
              ],
              [
                -122.3012735344604,
                47.74968445367324
              ],
              [
                -122.30126541076343,
                47.74968442261739
              ],
              [
                -122.30125728480392,
                47.74968440227219
              ],
              [
                -122.30124915729584,
                47.749684392688515
              ],
              [
                -122.30124102845237,
                47.74968439383966
              ],
              [
                -122.30123289905568,
                47.749684405667416
              ],
              [
                -122.30122476939451,
                47.74968442830029
              ],
              [
                -122.30121663996343,
                47.74968446158773
              ],
              [
                -122.3012085114786,
                47.74968450565262
              ],
              [
                -122.30120038502305,
                47.74968462460995
              ],
              [
                -122.30119225985048,
                47.749684754280366
              ],
              [
                -122.30118413662042,
                47.74968489467939
              ],
              [
                -122.30117623315004,
                47.74968504170712
              ],
              [
                -122.30116511940078,
                47.74968522568506
              ],
              [
                -122.30115298934886,
                47.74968624470737
              ],
              [
                -122.30114373232082,
                47.74968705153964
              ],
              [
                -122.30113568143588,
                47.74968775165377
              ],
              [
                -122.30112763068034,
                47.74968846265203
              ],
              [
                -122.30111958085304,
                47.749689184428036
              ],
              [
                -122.30111147071325,
                47.749689649719286
              ],
              [
                -122.30110343590185,
                47.749690441305574
              ],
              [
                -122.30109715247146,
                47.749691064271516
              ],
              [
                -122.30109139584091,
                47.74969165880753
              ],
              [
                -122.30108337309181,
                47.749692527283074
              ],
              [
                -122.30107534986048,
                47.749693406434346
              ],
              [
                -122.30106732747285,
                47.74969429274769
              ],
              [
                -122.30105930667494,
                47.74969518614141
              ],
              [
                -122.30105128762732,
                47.74969608662544
              ],
              [
                -122.30104327119868,
                47.74969699404441
              ],
              [
                -122.3010352575314,
                47.74969790839654
              ],
              [
                -122.30102702336697,
                47.74969883982334
              ],
              [
                -122.30102021455632,
                47.7496996662195
              ],
              [
                -122.30101134945113,
                47.74970105690989
              ],
              [
                -122.3010033897336,
                47.749702116859176
              ],
              [
                -122.30099543387472,
                47.74970318726017
              ],
              [
                -122.30098748278071,
                47.74970426802905
              ],
              [
                -122.3009795368044,
                47.74970535904118
              ],
              [
                -122.30097160251728,
                47.74970765591283
              ],
              [
                -122.30096378814699,
                47.749709003163986
              ],
              [
                -122.300954764744,
                47.74971063472595
              ],
              [
                -122.30094426906726,
                47.74971253674178
              ],
              [
                -122.30093648232767,
                47.74971387449153
              ],
              [
                -122.30092876883646,
                47.7497145464836
              ],
              [
                -122.30092086251808,
                47.74971632675341
              ],
              [
                -122.30091493297223,
                47.749717432221246
              ],
              [
                -122.30090900590983,
                47.74971846989919
              ],
              [
                -122.3009032964147,
                47.74971982603503
              ],
              [
                -122.30089771497718,
                47.749721803078465
              ],
              [
                -122.30088803949504,
                47.74972407966028
              ],
              [
                -122.30087877281791,
                47.74972697817614
              ],
              [
                -122.30087300918062,
                47.74972841321828
              ],
              [
                -122.3008656220399,
                47.74973058804073
              ],
              [
                -122.30085826667766,
                47.74973279164055
              ],
              [
                -122.30085092593293,
                47.74973500939884
              ],
              [
                -122.30084495869153,
                47.74973632936271
              ],
              [
                -122.30083922769646,
                47.749737830070636
              ],
              [
                -122.30083174988363,
                47.749739960144375
              ],
              [
                -122.30082397203371,
                47.749741888460925
              ],
              [
                -122.30081603267317,
                47.74974413677056
              ],
              [
                -122.30080900532381,
                47.74974618139564
              ],
              [
                -122.30080161650278,
                47.7497484368501
              ],
              [
                -122.30079422329639,
                47.74975070546975
              ],
              [
                -122.3007868366904,
                47.74975298385707
              ],
              [
                -122.30077945728611,
                47.749755271848116
              ],
              [
                -122.30077208524024,
                47.74975756932068
              ],
              [
                -122.30076472105024,
                47.7497598762203
              ],
              [
                -122.30075736535217,
                47.74976219235856
              ],
              [
                -122.30075031139567,
                47.74976488462995
              ],
              [
                -122.30074345017265,
                47.74976750295155
              ],
              [
                -122.30073804030515,
                47.74976968815453
              ],
              [
                -122.30073280798902,
                47.74977179175685
              ],
              [
                -122.30072583675009,
                47.74977460491201
              ],
              [
                -122.3007188722736,
                47.74977742789287
              ],
              [
                -122.30071191506845,
                47.74978026042859
              ],
              [
                -122.30070473855923,
                47.749782858638774
              ],
              [
                -122.30069781219505,
                47.74978572652417
              ],
              [
                -122.30069089133092,
                47.749788600550666
              ],
              [
                -122.30068397649235,
                47.74979148039897
              ],
              [
                -122.30067707006305,
                47.74979435522423
              ],
              [
                -122.30067194655156,
                47.74979657676613
              ],
              [
                -122.30066681973454,
                47.7497987948417
              ],
              [
                -122.30066023928681,
                47.7498020272839
              ],
              [
                -122.30065344613784,
                47.749805030818884
              ],
              [
                -122.3006466618798,
                47.74980804321498
              ],
              [
                -122.30063988706203,
                47.749811064369034
              ],
              [
                -122.30063481200357,
                47.7498133355125
              ],
              [
                -122.30062974317052,
                47.74981561197085
              ],
              [
                -122.30062299361894,
                47.74981865406703
              ],
              [
                -122.30061625487481,
                47.749821704122546
              ],
              [
                -122.30060927112149,
                47.74982325530686
              ],
              [
                -122.30019248382432,
                47.74982303667798
              ],
              [
                -122.30018429808102,
                47.74982473622126
              ],
              [
                -122.30017681763695,
                47.74982664786068
              ],
              [
                -122.30016757933811,
                47.74982665565262
              ],
              [
                -122.30015909692438,
                47.749826827139245
              ],
              [
                -122.30015059733596,
                47.7498267792918
              ],
              [
                -122.30014332998134,
                47.7498265541927
              ],
              [
                -122.30013374533814,
                47.749826042998635
              ],
              [
                -122.2996630795879,
                47.74982574711317
              ],
              [
                -122.29933143447532,
                47.749830409452336
              ],
              [
                -122.299276615976,
                47.74982732394315
              ],
              [
                -122.29924991718005,
                47.749825356469415
              ],
              [
                -122.29922332520076,
                47.749822895254304
              ],
              [
                -122.29919733721208,
                47.74981816406737
              ],
              [
                -122.29917216528305,
                47.7498118546422
              ],
              [
                -122.29914740011786,
                47.749804848952444
              ],
              [
                -122.29912382141868,
                47.74979615255643
              ],
              [
                -122.29910196446271,
                47.74978568631468
              ],
              [
                -122.29908093014129,
                47.74977449068669
              ],
              [
                -122.29906149699636,
                47.74976197928149
              ],
              [
                -122.29904183131906,
                47.749748628931634
              ],
              [
                -122.29902699512047,
                47.749734526633816
              ],
              [
                -122.29899997772837,
                47.74970325175383
              ],
              [
                -122.2989882520075,
                47.74968700806051
              ],
              [
                -122.29898208269559,
                47.7496769580687
              ],
              [
                -122.29897932018895,
                47.74966938279347
              ],
              [
                -122.2989733384091,
                47.749653875026596
              ],
              [
                -122.29896036053647,
                47.74962022988107
              ],
              [
                -122.29895297622228,
                47.74959178627837
              ],
              [
                -122.29894737278497,
                47.74957020239851
              ],
              [
                -122.29894044819807,
                47.74951962797791
              ],
              [
                -122.29893962798246,
                47.7494688408531
              ],
              [
                -122.29894221459202,
                47.74944700063084
              ],
              [
                -122.29894256215319,
                47.74944251572094
              ],
              [
                -122.29894336493719,
                47.749432156623904
              ],
              [
                -122.29894572929847,
                47.74941652271873
              ],
              [
                -122.2989524880031,
                47.74938591503447
              ],
              [
                -122.29896921780181,
                47.7493347764902
              ],
              [
                -122.29899248162685,
                47.749284815240976
              ],
              [
                -122.29902142693147,
                47.749223584097955
              ],
              [
                -122.29902700768123,
                47.74921133761491
              ],
              [
                -122.29902867252238,
                47.74920707135353
              ],
              [
                -122.29905292314716,
                47.749136274697435
              ],
              [
                -122.29906029339388,
                47.7491074498032
              ],
              [
                -122.29906870987854,
                47.74906209198677
              ],
              [
                -122.29906981364373,
                47.74905614360806
              ],
              [
                -122.29907076204667,
                47.74904979898287
              ],
              [
                -122.29907238196444,
                47.749033522896376
              ],
              [
                -122.29907493329307,
                47.74900369553006
              ],
              [
                -122.2990759473085,
                47.748991840732465
              ],
              [
                -122.29907658147283,
                47.748932700946504
              ],
              [
                -122.29907645585871,
                47.74892822005999
              ],
              [
                -122.2990716515311,
                47.748756837896146
              ],
              [
                -122.29907131208441,
                47.748748936095794
              ],
              [
                -122.29907028306894,
                47.74872702959718
              ],
              [
                -122.2990637553288,
                47.74853103914279
              ],
              [
                -122.29906361187588,
                47.748526559278346
              ],
              [
                -122.29906344551028,
                47.748521364042446
              ],
              [
                -122.29905690801503,
                47.74831744340974
              ],
              [
                -122.29888952663056,
                47.74831564876235
              ],
              [
                -122.2986197534738,
                47.74831372295218
              ],
              [
                -122.29835233686575,
                47.748311555558196
              ],
              [
                -122.29807643576846,
                47.74830951261416
              ],
              [
                -122.29779636665978,
                47.74830743811601
              ],
              [
                -122.29736150819991,
                47.74830421593555
              ],
              [
                -122.29735467047774,
                47.74830416505031
              ],
              [
                -122.29735175370732,
                47.748066032720665
              ],
              [
                -122.29734600797735,
                47.74759847030049
              ],
              [
                -122.29734197042873,
                47.74726973067895
              ],
              [
                -122.2973392296775,
                47.7470468581145
              ],
              [
                -122.29733720341812,
                47.74688232523775
              ],
              [
                -122.29733518137311,
                47.74671779225725
              ],
              [
                -122.29733315912864,
                47.74655325932577
              ],
              [
                -122.29733113711333,
                47.74638872648597
              ],
              [
                -122.29732911090532,
                47.74622419360224
              ],
              [
                -122.29732905579276,
                47.74621970923896
              ],
              [
                -122.29732708869925,
                47.74605966066557
              ],
              [
                -122.29732506657129,
                47.74589512498675
              ],
              [
                -122.29732304055021,
                47.745730594835564
              ],
              [
                -122.29732101831146,
                47.74556606189464
              ],
              [
                -122.29731899622466,
                47.74540152630669
              ],
              [
                -122.29731697437366,
                47.74523699609732
              ],
              [
                -122.29731494824537,
                47.74507246031783
              ],
              [
                -122.29731292620909,
                47.74490793020381
              ],
              [
                -122.29730967864734,
                47.7447395786401
              ],
              [
                -122.29731193697243,
                47.744735194300645
              ],
              [
                -122.2973087737196,
                47.7445750793914
              ],
              [
                -122.29713800575033,
                47.7445731687167
              ],
              [
                -122.29683274386245,
                47.74456971296113
              ],
              [
                -122.2965864721068,
                47.74456694885192
              ],
              [
                -122.29658699782433,
                47.744562614867334
              ],
              [
                -122.29658387307839,
                47.744337373455224
              ],
              [
                -122.29658381687862,
                47.744333047847576
              ],
              [
                -122.29658314096524,
                47.744281669958966
              ],
              [
                -122.29658302816816,
                47.74427319609115
              ],
              [
                -122.29632261607478,
                47.744270733100066
              ],
              [
                -122.29605832520392,
                47.74426829368952
              ],
              [
                -122.29605026955623,
                47.744268219321214
              ],
              [
                -122.29604825170019,
                47.744105995021286
              ],
              [
                -122.29604808922414,
                47.74409278631037
              ],
              [
                -122.2960462188172,
                47.743942134049846
              ],
              [
                -122.29604513590499,
                47.74385491786918
              ],
              [
                -122.29604419496091,
                47.74377911187357
              ],
              [
                -122.29604218261467,
                47.74361704948446
              ],
              [
                -122.29603922838078,
                47.74337917826087
              ],
              [
                -122.29603917268848,
                47.7433746939171
              ],
              [
                -122.29603663281969,
                47.74317019730076
              ],
              [
                -122.2960363653497,
                47.74314865160227
              ],
              [
                -122.2960362741772,
                47.743141309677156
              ],
              [
                -122.29600952809741,
                47.743141018347075
              ],
              [
                -122.29599892415375,
                47.74314090284879
              ],
              [
                -122.29599093975165,
                47.74290308614066
              ],
              [
                -122.29599444079584,
                47.74289893440613
              ],
              [
                -122.2960247832994,
                47.74273888384749
              ],
              [
                -122.29550358672367,
                47.742733381465634
              ],
              [
                -122.29525732832296,
                47.742728024382906
              ],
              [
                -122.29473965252528,
                47.742722294502535
              ],
              [
                -122.2947247455177,
                47.74272215157021
              ],
              [
                -122.2947264598291,
                47.742717784045
              ],
              [
                -122.29472403625769,
                47.742499092134366
              ],
              [
                -122.29472394265753,
                47.74249012437366
              ],
              [
                -122.29472151213916,
                47.74226559335168
              ],
              [
                -122.29471913540027,
                47.742041062178586
              ],
              [
                -122.294716753449,
                47.741816533688855
              ],
              [
                -122.2947149931329,
                47.741649984311046
              ],
              [
                -122.2947143714649,
                47.74159200519667
              ],
              [
                -122.29471324385041,
                47.74148695819288
              ],
              [
                -122.29471220867885,
                47.741367475960274
              ],
              [
                -122.29471180101949,
                47.74132119475242
              ],
              [
                -122.29470853750729,
                47.74114299306803
              ],
              [
                -122.29471078769949,
                47.741138618833205
              ],
              [
                -122.29470731765056,
                47.74097760081005
              ],
              [
                -122.29528428582994,
                47.7409829134632
              ],
              [
                -122.29536519837733,
                47.7409855684116
              ],
              [
                -122.29547108167569,
                47.74098690523298
              ],
              [
                -122.29661851552981,
                47.740999650121736
              ],
              [
                -122.29665269339608,
                47.74100178519354
              ],
              [
                -122.29666386304798,
                47.74100191546594
              ],
              [
                -122.2972456814366,
                47.741008722426855
              ],
              [
                -122.29921334523274,
                47.7410303663409
              ],
              [
                -122.29922261741184,
                47.74103046824827
              ],
              [
                -122.29922315236051,
                47.74102634212371
              ],
              [
                -122.29920275815053,
                47.73923347949854
              ],
              [
                -122.29920270716053,
                47.73922916550061
              ],
              [
                -122.29919489477466,
                47.73855712369087
              ],
              [
                -122.29919484401,
                47.73855280942553
              ],
              [
                -122.29918194769598,
                47.7374383955941
              ],
              [
                -122.29918177540607,
                47.737423620486915
              ],
              [
                -122.29918114053925,
                47.73741946518776
              ],
              [
                -122.29907551663418,
                47.73741800020267
              ],
              [
                -122.29895994197362,
                47.737416529526996
              ],
              [
                -122.29894837992627,
                47.73741635575848
              ],
              [
                -122.29873063515186,
                47.737413524069474
              ],
              [
                -122.29871931685828,
                47.737413328449584
              ],
              [
                -122.29862742937974,
                47.737412107317994
              ],
              [
                -122.29837823294004,
                47.737408851983105
              ],
              [
                -122.29813098165994,
                47.73740571082222
              ],
              [
                -122.29796299912961,
                47.737403386020304
              ],
              [
                -122.29794149415487,
                47.73740311828018
              ],
              [
                -122.29788216928016,
                47.73740250231849
              ],
              [
                -122.29786204505548,
                47.73740218731241
              ],
              [
                -122.29778031371418,
                47.73740154753614
              ],
              [
                -122.29674108281154,
                47.737394282081944
              ],
              [
                -122.29659591080109,
                47.73739326788395
              ],
              [
                -122.29655974986856,
                47.73739280844057
              ],
              [
                -122.29647589824172,
                47.7373922580961
              ],
              [
                -122.29635043701501,
                47.73739108188216
              ],
              [
                -122.29610528557073,
                47.73738988856092
              ],
              [
                -122.29586265067019,
                47.73738829192519
              ],
              [
                -122.29561744838921,
                47.73738629051234
              ],
              [
                -122.29537394765963,
                47.73738440317965
              ],
              [
                -122.29515416296684,
                47.73738335972026
              ],
              [
                -122.29512964251141,
                47.7373831632468
              ],
              [
                -122.29488698496527,
                47.73738131099153
              ],
              [
                -122.29464269387333,
                47.737378288710715
              ],
              [
                -122.29439921649595,
                47.73737527598355
              ],
              [
                -122.29415487478484,
                47.737372252033516
              ],
              [
                -122.29391172908575,
                47.737369242369994
              ],
              [
                -122.29230142784601,
                47.737349296892475
              ],
              [
                -122.29167302760821,
                47.73733905754834
              ],
              [
                -122.29175907100603,
                47.73723415663191
              ],
              [
                -122.29183736079234,
                47.73713713974721
              ],
              [
                -122.29186844489058,
                47.737097256704814
              ],
              [
                -122.29190348308956,
                47.737053254711476
              ],
              [
                -122.29193567375702,
                47.737014039604325
              ],
              [
                -122.29193818466958,
                47.73700999382399
              ],
              [
                -122.29202939655472,
                47.73689013206199
              ],
              [
                -122.29203575069124,
                47.73688255023458
              ],
              [
                -122.29207457440162,
                47.73682619092263
              ],
              [
                -122.29211588631283,
                47.73676621940627
              ],
              [
                -122.29211873332049,
                47.7367622384746
              ],
              [
                -122.29215203872273,
                47.736708515803976
              ],
              [
                -122.29215467155856,
                47.73670426893561
              ],
              [
                -122.29218129933442,
                47.736661317357864
              ],
              [
                -122.29220622116085,
                47.73662111747734
              ],
              [
                -122.29222963748828,
                47.736582890506334
              ],
              [
                -122.29223019977401,
                47.73658197258388
              ],
              [
                -122.29223744187193,
                47.73657039702763
              ],
              [
                -122.29225273001366,
                47.73654596091547
              ],
              [
                -122.29225232122305,
                47.73654104732758
              ],
              [
                -122.29227432251632,
                47.73650032689976
              ],
              [
                -122.29231898455775,
                47.7364176653498
              ],
              [
                -122.29234110463744,
                47.73637672485549
              ],
              [
                -122.29236803031722,
                47.7363268899606
              ],
              [
                -122.29236919809227,
                47.736322819763195
              ],
              [
                -122.29237647281388,
                47.73630765957792
              ],
              [
                -122.2923776036615,
                47.73630357346315
              ],
              [
                -122.29240643865938,
                47.73623810364521
              ],
              [
                -122.29240689410942,
                47.736234137965184
              ],
              [
                -122.29243258246557,
                47.736171031298134
              ],
              [
                -122.29243356780444,
                47.736166891482654
              ],
              [
                -122.29244534797476,
                47.73612717891052
              ],
              [
                -122.29248322755502,
                47.73603435739399
              ],
              [
                -122.29248351048645,
                47.73603026679251
              ],
              [
                -122.2924986556906,
                47.735983043279205
              ],
              [
                -122.2925260532132,
                47.73589761613804
              ],
              [
                -122.29252580143633,
                47.73589339909667
              ],
              [
                -122.29256248401109,
                47.735761740551624
              ],
              [
                -122.29256274872502,
                47.73575663151335
              ],
              [
                -122.29259344261939,
                47.73562399679806
              ],
              [
                -122.29264744485475,
                47.73562443342218
              ],
              [
                -122.29266023669271,
                47.73556722964108
              ],
              [
                -122.29266869206617,
                47.73548776756519
              ],
              [
                -122.2926276322553,
                47.73548737646652
              ],
              [
                -122.29261525994974,
                47.73548708897704
              ],
              [
                -122.29261531763784,
                47.735482858327835
              ],
              [
                -122.2926225797201,
                47.735413956374714
              ],
              [
                -122.29262282271864,
                47.73540966230199
              ],
              [
                -122.29262820311617,
                47.73535011451771
              ],
              [
                -122.29262915151577,
                47.73534582002362
              ],
              [
                -122.2926294600457,
                47.735339003750006
              ],
              [
                -122.29263165631247,
                47.735290482993946
              ],
              [
                -122.29263512455722,
                47.73521308594303
              ],
              [
                -122.29263521342523,
                47.73520878157395
              ],
              [
                -122.29263534673241,
                47.73519124791853
              ],
              [
                -122.29263536378774,
                47.73518900537042
              ],
              [
                -122.29263622292996,
                47.735076002984094
              ],
              [
                -122.29263592900688,
                47.73507170171001
              ],
              [
                -122.29263497277833,
                47.735046614421776
              ],
              [
                -122.29263461739389,
                47.73503691585163
              ],
              [
                -122.29263449066319,
                47.73503249211151
              ],
              [
                -122.29263209076069,
                47.73493889404845
              ],
              [
                -122.29263201857248,
                47.734934588267286
              ],
              [
                -122.29263055148678,
                47.7348530848011
              ],
              [
                -122.29262962820361,
                47.73480179189214
              ],
              [
                -122.2926295559724,
                47.73479748519825
              ],
              [
                -122.29262930771904,
                47.734735093411516
              ],
              [
                -122.29262893433797,
                47.73473069127132
              ],
              [
                -122.29262768700626,
                47.734664685503816
              ],
              [
                -122.29262760928215,
                47.734660381715905
              ],
              [
                -122.2926251060892,
                47.734527582985294
              ],
              [
                -122.29262502858651,
                47.73452327692351
              ],
              [
                -122.29262253185338,
                47.73439047941904
              ],
              [
                -122.29262245462122,
                47.73438617536043
              ],
              [
                -122.29261996257671,
                47.73425337880433
              ],
              [
                -122.2926198863223,
                47.734249073399425
              ],
              [
                -122.29261740287602,
                47.73411627747734
              ],
              [
                -122.29261732714015,
                47.73411197466119
              ],
              [
                -122.29261555874322,
                47.73401712167512
              ],
              [
                -122.29261485130618,
                47.73397917598522
              ],
              [
                -122.29261477624077,
                47.73397487229532
              ],
              [
                -122.29261445795795,
                47.73395795545947
              ],
              [
                -122.29261451941562,
                47.73395365874643
              ],
              [
                -122.29261511296995,
                47.7339494889263
              ],
              [
                -122.29261584961309,
                47.733945313814985
              ],
              [
                -122.29261645391242,
                47.73394115938192
              ],
              [
                -122.29261762205856,
                47.73393731913549
              ],
              [
                -122.29262032684116,
                47.73393245668497
              ],
              [
                -122.29262286582102,
                47.73392839896789
              ],
              [
                -122.29262439039354,
                47.73392419530719
              ],
              [
                -122.29262617369702,
                47.73392048985476
              ],
              [
                -122.29262924588943,
                47.73391430075306
              ],
              [
                -122.29263511621977,
                47.73390681855853
              ],
              [
                -122.29264187576325,
                47.733899658559444
              ],
              [
                -122.29264765623726,
                47.73389412541902
              ],
              [
                -122.29265736334929,
                47.73388812423542
              ],
              [
                -122.29266668948398,
                47.73388226011202
              ],
              [
                -122.29267636352081,
                47.7338766620379
              ],
              [
                -122.29268675337062,
                47.7338716741505
              ],
              [
                -122.29269674332613,
                47.733866529284576
              ],
              [
                -122.29271030668951,
                47.73386407921674
              ],
              [
                -122.29272157723288,
                47.73386110059885
              ],
              [
                -122.29273312172236,
                47.73385876480851
              ],
              [
                -122.29274746454367,
                47.733856904258914
              ],
              [
                -122.29278465923372,
                47.733857210344716
              ],
              [
                -122.29315108818938,
                47.73386019464929
              ],
              [
                -122.29359511435376,
                47.73386362457883
              ],
              [
                -122.29360158481464,
                47.73386337827578
              ],
              [
                -122.29360899775386,
                47.73386360684945
              ],
              [
                -122.29361897075381,
                47.73386366029458
              ],
              [
                -122.29362878098073,
                47.733863912029975
              ],
              [
                -122.29363613044269,
                47.73386279457911
              ],
              [
                -122.29364559550433,
                47.733862511219435
              ],
              [
                -122.29370092165622,
                47.733860854905174
              ],
              [
                -122.2937821606849,
                47.733858422773
              ],
              [
                -122.29382280766464,
                47.733857205858854
              ],
              [
                -122.29390672991887,
                47.73385469330738
              ],
              [
                -122.29394061699624,
                47.733853678747046
              ],
              [
                -122.29394878483775,
                47.733853434203276
              ],
              [
                -122.29395572042196,
                47.7338535957266
              ],
              [
                -122.29396182593139,
                47.73385403693889
              ],
              [
                -122.29396949199563,
                47.73385366069678
              ],
              [
                -122.29397703606102,
                47.73385349488852
              ],
              [
                -122.29398583000903,
                47.73385341711914
              ],
              [
                -122.29415339745395,
                47.73385462251499
              ],
              [
                -122.29426825633149,
                47.73385543894634
              ],
              [
                -122.29438297076692,
                47.73385625283469
              ],
              [
                -122.2946045208565,
                47.733857889739696
              ],
              [
                -122.29461298261336,
                47.733857875380075
              ],
              [
                -122.29483993558779,
                47.73385896687586
              ],
              [
                -122.29484728599633,
                47.73385863611025
              ],
              [
                -122.29496207796744,
                47.73385950716854
              ],
              [
                -122.29507474270277,
                47.733860409843125
              ],
              [
                -122.2951172557262,
                47.73386093106623
              ],
              [
                -122.29513737861953,
                47.7338611777769
              ],
              [
                -122.29517648696611,
                47.7338616572399
              ],
              [
                -122.29523144808834,
                47.733862331039404
              ],
              [
                -122.29527910244877,
                47.7338629152361
              ],
              [
                -122.29550607666607,
                47.733864511688296
              ],
              [
                -122.29573491486936,
                47.73386610754557
              ],
              [
                -122.2959637545913,
                47.733867704510565
              ],
              [
                -122.29619178223862,
                47.73386929766164
              ],
              [
                -122.29641396788234,
                47.73387083596768
              ],
              [
                -122.29653508278743,
                47.73387209903667
              ],
              [
                -122.29653570919358,
                47.73390636440015
              ],
              [
                -122.29671642456336,
                47.73390740744771
              ],
              [
                -122.2967235603018,
                47.7339074251685
              ],
              [
                -122.29672986194456,
                47.73390748658606
              ],
              [
                -122.29767924907343,
                47.733918896824356
              ],
              [
                -122.29768635944852,
                47.73391879823247
              ],
              [
                -122.29769558271464,
                47.73391872933676
              ],
              [
                -122.29770414573404,
                47.73391667524094
              ],
              [
                -122.29781292253126,
                47.73390696882686
              ],
              [
                -122.2978722334017,
                47.733901676332394
              ],
              [
                -122.29789266527705,
                47.73389985311895
              ],
              [
                -122.29793195567817,
                47.733896347090734
              ],
              [
                -122.29801550428884,
                47.7338888916783
              ],
              [
                -122.29825730571744,
                47.73389065710641
              ],
              [
                -122.2985011620763,
                47.73389240307519
              ],
              [
                -122.29911764345786,
                47.733896777379954
              ],
              [
                -122.29917518671556,
                47.73389718911708
              ],
              [
                -122.29920469757,
                47.73389740025393
              ],
              [
                -122.29924533728308,
                47.733897691020275
              ],
              [
                -122.29930834197542,
                47.733898141759425
              ],
              [
                -122.29933069113498,
                47.73389830163319
              ],
              [
                -122.29936385324308,
                47.73389853885622
              ],
              [
                -122.29991453525322,
                47.733902507872855
              ],
              [
                -122.30024777471482,
                47.7339048869463
              ],
              [
                -122.30046697646108,
                47.733906415219714
              ],
              [
                -122.30053042079982,
                47.73390685991742
              ],
              [
                -122.30056607963697,
                47.73390710984227
              ],
              [
                -122.30060085358006,
                47.733907353548084
              ],
              [
                -122.30066394128755,
                47.73390779566989
              ],
              [
                -122.30071319367025,
                47.733908140813824
              ],
              [
                -122.30102227998509,
                47.73391037424939
              ],
              [
                -122.30131493179192,
                47.73391245466898
              ],
              [
                -122.30157913081581,
                47.73391433297256
              ],
              [
                -122.30175594395335,
                47.733915549015094
              ],
              [
                -122.30176377405368,
                47.73391549422962
              ],
              [
                -122.30177018498391,
                47.73391537874595
              ],
              [
                -122.30178053205765,
                47.733916072516436
              ],
              [
                -122.3017885947367,
                47.733917038357454
              ],
              [
                -122.30179854762346,
                47.733915841717085
              ],
              [
                -122.30185358748481,
                47.73391628171425
              ],
              [
                -122.3019148551689,
                47.73391677146232
              ],
              [
                -122.30194524284927,
                47.73391701436274
              ],
              [
                -122.30195809824991,
                47.73391711711697
              ],
              [
                -122.30262502425947,
                47.73392471903703
              ],
              [
                -122.30288421398963,
                47.73392768111296
              ],
              [
                -122.30312196490678,
                47.733930397652344
              ],
              [
                -122.30337365321769,
                47.733933272891704
              ],
              [
                -122.30362919598024,
                47.733936191578
              ],
              [
                -122.30388003887732,
                47.73393905606351
              ],
              [
                -122.30421249437656,
                47.73394283955293
              ],
              [
                -122.30465738305439,
                47.73394787522017
              ],
              [
                -122.30465840408952,
                47.73395604156642
              ],
              [
                -122.30466043148753,
                47.733998374098164
              ],
              [
                -122.30466113382009,
                47.73400275530281
              ],
              [
                -122.30576907597957,
                47.734015386876585
              ],
              [
                -122.30577656850221,
                47.73401492074763
              ],
              [
                -122.30578555876814,
                47.73401468168132
              ],
              [
                -122.30579310495203,
                47.734012036517925
              ],
              [
                -122.3061326819742,
                47.73396468878677
              ],
              [
                -122.30640722621827,
                47.73396781996132
              ],
              [
                -122.30668458336056,
                47.733970964378834
              ],
              [
                -122.30696100282127,
                47.73397410354701
              ],
              [
                -122.30723789423867,
                47.733977229350295
              ],
              [
                -122.3074832895369,
                47.733979546853206
              ],
              [
                -122.30772717475068,
                47.73398232554649
              ],
              [
                -122.30797106000843,
                47.73398510371808
              ],
              [
                -122.30821494532852,
                47.733987881391805
              ],
              [
                -122.30845883062128,
                47.73399065854485
              ],
              [
                -122.3087027159391,
                47.733993435140405
              ],
              [
                -122.30894660135564,
                47.73399621126165
              ],
              [
                -122.30919048672565,
                47.73399898681438
              ],
              [
                -122.30943437219395,
                47.73400176188082
              ],
              [
                -122.30967825763426,
                47.73400453640245
              ],
              [
                -122.30994092217398,
                47.73400752398089
              ],
              [
                -122.31025782885662,
                47.73403696608262
              ],
              [
                -122.31026492595534,
                47.73403787776628
              ],
              [
                -122.3102732137674,
                47.734038395385305
              ],
              [
                -122.31028150926257,
                47.734038923237904
              ],
              [
                -122.31029012929832,
                47.73403927520393
              ],
              [
                -122.31043053103187,
                47.73404081576091
              ],
              [
                -122.31067330291637,
                47.7340435888569
              ],
              [
                -122.3109172597214,
                47.73404569991796
              ],
              [
                -122.31116104849242,
                47.73404568249911
              ],
              [
                -122.31116047895765,
                47.7340213874962
              ],
              [
                -122.31140436642931,
                47.73402442899844
              ],
              [
                -122.31163482643757,
                47.73402704499268
              ],
              [
                -122.31164828512516,
                47.73402724947908
              ],
              [
                -122.31189213169527,
                47.73402979684287
              ],
              [
                -122.31213617930936,
                47.734032818916695
              ],
              [
                -122.31264253623729,
                47.73403861617002
              ],
              [
                -122.3127656190734,
                47.73404708952653
              ]
            ]
          ]
        ]
      }
    },
    {
      "type": "Feature",
      "properties": {
        "NAME": "I-5 Corridor",
        "ACRES": 138.77687195,
        "PERIMETER": 36545.44550008,
        "HANCODE": "I5CORR",
        "created_user": "LBIDDISON",
        "created_date": "2015-03-31T17:06:43.000",
        "last_edited_user": "LBIDDISON",
        "last_edited_date": "2015-03-31T17:14:08.000",
        "GlobalID": "{395DE8BB-FD96-4C7F-AD30-B865A361659F}",
        "Shape_Length": 36545.445500024056,
        "Shape_Area": 6045096.361605408
      },
      "geometry": {
        "type": "MultiPolygon",
        "coordinates": [
          [
            [
              [
                -122.31575771956511,
                47.77729345127813
              ],
              [
                -122.3157807809959,
                47.77619854272845
              ],
              [
                -122.31744203758134,
                47.774776839856884
              ],
              [
                -122.3174757041654,
                47.77471046931002
              ],
              [
                -122.3180146514145,
                47.77364500280101
              ],
              [
                -122.31813015476371,
                47.773482517085746
              ],
              [
                -122.31831928084644,
                47.77334195622517
              ],
              [
                -122.31876036886656,
                47.77301252371855
              ],
              [
                -122.31877854431066,
                47.772987878399654
              ],
              [
                -122.31889138105603,
                47.77283406696716
              ],
              [
                -122.31901888070016,
                47.77266039888679
              ],
              [
                -122.31934326349239,
                47.772103546727365
              ],
              [
                -122.32022178472168,
                47.771207251538115
              ],
              [
                -122.32029604457573,
                47.77110609055059
              ],
              [
                -122.32061426928335,
                47.77067258949078
              ],
              [
                -122.3206164022166,
                47.77060531591552
              ],
              [
                -122.32078311554234,
                47.77037790179675
              ],
              [
                -122.32081131449948,
                47.77033988638552
              ],
              [
                -122.32084120549617,
                47.77029586831129
              ],
              [
                -122.32089590387649,
                47.770215318191305
              ],
              [
                -122.32107516441185,
                47.76993300288138
              ],
              [
                -122.32128944035126,
                47.76954242559866
              ],
              [
                -122.32144520459212,
                47.76920509603784
              ],
              [
                -122.32127454325945,
                47.76920231043596
              ],
              [
                -122.32135346495224,
                47.769013647674896
              ],
              [
                -122.32142381623703,
                47.76882345019038
              ],
              [
                -122.32148553173207,
                47.768631894897254
              ],
              [
                -122.32154736829267,
                47.76840411243441
              ],
              [
                -122.32160187346253,
                47.768175480604924
              ],
              [
                -122.3216490217706,
                47.76794610664639
              ],
              [
                -122.32165574595417,
                47.76792700855452
              ],
              [
                -122.32190854041272,
                47.76676116449444
              ],
              [
                -122.32211349907006,
                47.76676363609552
              ],
              [
                -122.32213273797409,
                47.76667535458621
              ],
              [
                -122.32214241697054,
                47.76663664679141
              ],
              [
                -122.32220905507768,
                47.766492520684146
              ],
              [
                -122.32228890267713,
                47.766319760003796
              ],
              [
                -122.32245214628905,
                47.76596393145312
              ],
              [
                -122.32248786717305,
                47.76579998323584
              ],
              [
                -122.3227026102215,
                47.76483156203786
              ],
              [
                -122.32274321713919,
                47.76483198723061
              ],
              [
                -122.32278205666177,
                47.76466242019533
              ],
              [
                -122.32297788290364,
                47.76399617264992
              ],
              [
                -122.32297757558378,
                47.76314476842764
              ],
              [
                -122.32296251972005,
                47.76314093849158
              ],
              [
                -122.32294854898666,
                47.763135554474836
              ],
              [
                -122.32293601359935,
                47.76312875132363
              ],
              [
                -122.32292522769015,
                47.76312069955392
              ],
              [
                -122.32291646162884,
                47.76311160096568
              ],
              [
                -122.3229099351235,
                47.76310168361395
              ],
              [
                -122.32290581176339,
                47.763091196064536
              ],
              [
                -122.32290960822928,
                47.763023661910815
              ],
              [
                -122.32292290041201,
                47.76295667614235
              ],
              [
                -122.32294556806515,
                47.762890844354196
              ],
              [
                -122.32297740626083,
                47.76282676167326
              ],
              [
                -122.32301812712812,
                47.76276500746083
              ],
              [
                -122.32306736248157,
                47.762706139979684
              ],
              [
                -122.3231246672085,
                47.76265069143553
              ],
              [
                -122.3240131912556,
                47.761851385015525
              ],
              [
                -122.32408047853494,
                47.76178646684614
              ],
              [
                -122.32413911546445,
                47.76171784042337
              ],
              [
                -122.324188655559,
                47.76164602837535
              ],
              [
                -122.32422872155966,
                47.76157157758604
              ],
              [
                -122.32425900839554,
                47.76149505503469
              ],
              [
                -122.32427928546409,
                47.76141704345162
              ],
              [
                -122.32428939841022,
                47.76133813694503
              ],
              [
                -122.32428718523087,
                47.761148527449514
              ],
              [
                -122.32431776802075,
                47.76114334625886
              ],
              [
                -122.32431874956679,
                47.76105689573544
              ],
              [
                -122.3244181642647,
                47.761057241323165
              ],
              [
                -122.32456035362127,
                47.76086588902453
              ],
              [
                -122.32459298679828,
                47.760824230934695
              ],
              [
                -122.32474396886171,
                47.76063294105846
              ],
              [
                -122.32490111034188,
                47.7604416716216
              ],
              [
                -122.32506458778334,
                47.76025043171718
              ],
              [
                -122.3252345984891,
                47.76005921432784
              ],
              [
                -122.3252753491685,
                47.76001518932989
              ],
              [
                -122.32561814843353,
                47.75965260978358
              ],
              [
                -122.32577960314337,
                47.75948803176032
              ],
              [
                -122.32555014505651,
                47.75948520920434
              ],
              [
                -122.32586029428595,
                47.759162173340506
              ],
              [
                -122.32584940937156,
                47.75865124683557
              ],
              [
                -122.32659241660632,
                47.75866292820624
              ],
              [
                -122.3271357723094,
                47.758110695791494
              ],
              [
                -122.32753504040492,
                47.75770489461557
              ],
              [
                -122.32792071962051,
                47.75707957883987
              ],
              [
                -122.32813133518565,
                47.75683536600563
              ],
              [
                -122.3280825804245,
                47.75683483064704
              ],
              [
                -122.32806835338471,
                47.75608682575069
              ],
              [
                -122.32864478657174,
                47.75612485628881
              ],
              [
                -122.32871645041635,
                47.755930076499475
              ],
              [
                -122.32880110546019,
                47.75568653131106
              ],
              [
                -122.3289415994478,
                47.75547872033102
              ],
              [
                -122.3291644427975,
                47.755108229815214
              ],
              [
                -122.32925158021057,
                47.75510833911429
              ],
              [
                -122.32956586709949,
                47.754434187800456
              ],
              [
                -122.32952183382871,
                47.7523838871424
              ],
              [
                -122.32958774026702,
                47.75238469349721
              ],
              [
                -122.32955596963242,
                47.75221977386026
              ],
              [
                -122.32944161642892,
                47.751770823767814
              ],
              [
                -122.3293837957098,
                47.751590764338346
              ],
              [
                -122.32928654386212,
                47.751437200752676
              ],
              [
                -122.32914984682894,
                47.751107052028935
              ],
              [
                -122.32900100512774,
                47.75077153413725
              ],
              [
                -122.32890554133661,
                47.750558816759224
              ],
              [
                -122.32874640485358,
                47.75039050891141
              ],
              [
                -122.32862646892504,
                47.75011248276738
              ],
              [
                -122.32853119810105,
                47.74985616985418
              ],
              [
                -122.3285199537098,
                47.74982927952736
              ],
              [
                -122.32846713249262,
                47.74966383803719
              ],
              [
                -122.32839302895185,
                47.74938329645629
              ],
              [
                -122.32832121370566,
                47.749013538197076
              ],
              [
                -122.32828568155753,
                47.74873343403996
              ],
              [
                -122.32827381556001,
                47.748564425012916
              ],
              [
                -122.32826929581917,
                47.748425501376296
              ],
              [
                -122.32826822061215,
                47.74828654618286
              ],
              [
                -122.32827736439948,
                47.748004472450646
              ],
              [
                -122.32831611141795,
                47.74762151173655
              ],
              [
                -122.32833645994043,
                47.74751295390842
              ],
              [
                -122.3284164953568,
                47.74715759731352
              ],
              [
                -122.32850613994452,
                47.7468315767503
              ],
              [
                -122.32853115959715,
                47.746741896567535
              ],
              [
                -122.32890102840145,
                47.74623089207873
              ],
              [
                -122.32898737714072,
                47.745921020233226
              ],
              [
                -122.32909039155683,
                47.7455446597615
              ],
              [
                -122.32929271069291,
                47.74480939014727
              ],
              [
                -122.32922878659934,
                47.74266017213161
              ],
              [
                -122.32917042675143,
                47.742485539533185
              ],
              [
                -122.32910393063001,
                47.742312235326665
              ],
              [
                -122.32905298092814,
                47.742208787286415
              ],
              [
                -122.32886791928368,
                47.74181832916243
              ],
              [
                -122.32879146243921,
                47.741836860962536
              ],
              [
                -122.32800229453629,
                47.74052660528754
              ],
              [
                -122.32799642203817,
                47.740456939814074
              ],
              [
                -122.32802611641294,
                47.74045724646045
              ],
              [
                -122.32747179803158,
                47.739542718760106
              ],
              [
                -122.32691773282262,
                47.738628571125524
              ],
              [
                -122.32681683026426,
                47.738462090995846
              ],
              [
                -122.32667335071193,
                47.7382253570505
              ],
              [
                -122.32630230581321,
                47.7376131422217
              ],
              [
                -122.3260831375047,
                47.73725151493193
              ],
              [
                -122.3258123307663,
                47.73680134820256
              ],
              [
                -122.32575861438043,
                47.73680086653888
              ],
              [
                -122.32572635129864,
                47.73680057744931
              ],
              [
                -122.32548670842702,
                47.73641779682827
              ],
              [
                -122.32536654796603,
                47.73622440889322
              ],
              [
                -122.32516680849804,
                47.73588690524483
              ],
              [
                -122.32513651186726,
                47.73588688697499
              ],
              [
                -122.32505947708707,
                47.73577718335773
              ],
              [
                -122.3250142260176,
                47.73572093744035
              ],
              [
                -122.32496009691633,
                47.73566838197252
              ],
              [
                -122.32489774391497,
                47.73562015202325
              ],
              [
                -122.32482792048467,
                47.73557683039037
              ],
              [
                -122.32475147038144,
                47.73553894057002
              ],
              [
                -122.32466931741827,
                47.735506940426696
              ],
              [
                -122.32458245433374,
                47.7354812166199
              ],
              [
                -122.32449193076205,
                47.735462079991954
              ],
              [
                -122.32439884056942,
                47.735449761804546
              ],
              [
                -122.32430430862865,
                47.735444410884476
              ],
              [
                -122.32365888478793,
                47.73545406141281
              ],
              [
                -122.32353896476779,
                47.73545533345712
              ],
              [
                -122.32349912993035,
                47.73413935119447
              ],
              [
                -122.32350913693092,
                47.73413943879665
              ],
              [
                -122.32598006588451,
                47.73416104030567
              ],
              [
                -122.32598012959247,
                47.73416104080575
              ],
              [
                -122.32604498971479,
                47.73443571254467
              ],
              [
                -122.32623083723897,
                47.735215314602854
              ],
              [
                -122.32626511609163,
                47.735360719333315
              ],
              [
                -122.32630954709134,
                47.73550486817198
              ],
              [
                -122.32636403093632,
                47.7356474387216
              ],
              [
                -122.32636540190033,
                47.73572259916439
              ],
              [
                -122.32639717834849,
                47.73572279443757
              ],
              [
                -122.32671869236553,
                47.736453683110625
              ],
              [
                -122.3267755365157,
                47.73658291066159
              ],
              [
                -122.3268805169709,
                47.73675612402362
              ],
              [
                -122.32693483015585,
                47.73681138240813
              ],
              [
                -122.32699503077082,
                47.73687262948134
              ],
              [
                -122.32723635539605,
                47.73727080549481
              ],
              [
                -122.32785808457606,
                47.73829382918149
              ],
              [
                -122.3279410339641,
                47.738417263229714
              ],
              [
                -122.32851257828624,
                47.73926775551886
              ],
              [
                -122.32868658291392,
                47.73955482465847
              ],
              [
                -122.32894558956716,
                47.73997933849448
              ],
              [
                -122.32920942863524,
                47.740417391898845
              ],
              [
                -122.32925363233984,
                47.740417881993054
              ],
              [
                -122.32978857149494,
                47.74130271605658
              ],
              [
                -122.32974669977523,
                47.741302279825334
              ],
              [
                -122.32984311601965,
                47.741467792767416
              ],
              [
                -122.32985628225104,
                47.74146793173898
              ],
              [
                -122.32987541509038,
                47.74150102914237
              ],
              [
                -122.32996145658466,
                47.7416561969065
              ],
              [
                -122.33003996270759,
                47.74181317205305
              ],
              [
                -122.33011085014492,
                47.741971788127024
              ],
              [
                -122.33017404367064,
                47.742131876955895
              ],
              [
                -122.33022947620395,
                47.742293268768755
              ],
              [
                -122.33029538324053,
                47.74248440027671
              ],
              [
                -122.33037178648473,
                47.74275086724264
              ],
              [
                -122.33040815528317,
                47.742903544794885
              ],
              [
                -122.33043931690435,
                47.74305674538151
              ],
              [
                -122.33046525491719,
                47.74321038822221
              ],
              [
                -122.33048364320803,
                47.74334495387278
              ],
              [
                -122.33050412784768,
                47.743555425956046
              ],
              [
                -122.3305138334648,
                47.74372336782426
              ],
              [
                -122.33051655547185,
                47.7438914272133
              ],
              [
                -122.33051056086276,
                47.74412278835456
              ],
              [
                -122.33047967159533,
                47.74446685024146
              ],
              [
                -122.33042879493601,
                47.74477999865724
              ],
              [
                -122.33039090899074,
                47.74495167697081
              ],
              [
                -122.33037164366031,
                47.74503029200148
              ],
              [
                -122.33033438554806,
                47.74516845655421
              ],
              [
                -122.33026924883487,
                47.74540224158751
              ],
              [
                -122.33021728367723,
                47.745588750846366
              ],
              [
                -122.33017143883816,
                47.745753291278675
              ],
              [
                -122.33012679010086,
                47.74591354269252
              ],
              [
                -122.33008098839476,
                47.74607792821458
              ],
              [
                -122.3300348452442,
                47.74624354168283
              ],
              [
                -122.32997729177501,
                47.746449900786914
              ],
              [
                -122.32986911188526,
                47.746838357655264
              ],
              [
                -122.32982854600425,
                47.746983937578925
              ],
              [
                -122.32978796121718,
                47.747129596316285
              ],
              [
                -122.32974226501086,
                47.747295845890044
              ],
              [
                -122.32970218271056,
                47.74746275298104
              ],
              [
                -122.32967347508816,
                47.7476079755642
              ],
              [
                -122.32964990312645,
                47.74775361804085
              ],
              [
                -122.32962791499668,
                47.747934998721384
              ],
              [
                -122.32961433845554,
                47.748116754125704
              ],
              [
                -122.32960918682696,
                47.74829870685958
              ],
              [
                -122.32961246523459,
                47.74848067933421
              ],
              [
                -122.32962417056973,
                47.74866249392251
              ],
              [
                -122.32966283797752,
                47.748968644493104
              ],
              [
                -122.32975125969146,
                47.74937428358618
              ],
              [
                -122.3298001293982,
                47.749539866026595
              ],
              [
                -122.32981134590773,
                47.7495758270626
              ],
              [
                -122.32988143978731,
                47.7497747720031
              ],
              [
                -122.32997448025614,
                47.750000928143855
              ],
              [
                -122.33007992973675,
                47.750238619003724
              ],
              [
                -122.33010265700324,
                47.75040239531287
              ],
              [
                -122.33011856018057,
                47.750516977292
              ],
              [
                -122.3301413149668,
                47.75056656791845
              ],
              [
                -122.33025069683741,
                47.750799850801776
              ],
              [
                -122.33035073884948,
                47.751035032804424
              ],
              [
                -122.3304413685418,
                47.751271943876695
              ],
              [
                -122.33052252023671,
                47.751510412712285
              ],
              [
                -122.33059413513315,
                47.75175026687912
              ],
              [
                -122.33065616132865,
                47.75199133293908
              ],
              [
                -122.3307085538057,
                47.75223343659221
              ],
              [
                -122.33073697954406,
                47.75239827632937
              ],
              [
                -122.33096554738208,
                47.75240097267917
              ],
              [
                -122.33097084286472,
                47.7525828940608
              ],
              [
                -122.33096971255296,
                47.75282796015346
              ],
              [
                -122.33094503398223,
                47.75319041533733
              ],
              [
                -122.3309246618133,
                47.75345873274632
              ],
              [
                -122.33091867763899,
                47.75364787638582
              ],
              [
                -122.33090999586888,
                47.753922284408894
              ],
              [
                -122.33109034751891,
                47.75414302414471
              ],
              [
                -122.33113611656968,
                47.75420165658952
              ],
              [
                -122.33104662211743,
                47.75464155800668
              ],
              [
                -122.33100298536567,
                47.75479332752737
              ],
              [
                -122.33092293851848,
                47.75507800931853
              ],
              [
                -122.33074301158726,
                47.75535263197653
              ],
              [
                -122.33055350884534,
                47.7557763382721
              ],
              [
                -122.33044219855765,
                47.75611123865082
              ],
              [
                -122.33028438300589,
                47.756374744631415
              ],
              [
                -122.33005929874602,
                47.756750559319165
              ],
              [
                -122.32961840200203,
                47.75717567078
              ],
              [
                -122.32954070983392,
                47.757182675591345
              ],
              [
                -122.32941995684705,
                47.75730382610048
              ],
              [
                -122.3293916403072,
                47.757394302382956
              ],
              [
                -122.32905410346629,
                47.75772165081412
              ],
              [
                -122.32890096890428,
                47.757844661960384
              ],
              [
                -122.32858183935747,
                47.758101297715804
              ],
              [
                -122.32843650718972,
                47.758208439165045
              ],
              [
                -122.32812282231424,
                47.75846152718365
              ],
              [
                -122.32779942093282,
                47.75879987049665
              ],
              [
                -122.32780471811107,
                47.759047938515394
              ],
              [
                -122.3274871172066,
                47.759370056837525
              ],
              [
                -122.32748995310435,
                47.759502825719636
              ],
              [
                -122.32711020643603,
                47.75950035082027
              ],
              [
                -122.32634106579202,
                47.76028753830909
              ],
              [
                -122.32639258526967,
                47.760309545048436
              ],
              [
                -122.32626039882318,
                47.760451907007386
              ],
              [
                -122.32609389976935,
                47.760638405487015
              ],
              [
                -122.32593014679742,
                47.760829647073635
              ],
              [
                -122.3257730942559,
                47.7610209122514
              ],
              [
                -122.32555823862077,
                47.7612970960418
              ],
              [
                -122.32522342414933,
                47.761763471679
              ],
              [
                -122.32497153986141,
                47.762152951844186
              ],
              [
                -122.32494719855438,
                47.76219343373639
              ],
              [
                -122.3248168407045,
                47.76255227219976
              ],
              [
                -122.3247588557402,
                47.76271188573441
              ],
              [
                -122.32472061341024,
                47.762702576500786
              ],
              [
                -122.32469900454079,
                47.76274369960274
              ],
              [
                -122.3246698905522,
                47.76279910292132
              ],
              [
                -122.32451986029372,
                47.76309948668049
              ],
              [
                -122.32445963720563,
                47.76322877914175
              ],
              [
                -122.32445605323504,
                47.76323647352999
              ],
              [
                -122.32441727524827,
                47.76332038570332
              ],
              [
                -122.3244855999998,
                47.7633205290503
              ],
              [
                -122.32435684501789,
                47.76365145035825
              ],
              [
                -122.3242682711055,
                47.7638132694571
              ],
              [
                -122.32419727521126,
                47.76394293421771
              ],
              [
                -122.32416159519973,
                47.764238308444874
              ],
              [
                -122.32417439299678,
                47.764515128092896
              ],
              [
                -122.32389849511658,
                47.76451076210775
              ],
              [
                -122.32381146748475,
                47.76484607645323
              ],
              [
                -122.32377137684749,
                47.765013063416234
              ],
              [
                -122.32373348908756,
                47.765181726258184
              ],
              [
                -122.3236978923275,
                47.76534520206705
              ],
              [
                -122.32368156199291,
                47.76542074212593
              ],
              [
                -122.32368339181404,
                47.76550654227311
              ],
              [
                -122.3236905702496,
                47.76581821973349
              ],
              [
                -122.32359510907925,
                47.765816779242286
              ],
              [
                -122.32355545692111,
                47.765980709803074
              ],
              [
                -122.32345575157211,
                47.766280325400594
              ],
              [
                -122.32345701628778,
                47.76633840296628
              ],
              [
                -122.3234649383471,
                47.76670227901893
              ],
              [
                -122.32339458331178,
                47.76670147938881
              ],
              [
                -122.3233969395117,
                47.76678380868816
              ],
              [
                -122.32340026084326,
                47.76689976408113
              ],
              [
                -122.3230856965568,
                47.768154956321666
              ],
              [
                -122.32304493067772,
                47.768153434698576
              ],
              [
                -122.32303179577295,
                47.768213638072304
              ],
              [
                -122.32299163074588,
                47.76820943480096
              ],
              [
                -122.32295610480666,
                47.768364089881125
              ],
              [
                -122.32299880724277,
                47.76836510686269
              ],
              [
                -122.32294651610702,
                47.7685848681905
              ],
              [
                -122.32292400524024,
                47.76858445381216
              ],
              [
                -122.32293219687246,
                47.76904899984595
              ],
              [
                -122.32293086850343,
                47.769055815390665
              ],
              [
                -122.32280836079536,
                47.76938103674918
              ],
              [
                -122.3227037980976,
                47.76962251878398
              ],
              [
                -122.3226052178796,
                47.769829127060376
              ],
              [
                -122.32247282446995,
                47.77008144367485
              ],
              [
                -122.32238113447927,
                47.770241791930154
              ],
              [
                -122.32228238207236,
                47.770404513853386
              ],
              [
                -122.32208346596978,
                47.77070666545359
              ],
              [
                -122.32207903367615,
                47.770713037661025
              ],
              [
                -122.32168847699515,
                47.771277396130614
              ],
              [
                -122.32129885810973,
                47.77187245557859
              ],
              [
                -122.32111024708662,
                47.77212939127841
              ],
              [
                -122.3210460392305,
                47.77221685891747
              ],
              [
                -122.3209432407318,
                47.77235689077891
              ],
              [
                -122.32056918406907,
                47.77286643891344
              ],
              [
                -122.32048718636355,
                47.772978134197864
              ],
              [
                -122.32041615566433,
                47.77326031840914
              ],
              [
                -122.32027510433954,
                47.773453603884285
              ],
              [
                -122.32023124960003,
                47.77351370030152
              ],
              [
                -122.32011546558061,
                47.77367165392488
              ],
              [
                -122.32004733852362,
                47.77376570944948
              ],
              [
                -122.31997427293126,
                47.77397576949722
              ],
              [
                -122.31989636045175,
                47.77422637490135
              ],
              [
                -122.31972365505393,
                47.77478199488843
              ],
              [
                -122.31960751387352,
                47.77515611990955
              ],
              [
                -122.31943998811151,
                47.775693417624794
              ],
              [
                -122.31939321548356,
                47.77584377236502
              ],
              [
                -122.31928445060956,
                47.776193423056036
              ],
              [
                -122.31966280621108,
                47.776642990516706
              ],
              [
                -122.31964207490859,
                47.776693351835334
              ],
              [
                -122.31963081479711,
                47.77674506194002
              ],
              [
                -122.31962920142443,
                47.77679731480333
              ],
              [
                -122.31963725996629,
                47.7768492959236
              ],
              [
                -122.31965486484012,
                47.77690019505463
              ],
              [
                -122.31968174166894,
                47.776949218821095
              ],
              [
                -122.31971747150037,
                47.776995603040106
              ],
              [
                -122.31976149745873,
                47.777038624699394
              ],
              [
                -122.3198131332657,
                47.777077613189704
              ],
              [
                -122.31987157405666,
                47.777111960774775
              ],
              [
                -122.31993590891624,
                47.77714113205369
              ],
              [
                -122.32000513498667,
                47.77716467230923
              ],
              [
                -122.32007817321615,
                47.77718221460898
              ],
              [
                -122.32015388508417,
                47.777193485500334
              ],
              [
                -122.32023109042741,
                47.7771983092963
              ],
              [
                -122.32023682690307,
                47.77730511352739
              ],
              [
                -122.31575771956511,
                47.77729345127813
              ]
            ]
          ]
        ]
      }
    },
    {
      "type": "Feature",
      "properties": {
        "NAME": "Ballinger",
        "ACRES": 296.511411,
        "PERIMETER": 17364.01073608,
        "HANCODE": "BALLINGER",
        "created_user": "LBIDDISON",
        "created_date": "2015-03-31T17:06:43.000",
        "last_edited_user": "LBIDDISON",
        "last_edited_date": "2015-03-31T17:14:08.000",
        "GlobalID": "{F321E9FB-ECF3-4BD5-8E10-1F949F4B16A0}",
        "Shape_Length": 17364.01073608779,
        "Shape_Area": 12915985.399004918
      },
      "geometry": {
        "type": "MultiPolygon",
        "coordinates": [
          [
            [
              [
                -122.31384550597433,
                47.76953506425108
              ],
              [
                -122.31404263862096,
                47.76932098191416
              ],
              [
                -122.31454549756715,
                47.76932196570979
              ],
              [
                -122.31455014500442,
                47.76941560019415
              ],
              [
                -122.3149758668986,
                47.76942309485828
              ],
              [
                -122.3152604929941,
                47.769428101832645
              ],
              [
                -122.31526113809474,
                47.7695651887724
              ],
              [
                -122.3152607076894,
                47.76970233937263
              ],
              [
                -122.31526133344657,
                47.769839437231035
              ],
              [
                -122.31526165547155,
                47.769907074369726
              ],
              [
                -122.3152625926828,
                47.77011363024839
              ],
              [
                -122.31525332879957,
                47.77019674038157
              ],
              [
                -122.31617390989007,
                47.770212195214
              ],
              [
                -122.31755073713356,
                47.77023749386818
              ],
              [
                -122.31781911973333,
                47.77024242370828
              ],
              [
                -122.31810726992107,
                47.770247716312674
              ],
              [
                -122.31930027396047,
                47.770269479634386
              ],
              [
                -122.32084120549617,
                47.77029586831129
              ],
              [
                -122.32081131449948,
                47.77033988638552
              ],
              [
                -122.32078311554234,
                47.77037790179675
              ],
              [
                -122.3206164022166,
                47.77060531591552
              ],
              [
                -122.32061426928335,
                47.77067258949078
              ],
              [
                -122.32029604457573,
                47.77110609055059
              ],
              [
                -122.32022178472168,
                47.771207251538115
              ],
              [
                -122.31934326349239,
                47.772103546727365
              ],
              [
                -122.31901888070016,
                47.77266039888679
              ],
              [
                -122.31889138105603,
                47.77283406696716
              ],
              [
                -122.31877854431066,
                47.772987878399654
              ],
              [
                -122.31876036886656,
                47.77301252371855
              ],
              [
                -122.31831928084644,
                47.77334195622517
              ],
              [
                -122.31813015476371,
                47.773482517085746
              ],
              [
                -122.3180146514145,
                47.77364500280101
              ],
              [
                -122.3174757041654,
                47.77471046931002
              ],
              [
                -122.31744203758134,
                47.774776839856884
              ],
              [
                -122.3157807809959,
                47.77619854272845
              ],
              [
                -122.31575771956511,
                47.77729345127813
              ],
              [
                -122.31525724228814,
                47.77729030931576
              ],
              [
                -122.31524319156073,
                47.777290118767326
              ],
              [
                -122.31514833865646,
                47.777288631383904
              ],
              [
                -122.3151350603798,
                47.7772879599519
              ],
              [
                -122.31512176928521,
                47.77728636687257
              ],
              [
                -122.31501222752827,
                47.777273777399955
              ],
              [
                -122.31499974866287,
                47.77727222264485
              ],
              [
                -122.31466200989533,
                47.77723326275357
              ],
              [
                -122.31447241657777,
                47.77721149261244
              ],
              [
                -122.31445941812464,
                47.777210364003395
              ],
              [
                -122.31445780826442,
                47.77721022422619
              ],
              [
                -122.31438095905598,
                47.777231735651235
              ],
              [
                -122.31425144809462,
                47.777268418601814
              ],
              [
                -122.31415831422018,
                47.7772298787845
              ],
              [
                -122.3138586043995,
                47.77710585482075
              ],
              [
                -122.31387438830954,
                47.77758307510282
              ],
              [
                -122.31376296303772,
                47.777582788325965
              ],
              [
                -122.30837790365827,
                47.77753238694885
              ],
              [
                -122.3029928547515,
                47.77748173156182
              ],
              [
                -122.29772642996318,
                47.7774322872716
              ],
              [
                -122.29772901773241,
                47.777346360308364
              ],
              [
                -122.29772889145376,
                47.7773418794622
              ],
              [
                -122.29772345240733,
                47.7771488864042
              ],
              [
                -122.297720833395,
                47.77697612452518
              ],
              [
                -122.29771764246401,
                47.77688365929249
              ],
              [
                -122.2977127493861,
                47.77660350316412
              ],
              [
                -122.29771117242012,
                47.776521235267225
              ],
              [
                -122.29770543496412,
                47.776296845787684
              ],
              [
                -122.29770131213513,
                47.77611683802001
              ],
              [
                -122.29769987060342,
                47.77605390578639
              ],
              [
                -122.29769535431208,
                47.77585665651468
              ],
              [
                -122.29769160126054,
                47.775656866045274
              ],
              [
                -122.29769190706672,
                47.775652379667726
              ],
              [
                -122.29769002949459,
                47.7756089058419
              ],
              [
                -122.29768990334824,
                47.775604424993475
              ],
              [
                -122.2976809163174,
                47.775285194971495
              ],
              [
                -122.29767265838986,
                47.774980486291774
              ],
              [
                -122.29766765432284,
                47.77480344808113
              ],
              [
                -122.29766506852063,
                47.77469301303872
              ],
              [
                -122.29766089729367,
                47.77451591846869
              ],
              [
                -122.29765973154865,
                47.77446657829515
              ],
              [
                -122.2976583280196,
                47.77441180802237
              ],
              [
                -122.29765276494498,
                47.77413795808631
              ],
              [
                -122.29764709462421,
                47.77387247317005
              ],
              [
                -122.29764740042367,
                47.77386798679205
              ],
              [
                -122.29764611814178,
                47.77359744509738
              ],
              [
                -122.29764492899776,
                47.77359195886809
              ],
              [
                -122.29764194566263,
                47.77358519537126
              ],
              [
                -122.29764037511201,
                47.773578471859516
              ],
              [
                -122.29763972479304,
                47.773573036682436
              ],
              [
                -122.2976390780613,
                47.77356761491716
              ],
              [
                -122.2976383337179,
                47.77355997171095
              ],
              [
                -122.29763644620826,
                47.77347954260286
              ],
              [
                -122.29763130005408,
                47.77326025252155
              ],
              [
                -122.29763114905913,
                47.77320117724877
              ],
              [
                -122.29762943452734,
                47.77307994879313
              ],
              [
                -122.29762100983915,
                47.77282175955804
              ],
              [
                -122.2976132926081,
                47.7724929067041
              ],
              [
                -122.29761318743874,
                47.77248842463642
              ],
              [
                -122.29761090518728,
                47.77239116568547
              ],
              [
                -122.29761071916826,
                47.77238323921595
              ],
              [
                -122.29761061398564,
                47.77237875729262
              ],
              [
                -122.29760621505407,
                47.772191305436785
              ],
              [
                -122.29760492859454,
                47.77213648295928
              ],
              [
                -122.29760042922787,
                47.77194474615226
              ],
              [
                -122.29760032404502,
                47.77194026415672
              ],
              [
                -122.29759614956875,
                47.77176237197252
              ],
              [
                -122.29759599085529,
                47.7717556084076
              ],
              [
                -122.29759171037475,
                47.77157319770801
              ],
              [
                -122.29759155251634,
                47.77156647070829
              ],
              [
                -122.2975901389043,
                47.771506225757214
              ],
              [
                -122.29758570271319,
                47.77131717526249
              ],
              [
                -122.297581288699,
                47.77112907344545
              ],
              [
                -122.29757997464166,
                47.77107307438899
              ],
              [
                -122.29757984931385,
                47.77106773273671
              ],
              [
                -122.29757843053092,
                47.7710072707956
              ],
              [
                -122.29757465297205,
                47.77082303535988
              ],
              [
                -122.29757436576965,
                47.77081813006128
              ],
              [
                -122.29757040673336,
                47.770633915888396
              ],
              [
                -122.29757210857593,
                47.77062921753233
              ],
              [
                -122.2975682247183,
                47.770464746648045
              ],
              [
                -122.29756905632135,
                47.770457421842444
              ],
              [
                -122.29756632166539,
                47.770334109997094
              ],
              [
                -122.29756556930427,
                47.77032790899958
              ],
              [
                -122.29756459848511,
                47.77032228981274
              ],
              [
                -122.2975644585147,
                47.7703182383947
              ],
              [
                -122.29756488811537,
                47.770314180547125
              ],
              [
                -122.29756559450176,
                47.77030873608745
              ],
              [
                -122.29756608118403,
                47.77030330772371
              ],
              [
                -122.29756752253986,
                47.77029809660389
              ],
              [
                -122.29756957481074,
                47.77029263698131
              ],
              [
                -122.29757278669963,
                47.77028694655765
              ],
              [
                -122.29757549225789,
                47.77028182337341
              ],
              [
                -122.29757753357286,
                47.77027795777093
              ],
              [
                -122.29757957527636,
                47.77027409141845
              ],
              [
                -122.2975828734971,
                47.77026913459662
              ],
              [
                -122.29758616592093,
                47.77026418648843
              ],
              [
                -122.29759006671851,
                47.770258743909245
              ],
              [
                -122.29759423700568,
                47.770254212363746
              ],
              [
                -122.29759911284378,
                47.77024992775263
              ],
              [
                -122.29760275965718,
                47.7702467231768
              ],
              [
                -122.29760647593481,
                47.77024345755832
              ],
              [
                -122.29761150725852,
                47.77023903633828
              ],
              [
                -122.2976163513524,
                47.7702347796019
              ],
              [
                -122.29762185452093,
                47.77023028640912
              ],
              [
                -122.29762853135362,
                47.77022680896368
              ],
              [
                -122.29763503746689,
                47.77022342042647
              ],
              [
                -122.29763986806643,
                47.77022090456367
              ],
              [
                -122.2976446734942,
                47.770218401808435
              ],
              [
                -122.29764947359885,
                47.77021590181279
              ],
              [
                -122.29765428831641,
                47.77021339416771
              ],
              [
                -122.29766169356672,
                47.77021047440365
              ],
              [
                -122.29766728630703,
                47.77020855911954
              ],
              [
                -122.29767280765897,
                47.7702068886729
              ],
              [
                -122.29768018952574,
                47.770204655349275
              ],
              [
                -122.2976857517551,
                47.770202972578026
              ],
              [
                -122.29769144790744,
                47.77020124926512
              ],
              [
                -122.29770777384034,
                47.77019942289573
              ],
              [
                -122.29771571087196,
                47.77019828045644
              ],
              [
                -122.29774037448364,
                47.770196170022075
              ],
              [
                -122.29774834996437,
                47.77019530933973
              ],
              [
                -122.29775532336137,
                47.77019541081469
              ],
              [
                -122.29776365311305,
                47.770195612378004
              ],
              [
                -122.29790737416317,
                47.770196193640096
              ],
              [
                -122.29791532046482,
                47.770196202283486
              ],
              [
                -122.29815090895768,
                47.770196617342634
              ],
              [
                -122.29815973289638,
                47.77019676165978
              ],
              [
                -122.2987589124745,
                47.77019731032426
              ],
              [
                -122.29877285975816,
                47.770197237572184
              ],
              [
                -122.29909639528398,
                47.77019760796802
              ],
              [
                -122.29910624969762,
                47.770198369631416
              ],
              [
                -122.29954672519816,
                47.77019942391573
              ],
              [
                -122.29956035647814,
                47.77019898191399
              ],
              [
                -122.29989987142223,
                47.7702000856399
              ],
              [
                -122.30004830717654,
                47.770200625845575
              ],
              [
                -122.30006986051242,
                47.77020071161417
              ],
              [
                -122.30013250650559,
                47.77020096095295
              ],
              [
                -122.30141482061266,
                47.77020605672494
              ],
              [
                -122.30194714000706,
                47.77020816783733
              ],
              [
                -122.30249673795993,
                47.77021035252826
              ],
              [
                -122.30283341009495,
                47.77015517633898
              ],
              [
                -122.30304385573503,
                47.77013010449968
              ],
              [
                -122.30404551581663,
                47.77013332961318
              ],
              [
                -122.30437129953243,
                47.770134376665936
              ],
              [
                -122.30547373177606,
                47.77013791293718
              ],
              [
                -122.30547601549571,
                47.77021742907098
              ],
              [
                -122.30547699072957,
                47.77025138973094
              ],
              [
                -122.30548198340982,
                47.77042525073229
              ],
              [
                -122.30548791574833,
                47.77063183158498
              ],
              [
                -122.30548946545385,
                47.77068579671005
              ],
              [
                -122.30549534814534,
                47.77089064680722
              ],
              [
                -122.30606080282077,
                47.77089329692486
              ],
              [
                -122.30606090425351,
                47.770901337150285
              ],
              [
                -122.30606313381179,
                47.771099317339946
              ],
              [
                -122.30607297710213,
                47.77109937814306
              ],
              [
                -122.30637520786094,
                47.77110124433984
              ],
              [
                -122.3063754557541,
                47.77110924958361
              ],
              [
                -122.306379962995,
                47.77125480778835
              ],
              [
                -122.30638902120188,
                47.7715473865875
              ],
              [
                -122.30639970723803,
                47.77154740486171
              ],
              [
                -122.30656573949332,
                47.77154768807766
              ],
              [
                -122.30689232394278,
                47.771548244109674
              ],
              [
                -122.30690030895036,
                47.77154825767454
              ],
              [
                -122.30708188316225,
                47.77154856605334
              ],
              [
                -122.30727465161571,
                47.77154889358356
              ],
              [
                -122.30727197252423,
                47.771348926129654
              ],
              [
                -122.30727173973017,
                47.77133156164881
              ],
              [
                -122.30727167149415,
                47.771326470977975
              ],
              [
                -122.30727075659381,
                47.77125821684812
              ],
              [
                -122.30726681965734,
                47.77096438479574
              ],
              [
                -122.30726305675687,
                47.770713942011696
              ],
              [
                -122.30726420886053,
                47.77068656254812
              ],
              [
                -122.30769793675906,
                47.77068814559861
              ],
              [
                -122.30797022536689,
                47.770690069899125
              ],
              [
                -122.30798026481047,
                47.77069736433198
              ],
              [
                -122.30801470527598,
                47.770724533135486
              ],
              [
                -122.30802812940506,
                47.77073402900356
              ],
              [
                -122.30806248085564,
                47.77075832827508
              ],
              [
                -122.30808028553729,
                47.77077043938048
              ],
              [
                -122.30814613496348,
                47.77081523143451
              ],
              [
                -122.30815140353869,
                47.770818346020036
              ],
              [
                -122.3082662190907,
                47.7708862207057
              ],
              [
                -122.30838970161531,
                47.770950381284074
              ],
              [
                -122.3084832401986,
                47.77099292388339
              ],
              [
                -122.30851884732678,
                47.7710091184409
              ],
              [
                -122.30855547155585,
                47.77102305940697
              ],
              [
                -122.30859233877281,
                47.77103709469382
              ],
              [
                -122.30865457201588,
                47.771060812629464
              ],
              [
                -122.30866878623806,
                47.771066203544976
              ],
              [
                -122.30879629680943,
                47.77110795027154
              ],
              [
                -122.30892346348321,
                47.771146532232564
              ],
              [
                -122.30902556269207,
                47.771177508664714
              ],
              [
                -122.30955673475607,
                47.77115819087599
              ],
              [
                -122.30963431173882,
                47.77117847844077
              ],
              [
                -122.30971340557821,
                47.77119424578029
              ],
              [
                -122.30979415385663,
                47.77120589930346
              ],
              [
                -122.30987598869218,
                47.77121331853959
              ],
              [
                -122.30992764666478,
                47.77121531690514
              ],
              [
                -122.30995626125537,
                47.77121635346561
              ],
              [
                -122.30999306859174,
                47.771216360018734
              ],
              [
                -122.31004057632707,
                47.77121474128918
              ],
              [
                -122.31006877720196,
                47.77121368652031
              ],
              [
                -122.31010095050756,
                47.77121105147058
              ],
              [
                -122.31014380753376,
                47.77120733815438
              ],
              [
                -122.3101938957419,
                47.77120075312391
              ],
              [
                -122.31021800687094,
                47.77119747449859
              ],
              [
                -122.31029087321424,
                47.771184075326694
              ],
              [
                -122.31036211210355,
                47.771167157789115
              ],
              [
                -122.31042020422464,
                47.77115048349018
              ],
              [
                -122.31048195646477,
                47.77113115671172
              ],
              [
                -122.31076752163321,
                47.77104178190256
              ],
              [
                -122.31089236845666,
                47.77100276788287
              ],
              [
                -122.311173701911,
                47.770914727965334
              ],
              [
                -122.3111747095893,
                47.77085396555977
              ],
              [
                -122.31174963896031,
                47.77067438943566
              ],
              [
                -122.3118903688119,
                47.77063047771079
              ],
              [
                -122.31199284089598,
                47.7705984313629
              ],
              [
                -122.31209457065833,
                47.77056652088576
              ],
              [
                -122.312222640822,
                47.770526289691944
              ],
              [
                -122.31225968888377,
                47.770514443567144
              ],
              [
                -122.31238159060564,
                47.77046974688497
              ],
              [
                -122.31239187727626,
                47.77046597514824
              ],
              [
                -122.31246706029063,
                47.77043430901845
              ],
              [
                -122.31248628935352,
                47.7704262099586
              ],
              [
                -122.31267728631842,
                47.77033990650654
              ],
              [
                -122.31268594898243,
                47.77033548102603
              ],
              [
                -122.31269162594653,
                47.770331622978205
              ],
              [
                -122.31313734296319,
                47.770159956289596
              ],
              [
                -122.31334082259004,
                47.770081108246686
              ],
              [
                -122.31342733639335,
                47.76999886150165
              ],
              [
                -122.3134349907687,
                47.76999158464964
              ],
              [
                -122.31343976481087,
                47.76998704605967
              ],
              [
                -122.31348437772067,
                47.76994463337988
              ],
              [
                -122.3136047673624,
                47.76980810198253
              ],
              [
                -122.313725152348,
                47.76967156877887
              ],
              [
                -122.31384550597433,
                47.76953506425108
              ]
            ]
          ]
        ]
      }
    },
    {
      "type": "Feature",
      "properties": {
        "NAME": "Meridian Park",
        "ACRES": 623.90710965,
        "PERIMETER": 22933.79217514,
        "HANCODE": "MERIDIAN",
        "created_user": "LBIDDISON",
        "created_date": "2015-03-31T17:06:43.000",
        "last_edited_user": "LBIDDISON",
        "last_edited_date": "2015-03-31T17:14:08.000",
        "GlobalID": "{C97FA29E-40C2-4F8B-A92B-19F4429501AD}",
        "Shape_Length": 22933.79217513219,
        "Shape_Area": 27177284.98668225
      },
      "geometry": {
        "type": "MultiPolygon",
        "coordinates": [
          [
            [
              [
                -122.32445963720563,
                47.76322877914175
              ],
              [
                -122.32451986029372,
                47.76309948668049
              ],
              [
                -122.3246698905522,
                47.76279910292132
              ],
              [
                -122.32469900454079,
                47.76274369960274
              ],
              [
                -122.32472061341024,
                47.762702576500786
              ],
              [
                -122.3247588557402,
                47.76271188573441
              ],
              [
                -122.3248168407045,
                47.76255227219976
              ],
              [
                -122.32494719855438,
                47.76219343373639
              ],
              [
                -122.32497153986141,
                47.762152951844186
              ],
              [
                -122.32522342414933,
                47.761763471679
              ],
              [
                -122.32555823862077,
                47.7612970960418
              ],
              [
                -122.3257730942559,
                47.7610209122514
              ],
              [
                -122.32593014679742,
                47.760829647073635
              ],
              [
                -122.32609389976935,
                47.760638405487015
              ],
              [
                -122.32626039882318,
                47.760451907007386
              ],
              [
                -122.32639258526967,
                47.760309545048436
              ],
              [
                -122.32634106579202,
                47.76028753830909
              ],
              [
                -122.32711020643603,
                47.75950035082027
              ],
              [
                -122.32748995310435,
                47.759502825719636
              ],
              [
                -122.3274871172066,
                47.759370056837525
              ],
              [
                -122.32780471811107,
                47.759047938515394
              ],
              [
                -122.32779942093282,
                47.75879987049665
              ],
              [
                -122.32812282231424,
                47.75846152718365
              ],
              [
                -122.32843650718972,
                47.758208439165045
              ],
              [
                -122.32858183935747,
                47.758101297715804
              ],
              [
                -122.32890096890428,
                47.757844661960384
              ],
              [
                -122.32905410346629,
                47.75772165081412
              ],
              [
                -122.3293916403072,
                47.757394302382956
              ],
              [
                -122.32941995684705,
                47.75730382610048
              ],
              [
                -122.32954070983392,
                47.757182675591345
              ],
              [
                -122.32961840200203,
                47.75717567078
              ],
              [
                -122.33005929874602,
                47.756750559319165
              ],
              [
                -122.33028438300589,
                47.756374744631415
              ],
              [
                -122.33044219855765,
                47.75611123865082
              ],
              [
                -122.33055350884534,
                47.7557763382721
              ],
              [
                -122.33074301158726,
                47.75535263197653
              ],
              [
                -122.33092293851848,
                47.75507800931853
              ],
              [
                -122.33100298536567,
                47.75479332752737
              ],
              [
                -122.33104662211743,
                47.75464155800668
              ],
              [
                -122.33113611656968,
                47.75420165658952
              ],
              [
                -122.33109034751891,
                47.75414302414471
              ],
              [
                -122.33090999586888,
                47.753922284408894
              ],
              [
                -122.33091867763899,
                47.75364787638582
              ],
              [
                -122.3309246618133,
                47.75345873274632
              ],
              [
                -122.33094503398223,
                47.75319041533733
              ],
              [
                -122.33096971255296,
                47.75282796015346
              ],
              [
                -122.33097084286472,
                47.7525828940608
              ],
              [
                -122.33096554738208,
                47.75240097267917
              ],
              [
                -122.33073697954406,
                47.75239827632937
              ],
              [
                -122.3307085538057,
                47.75223343659221
              ],
              [
                -122.33065616132865,
                47.75199133293908
              ],
              [
                -122.33059413513315,
                47.75175026687912
              ],
              [
                -122.33052252023671,
                47.751510412712285
              ],
              [
                -122.3304413685418,
                47.751271943876695
              ],
              [
                -122.33035073884948,
                47.751035032804424
              ],
              [
                -122.33025069683741,
                47.750799850801776
              ],
              [
                -122.3301413149668,
                47.75056656791845
              ],
              [
                -122.33011856018057,
                47.750516977292
              ],
              [
                -122.33010265700324,
                47.75040239531287
              ],
              [
                -122.33007992973675,
                47.750238619003724
              ],
              [
                -122.32997448025614,
                47.750000928143855
              ],
              [
                -122.32988143978731,
                47.7497747720031
              ],
              [
                -122.32981134590773,
                47.7495758270626
              ],
              [
                -122.3298001293982,
                47.749539866026595
              ],
              [
                -122.32975125969146,
                47.74937428358618
              ],
              [
                -122.32966283797752,
                47.748968644493104
              ],
              [
                -122.32962417056973,
                47.74866249392251
              ],
              [
                -122.32961246523459,
                47.74848067933421
              ],
              [
                -122.32960918682696,
                47.74829870685958
              ],
              [
                -122.32961433845554,
                47.748116754125704
              ],
              [
                -122.32962791499668,
                47.747934998721384
              ],
              [
                -122.32964990312645,
                47.74775361804085
              ],
              [
                -122.32967347508816,
                47.7476079755642
              ],
              [
                -122.32970218271056,
                47.74746275298104
              ],
              [
                -122.32974226501086,
                47.747295845890044
              ],
              [
                -122.32978796121718,
                47.747129596316285
              ],
              [
                -122.32982854600425,
                47.746983937578925
              ],
              [
                -122.32986911188526,
                47.746838357655264
              ],
              [
                -122.32997729177501,
                47.746449900786914
              ],
              [
                -122.3300348452442,
                47.74624354168283
              ],
              [
                -122.33008098839476,
                47.74607792821458
              ],
              [
                -122.33012679010086,
                47.74591354269252
              ],
              [
                -122.33017143883816,
                47.745753291278675
              ],
              [
                -122.33021728367723,
                47.745588750846366
              ],
              [
                -122.33026924883487,
                47.74540224158751
              ],
              [
                -122.33033438554806,
                47.74516845655421
              ],
              [
                -122.33037164366031,
                47.74503029200148
              ],
              [
                -122.33201581997982,
                47.74507971725108
              ],
              [
                -122.3325819283312,
                47.74509752425655
              ],
              [
                -122.3346037201956,
                47.74507229660931
              ],
              [
                -122.3359638368271,
                47.745068297538644
              ],
              [
                -122.33730932411963,
                47.74507028028244
              ],
              [
                -122.33868481520709,
                47.74506136502584
              ],
              [
                -122.34001251348151,
                47.74507555294047
              ],
              [
                -122.34060922483488,
                47.74507760631164
              ],
              [
                -122.34135153711999,
                47.745065293490704
              ],
              [
                -122.34269774231213,
                47.7450642607103
              ],
              [
                -122.34405485949665,
                47.745061142075706
              ],
              [
                -122.34543473919193,
                47.74505787859123
              ],
              [
                -122.34545455211547,
                47.74687811008483
              ],
              [
                -122.34549914063305,
                47.74869770274657
              ],
              [
                -122.34553062184553,
                47.75049848816363
              ],
              [
                -122.34558341663303,
                47.75233451559578
              ],
              [
                -122.34562885187212,
                47.75418567026423
              ],
              [
                -122.34565288424301,
                47.75460045253264
              ],
              [
                -122.34578013143646,
                47.75597192009889
              ],
              [
                -122.34597797577653,
                47.757945706719454
              ],
              [
                -122.34606683819734,
                47.758905669090396
              ],
              [
                -122.34611759344745,
                47.75961019541936
              ],
              [
                -122.34611693063954,
                47.759965302004005
              ],
              [
                -122.34609290660748,
                47.76082834652602
              ],
              [
                -122.34605150272581,
                47.76190499200494
              ],
              [
                -122.3460460347911,
                47.76233102864809
              ],
              [
                -122.346001164906,
                47.76324672079163
              ],
              [
                -122.3440306199677,
                47.76325161800146
              ],
              [
                -122.3431401541005,
                47.76325422148689
              ],
              [
                -122.3422443036751,
                47.76325683110803
              ],
              [
                -122.34043692200687,
                47.76326257087026
              ],
              [
                -122.33911261440493,
                47.76326677270623
              ],
              [
                -122.33772928144654,
                47.76327079431662
              ],
              [
                -122.33642260274802,
                47.76327449123027
              ],
              [
                -122.33503398123231,
                47.76327858238579
              ],
              [
                -122.33448240909811,
                47.763276478418284
              ],
              [
                -122.33233927476128,
                47.76326791952698
              ],
              [
                -122.32964790958687,
                47.763257114143386
              ],
              [
                -122.32829944773631,
                47.7632516991628
              ],
              [
                -122.32694407237999,
                47.763246243827844
              ],
              [
                -122.32479406169443,
                47.763235085681096
              ],
              [
                -122.32445963720563,
                47.76322877914175
              ]
            ]
          ]
        ]
      }
    },
    {
      "type": "Feature",
      "properties": {
        "NAME": "Hillwood",
        "ACRES": 569.87658222,
        "PERIMETER": 20305.72999529,
        "HANCODE": "HILLWOOD",
        "created_user": "LBIDDISON",
        "created_date": "2015-03-31T17:06:43.000",
        "last_edited_user": "LBIDDISON",
        "last_edited_date": "2015-03-31T17:14:08.000",
        "GlobalID": "{DC8229BA-B4E5-49F9-B6DF-1E2008DE8BF0}",
        "Shape_Length": 20305.72999527302,
        "Shape_Area": 24823724.62609672
      },
      "geometry": {
        "type": "MultiPolygon",
        "coordinates": [
          [
            [
              [
                -122.3462133503343,
                47.77762210799863
              ],
              [
                -122.34614485063807,
                47.77711459762098
              ],
              [
                -122.34607119564411,
                47.77595052631744
              ],
              [
                -122.34603887543228,
                47.774161036511444
              ],
              [
                -122.3460230940088,
                47.77323016239996
              ],
              [
                -122.34600794127056,
                47.772336285347265
              ],
              [
                -122.34598430011044,
                47.77117043702238
              ],
              [
                -122.34597106463995,
                47.770517726885814
              ],
              [
                -122.34592003763535,
                47.76779125279013
              ],
              [
                -122.34587945367564,
                47.76552076784778
              ],
              [
                -122.34597981459578,
                47.764226680987505
              ],
              [
                -122.346001164906,
                47.76324672079163
              ],
              [
                -122.34854627996155,
                47.763239971771114
              ],
              [
                -122.35124088939885,
                47.76323049731469
              ],
              [
                -122.3514488485317,
                47.76323040550305
              ],
              [
                -122.35168872389099,
                47.76325894521055
              ],
              [
                -122.35190531088749,
                47.763314131794395
              ],
              [
                -122.35210365334648,
                47.763394752946695
              ],
              [
                -122.35223412242505,
                47.76346897420298
              ],
              [
                -122.35234862138331,
                47.76355420935592
              ],
              [
                -122.35282935537364,
                47.76404417452719
              ],
              [
                -122.35304397205178,
                47.7642068528833
              ],
              [
                -122.35329673853745,
                47.76434234883226
              ],
              [
                -122.35358019117653,
                47.764446651349566
              ],
              [
                -122.35373083584831,
                47.76448610628996
              ],
              [
                -122.35401740901492,
                47.76454730644543
              ],
              [
                -122.35426119400108,
                47.76455897907293
              ],
              [
                -122.35448241951177,
                47.76455603064568
              ],
              [
                -122.35503300351975,
                47.76446413607958
              ],
              [
                -122.35532833199584,
                47.76440327355475
              ],
              [
                -122.3556460999842,
                47.7643402641462
              ],
              [
                -122.35609575925739,
                47.76427475130118
              ],
              [
                -122.3563974993707,
                47.764284527851316
              ],
              [
                -122.35667699387429,
                47.76431997835248
              ],
              [
                -122.35695619845231,
                47.764388738608545
              ],
              [
                -122.35723240077016,
                47.76449944870608
              ],
              [
                -122.35749414852731,
                47.7646202984836
              ],
              [
                -122.35800046286663,
                47.764880081228696
              ],
              [
                -122.35826830374782,
                47.76497125468256
              ],
              [
                -122.35846890894138,
                47.76502599151972
              ],
              [
                -122.358711604554,
                47.76504448585123
              ],
              [
                -122.35883480859177,
                47.76505481911269
              ],
              [
                -122.35982911413284,
                47.76506087802996
              ],
              [
                -122.36122785506137,
                47.7650699098329
              ],
              [
                -122.36662336817778,
                47.7651265989003
              ],
              [
                -122.36663031100976,
                47.766577019358515
              ],
              [
                -122.36663095515787,
                47.766930508069706
              ],
              [
                -122.36663582882262,
                47.76727661020749
              ],
              [
                -122.3666529878547,
                47.76815314963582
              ],
              [
                -122.36665366008825,
                47.768433479071874
              ],
              [
                -122.36664253016112,
                47.768768530036965
              ],
              [
                -122.36664564666312,
                47.76926326430672
              ],
              [
                -122.36665381795558,
                47.77056105255091
              ],
              [
                -122.36665758812998,
                47.771016268569724
              ],
              [
                -122.36666307555981,
                47.771890643267255
              ],
              [
                -122.36667946423783,
                47.77419587832927
              ],
              [
                -122.36669268338584,
                47.776450428950234
              ],
              [
                -122.36670479815419,
                47.77772061253704
              ],
              [
                -122.36670398379763,
                47.777776873646836
              ],
              [
                -122.36643980781342,
                47.77777650451302
              ],
              [
                -122.36640641011063,
                47.77777623499664
              ],
              [
                -122.36594479008086,
                47.777776040272016
              ],
              [
                -122.36570076190971,
                47.7777759219631
              ],
              [
                -122.36545673367046,
                47.7777757947583
              ],
              [
                -122.36521270528779,
                47.77777574482578
              ],
              [
                -122.36482398393068,
                47.77777566420821
              ],
              [
                -122.36441726989064,
                47.77777557844049
              ],
              [
                -122.36398289946632,
                47.77777548524672
              ],
              [
                -122.3636371926131,
                47.77777540989108
              ],
              [
                -122.36329148583211,
                47.77777533348768
              ],
              [
                -122.36294718810426,
                47.777776085526256
              ],
              [
                -122.36293928233913,
                47.77777626427603
              ],
              [
                -122.3629306401132,
                47.77777621057759
              ],
              [
                -122.36292199749857,
                47.77777621563019
              ],
              [
                -122.36291488053291,
                47.77777626958441
              ],
              [
                -122.3629067479986,
                47.77777638192968
              ],
              [
                -122.3628986176108,
                47.77777654953145
              ],
              [
                -122.36288998235159,
                47.777776789493025
              ],
              [
                -122.36288135112285,
                47.77777708814637
              ],
              [
                -122.36287424722089,
                47.777777383794074
              ],
              [
                -122.36286714721518,
                47.77777771967896
              ],
              [
                -122.36286106531354,
                47.77777804204233
              ],
              [
                -122.36285397472028,
                47.77777845833188
              ],
              [
                -122.36284688955314,
                47.77777891475393
              ],
              [
                -122.36283930577461,
                47.77777945391785
              ],
              [
                -122.36283071957861,
                47.77778011841752
              ],
              [
                -122.36282365740652,
                47.777780715057744
              ],
              [
                -122.36281760997727,
                47.77778125734333
              ],
              [
                -122.36281156956515,
                47.777781833864395
              ],
              [
                -122.36280453013978,
                47.777782542356526
              ],
              [
                -122.36279850415526,
                47.77778318377453
              ],
              [
                -122.36279098262126,
                47.77778403108196
              ],
              [
                -122.36278347193277,
                47.777784920948626
              ],
              [
                -122.36277747370907,
                47.77778567136369
              ],
              [
                -122.36276948881587,
                47.77778671720667
              ],
              [
                -122.36276151999512,
                47.777787817230376
              ],
              [
                -122.36275555388337,
                47.7777886760915
              ],
              [
                -122.36274959864335,
                47.77778956872795
              ],
              [
                -122.36274266282757,
                47.7777906455019
              ],
              [
                -122.36273672949258,
                47.777791602106056
              ],
              [
                -122.36273080708511,
                47.77779258894
              ],
              [
                -122.3627239121612,
                47.77779377931746
              ],
              [
                -122.36271605132924,
                47.77779518878248
              ],
              [
                -122.3627077232726,
                47.77779674610368
              ],
              [
                -122.36210392566733,
                47.777772547787514
              ],
              [
                -122.36145061769408,
                47.777769550550246
              ],
              [
                -122.36144508165398,
                47.777663998872214
              ],
              [
                -122.36113122192124,
                47.77768901561749
              ],
              [
                -122.36112336543162,
                47.77769020234118
              ],
              [
                -122.36111738187795,
                47.77769090526147
              ],
              [
                -122.36111094594801,
                47.777691945530144
              ],
              [
                -122.36110334815979,
                47.7776919831203
              ],
              [
                -122.36109742161999,
                47.777691878278844
              ],
              [
                -122.36086057786449,
                47.77769158402615
              ],
              [
                -122.36056407086173,
                47.77769152852045
              ],
              [
                -122.36026756350323,
                47.777691472249465
              ],
              [
                -122.35997105650488,
                47.77769141531179
              ],
              [
                -122.35967454914872,
                47.77769135753673
              ],
              [
                -122.35937804186483,
                47.7776912990027
              ],
              [
                -122.3590815348692,
                47.777691239778896
              ],
              [
                -122.35905427443352,
                47.77769123426156
              ],
              [
                -122.3587850275158,
                47.777691179717756
              ],
              [
                -122.35848851816723,
                47.777691118913175
              ],
              [
                -122.35819201316949,
                47.77769105735257
              ],
              [
                -122.35789550478059,
                47.77769099789094
              ],
              [
                -122.35759899889082,
                47.77769093593168
              ],
              [
                -122.35730249161205,
                47.77769087383371
              ],
              [
                -122.3570181696922,
                47.77769081325435
              ],
              [
                -122.35655098789972,
                47.777690711786235
              ],
              [
                -122.35618529985238,
                47.77769063549457
              ],
              [
                -122.35617651560689,
                47.77769113260072
              ],
              [
                -122.35616716945327,
                47.777690646768754
              ],
              [
                -122.35616126370417,
                47.777690164451
              ],
              [
                -122.35597188999084,
                47.77769100008693
              ],
              [
                -122.35596156701861,
                47.77769099518351
              ],
              [
                -122.35576070781548,
                47.7776908996988
              ],
              [
                -122.355752777329,
                47.77769139611644
              ],
              [
                -122.3557444249473,
                47.77769163640289
              ],
              [
                -122.35573686343997,
                47.77769144190351
              ],
              [
                -122.35548128690361,
                47.77769222879574
              ],
              [
                -122.35513144983813,
                47.77769339968776
              ],
              [
                -122.35484665780481,
                47.77769435218551
              ],
              [
                -122.35456186349802,
                47.77769530400303
              ],
              [
                -122.35416327365093,
                47.77769663497096
              ],
              [
                -122.35395425315339,
                47.777697478659924
              ],
              [
                -122.35394814717863,
                47.77769761519697
              ],
              [
                -122.35394118668862,
                47.777697375887904
              ],
              [
                -122.35393422547156,
                47.77769713853467
              ],
              [
                -122.35392655747894,
                47.77769673853815
              ],
              [
                -122.35353091127335,
                47.77769860729574
              ],
              [
                -122.35352295740967,
                47.7776993023742
              ],
              [
                -122.35351504548923,
                47.777699872083154
              ],
              [
                -122.35350709748226,
                47.77769946967121
              ],
              [
                -122.35290043389426,
                47.77770131120693
              ],
              [
                -122.35261683576714,
                47.777701999152676
              ],
              [
                -122.35211970762147,
                47.77770377330181
              ],
              [
                -122.35172593699056,
                47.777704816458225
              ],
              [
                -122.35171758050059,
                47.77770512325342
              ],
              [
                -122.35170969506242,
                47.777704885825514
              ],
              [
                -122.35170162975948,
                47.777704394619946
              ],
              [
                -122.35169583847669,
                47.777704271282076
              ],
              [
                -122.35138481012694,
                47.777704983443435
              ],
              [
                -122.35109296774031,
                47.77770583437255
              ],
              [
                -122.3509072611315,
                47.777706367206164
              ],
              [
                -122.35046776114487,
                47.77770765428598
              ],
              [
                -122.3501493984511,
                47.777708580943624
              ],
              [
                -122.34982987597823,
                47.777709509335445
              ],
              [
                -122.3495174904001,
                47.77771041622928
              ],
              [
                -122.34918399164734,
                47.777711383264666
              ],
              [
                -122.34887896056992,
                47.77771226690904
              ],
              [
                -122.34857392828818,
                47.77771314975426
              ],
              [
                -122.34824042631016,
                47.777714114063784
              ],
              [
                -122.34791505851375,
                47.77771505392555
              ],
              [
                -122.34767100097032,
                47.777715758300296
              ],
              [
                -122.34722411782285,
                47.77771704669716
              ],
              [
                -122.34722312264292,
                47.77768415164383
              ],
              [
                -122.34703763060749,
                47.77768468591225
              ],
              [
                -122.34646940497565,
                47.777597867723344
              ],
              [
                -122.3462133503343,
                47.77762210799863
              ]
            ]
          ]
        ]
      }
    },
    {
      "type": "Feature",
      "properties": {
        "NAME": "Richmond Beach",
        "ACRES": 633.16431163,
        "PERIMETER": 24351.09927873,
        "HANCODE": "RICHBEACH",
        "created_user": "LBIDDISON",
        "created_date": "2015-03-31T17:06:43.000",
        "last_edited_user": "LBIDDISON",
        "last_edited_date": "2015-03-31T17:14:08.000",
        "GlobalID": "{181BE4E5-586E-4401-B558-4D2BD0A68D47}",
        "Shape_Length": 24351.099278760357,
        "Shape_Area": 27580527.092175648
      },
      "geometry": {
        "type": "MultiPolygon",
        "coordinates": [
          [
            [
              [
                -122.36670398379763,
                47.777776873646836
              ],
              [
                -122.36670479815419,
                47.77772061253704
              ],
              [
                -122.36669268338584,
                47.776450428950234
              ],
              [
                -122.36667946423783,
                47.77419587832927
              ],
              [
                -122.36666307555981,
                47.771890643267255
              ],
              [
                -122.36665758812998,
                47.771016268569724
              ],
              [
                -122.36665381795558,
                47.77056105255091
              ],
              [
                -122.36664564666312,
                47.76926326430672
              ],
              [
                -122.36664253016112,
                47.768768530036965
              ],
              [
                -122.36665366008825,
                47.768433479071874
              ],
              [
                -122.3666529878547,
                47.76815314963582
              ],
              [
                -122.36663582882262,
                47.76727661020749
              ],
              [
                -122.36663095515787,
                47.766930508069706
              ],
              [
                -122.36663031100976,
                47.766577019358515
              ],
              [
                -122.36662336817778,
                47.7651265989003
              ],
              [
                -122.3667445413887,
                47.765130050196696
              ],
              [
                -122.36691331347127,
                47.76514908413936
              ],
              [
                -122.36704164267967,
                47.765175472059504
              ],
              [
                -122.36720780297675,
                47.7652268047679
              ],
              [
                -122.36731084362003,
                47.76527043267177
              ],
              [
                -122.36744005910124,
                47.76534128029953
              ],
              [
                -122.36756740512348,
                47.76542577164915
              ],
              [
                -122.36779444567324,
                47.765539255045915
              ],
              [
                -122.36791823107237,
                47.76559928601939
              ],
              [
                -122.36804161131435,
                47.76564561212236
              ],
              [
                -122.36822556706929,
                47.765677413576945
              ],
              [
                -122.36838838517839,
                47.765682078679944
              ],
              [
                -122.3691917037761,
                47.76568498120171
              ],
              [
                -122.3695043307945,
                47.765733021769925
              ],
              [
                -122.36972324736682,
                47.765780652443546
              ],
              [
                -122.36986695654888,
                47.76582670310022
              ],
              [
                -122.36998058169884,
                47.76588686866608
              ],
              [
                -122.37014563326704,
                47.76596690676548
              ],
              [
                -122.37026982865066,
                47.76604063974408
              ],
              [
                -122.37131267925996,
                47.76694721311769
              ],
              [
                -122.37191475399027,
                47.76750347174158
              ],
              [
                -122.37192638125981,
                47.767396108324974
              ],
              [
                -122.37192523201587,
                47.76721626919703
              ],
              [
                -122.37192356974103,
                47.766955830971106
              ],
              [
                -122.3724115731636,
                47.76695807637894
              ],
              [
                -122.37261758992594,
                47.76695902327119
              ],
              [
                -122.37273686917977,
                47.7669595708864
              ],
              [
                -122.37316382053251,
                47.76696153271303
              ],
              [
                -122.37330251275654,
                47.7669621695913
              ],
              [
                -122.37350044013134,
                47.76696307828515
              ],
              [
                -122.37370539278083,
                47.766964018384854
              ],
              [
                -122.37382573623727,
                47.76696457060238
              ],
              [
                -122.37411746850997,
                47.76696590789265
              ],
              [
                -122.37415103236158,
                47.7669660619806
              ],
              [
                -122.3744364807136,
                47.76696736991934
              ],
              [
                -122.37452480128775,
                47.76696777418987
              ],
              [
                -122.37474144527647,
                47.766968766216365
              ],
              [
                -122.37502932117052,
                47.76697008396261
              ],
              [
                -122.37531946044051,
                47.76697141099369
              ],
              [
                -122.37560498360324,
                47.766972716694646
              ],
              [
                -122.37609639736183,
                47.76697496181516
              ],
              [
                -122.37658630911974,
                47.76697719766151
              ],
              [
                -122.37709321136117,
                47.766979509094355
              ],
              [
                -122.37729511799208,
                47.76698042846103
              ],
              [
                -122.3776568868915,
                47.766979588059286
              ],
              [
                -122.3785196912673,
                47.76697645409049
              ],
              [
                -122.37866301954034,
                47.7669761422677
              ],
              [
                -122.37907943811425,
                47.76697523526547
              ],
              [
                -122.37936407714916,
                47.766974614424726
              ],
              [
                -122.37964871619468,
                47.76697399286192
              ],
              [
                -122.37993179830607,
                47.76697337399969
              ],
              [
                -122.38027012281205,
                47.76697263346013
              ],
              [
                -122.3811379940749,
                47.766970729211565
              ],
              [
                -122.38128456646585,
                47.766970406966365
              ],
              [
                -122.38127841469613,
                47.76661379009257
              ],
              [
                -122.38127536351203,
                47.76633957392523
              ],
              [
                -122.38127231211968,
                47.76606535984672
              ],
              [
                -122.38126925808227,
                47.76579114563106
              ],
              [
                -122.38126620941351,
                47.76551692927104
              ],
              [
                -122.38126315842081,
                47.7652427133823
              ],
              [
                -122.38126010565756,
                47.76496849799342
              ],
              [
                -122.38125705590433,
                47.76469428324393
              ],
              [
                -122.3812540047952,
                47.764420068556085
              ],
              [
                -122.38125095400095,
                47.76414585258546
              ],
              [
                -122.38124790340287,
                47.763871638518054
              ],
              [
                -122.38124484826582,
                47.763597424747736
              ],
              [
                -122.38124145175802,
                47.76332363112033
              ],
              [
                -122.38259852665094,
                47.763324826305904
              ],
              [
                -122.38334150201646,
                47.76332506828455
              ],
              [
                -122.38368547077498,
                47.76333114938309
              ],
              [
                -122.38412140763539,
                47.76332935792563
              ],
              [
                -122.38472797090964,
                47.7633280769981
              ],
              [
                -122.38540271126364,
                47.76332988541613
              ],
              [
                -122.38571527296017,
                47.76333076858406
              ],
              [
                -122.38571538109022,
                47.76333083250501
              ],
              [
                -122.38620452333559,
                47.763620034579915
              ],
              [
                -122.38690380871716,
                47.76405525678198
              ],
              [
                -122.38702813760962,
                47.76420180230345
              ],
              [
                -122.3871179441648,
                47.76430839011588
              ],
              [
                -122.38720121563844,
                47.764419566043095
              ],
              [
                -122.38724427339822,
                47.76452230420353
              ],
              [
                -122.38720888199694,
                47.7646755230114
              ],
              [
                -122.38710265266276,
                47.76491056112182
              ],
              [
                -122.3869886949388,
                47.765109763291164
              ],
              [
                -122.38684970763602,
                47.7653632303891
              ],
              [
                -122.38681838169799,
                47.76549436179334
              ],
              [
                -122.38681417982866,
                47.76551195187716
              ],
              [
                -122.38683368728002,
                47.76571833496617
              ],
              [
                -122.38690578983535,
                47.76590153257491
              ],
              [
                -122.38707821932348,
                47.76609683599165
              ],
              [
                -122.3874687579867,
                47.76645539052338
              ],
              [
                -122.38853388469062,
                47.76731237725395
              ],
              [
                -122.3889567955512,
                47.767639030818756
              ],
              [
                -122.38914811107622,
                47.76779637350711
              ],
              [
                -122.38916713752177,
                47.767812021256546
              ],
              [
                -122.38930705930547,
                47.7679270998326
              ],
              [
                -122.38943500298545,
                47.76803232519991
              ],
              [
                -122.3895631950704,
                47.76811625390923
              ],
              [
                -122.3898784297743,
                47.76832264424371
              ],
              [
                -122.39003992390192,
                47.76842837566878
              ],
              [
                -122.39069511333759,
                47.76894503199252
              ],
              [
                -122.39096734216221,
                47.76913448162635
              ],
              [
                -122.39107976516895,
                47.769105991509306
              ],
              [
                -122.39121773575899,
                47.769041224159636
              ],
              [
                -122.39123094163153,
                47.76904887111616
              ],
              [
                -122.3913465829001,
                47.76911583391203
              ],
              [
                -122.3915593649001,
                47.76925788982889
              ],
              [
                -122.39156417581869,
                47.769261101636815
              ],
              [
                -122.39168207579738,
                47.7693835665346
              ],
              [
                -122.39182851269973,
                47.76953036692703
              ],
              [
                -122.39194225623125,
                47.76964676741918
              ],
              [
                -122.39199175117156,
                47.76970345386786
              ],
              [
                -122.392142012248,
                47.769900640477196
              ],
              [
                -122.39225348924874,
                47.77004231714173
              ],
              [
                -122.39230944850652,
                47.77011343568925
              ],
              [
                -122.3923309418888,
                47.770131655420904
              ],
              [
                -122.39244295940318,
                47.77022661131271
              ],
              [
                -122.39246243109041,
                47.77024311719626
              ],
              [
                -122.39257432861721,
                47.77033796993132
              ],
              [
                -122.39261714635629,
                47.77037426658182
              ],
              [
                -122.3926782192896,
                47.77043898257525
              ],
              [
                -122.3927857520281,
                47.77055292848345
              ],
              [
                -122.39287361853688,
                47.77064964318987
              ],
              [
                -122.39292687279045,
                47.77070246505757
              ],
              [
                -122.39297136170592,
                47.77074553563479
              ],
              [
                -122.3930778617974,
                47.77084864008595
              ],
              [
                -122.39312863289837,
                47.77090397011529
              ],
              [
                -122.3932175111637,
                47.77100082876957
              ],
              [
                -122.39332324396453,
                47.77111605476205
              ],
              [
                -122.3934423295253,
                47.77124583163761
              ],
              [
                -122.39352568697878,
                47.77133667233912
              ],
              [
                -122.39353863107553,
                47.77135581502295
              ],
              [
                -122.3936158745108,
                47.77147004798912
              ],
              [
                -122.39368901606649,
                47.77157821431876
              ],
              [
                -122.39379495733091,
                47.77173488601386
              ],
              [
                -122.39381161507694,
                47.77175952031303
              ],
              [
                -122.39382460238708,
                47.7719015035825
              ],
              [
                -122.39384377244353,
                47.77209412651734
              ],
              [
                -122.39385041942471,
                47.77216328973071
              ],
              [
                -122.3938569233934,
                47.77224998641797
              ],
              [
                -122.39386152979303,
                47.77231138871844
              ],
              [
                -122.39385843414951,
                47.772373235138474
              ],
              [
                -122.3938532047156,
                47.772477711332655
              ],
              [
                -122.39384824155096,
                47.772501367183416
              ],
              [
                -122.39383362032514,
                47.772571055936076
              ],
              [
                -122.39381823250338,
                47.77264439824753
              ],
              [
                -122.39380529538964,
                47.77266799318916
              ],
              [
                -122.39374874555382,
                47.77277112949958
              ],
              [
                -122.39366291419489,
                47.77286422680844
              ],
              [
                -122.39358096216698,
                47.772953115991896
              ],
              [
                -122.39355458815064,
                47.77297968066089
              ],
              [
                -122.3934299517068,
                47.773105217580245
              ],
              [
                -122.39311526094001,
                47.773422178604356
              ],
              [
                -122.39301229113786,
                47.773539232538084
              ],
              [
                -122.39301008236407,
                47.77354174745412
              ],
              [
                -122.39299928295544,
                47.773554043679674
              ],
              [
                -122.39298805929424,
                47.77364324704851
              ],
              [
                -122.39298374688173,
                47.77367751891642
              ],
              [
                -122.39354106247548,
                47.77701916101633
              ],
              [
                -122.39355438903743,
                47.77709906129483
              ],
              [
                -122.39355550939382,
                47.777105778425394
              ],
              [
                -122.39358433489934,
                47.77710587282445
              ],
              [
                -122.39358858506078,
                47.77710588674569
              ],
              [
                -122.39361382261689,
                47.777105969388025
              ],
              [
                -122.39394553560497,
                47.777536378080896
              ],
              [
                -122.39394854654263,
                47.77754028483568
              ],
              [
                -122.39425529139751,
                47.777938289264306
              ],
              [
                -122.39417735562347,
                47.77796645312863
              ],
              [
                -122.3936735519148,
                47.77796480429392
              ],
              [
                -122.39366360648438,
                47.77796477171932
              ],
              [
                -122.39360232972761,
                47.777964571023006
              ],
              [
                -122.39348595342543,
                47.77796418975668
              ],
              [
                -122.3934080045723,
                47.777963934324426
              ],
              [
                -122.39336957723191,
                47.77796380837028
              ],
              [
                -122.39328793044045,
                47.77796354073968
              ],
              [
                -122.3932742623963,
                47.7779634959288
              ],
              [
                -122.39326635587246,
                47.77796347000411
              ],
              [
                -122.39326422313499,
                47.77796346301552
              ],
              [
                -122.39325388592336,
                47.77796342912601
              ],
              [
                -122.39307913837044,
                47.777962856045
              ],
              [
                -122.39306327246165,
                47.77796280400115
              ],
              [
                -122.39304342916921,
                47.77796273891199
              ],
              [
                -122.39267592548326,
                47.777961532720944
              ],
              [
                -122.39192143396178,
                47.77795933995311
              ],
              [
                -122.39177567556548,
                47.77795878616933
              ],
              [
                -122.39135506555684,
                47.77795789679941
              ],
              [
                -122.39114057484453,
                47.777957304937885
              ],
              [
                -122.39097558098528,
                47.77795684937525
              ],
              [
                -122.39062124470858,
                47.777954767235606
              ],
              [
                -122.38996942788017,
                47.777950967497446
              ],
              [
                -122.38995930162748,
                47.77795087425764
              ],
              [
                -122.38987790480141,
                47.777950787018455
              ],
              [
                -122.38986773921562,
                47.77795077608866
              ],
              [
                -122.38985757760547,
                47.77795076516379
              ],
              [
                -122.38919578033122,
                47.77795005185018
              ],
              [
                -122.38841938155781,
                47.77794921012364
              ],
              [
                -122.38841172739835,
                47.77794903596703
              ],
              [
                -122.38829235578103,
                47.777946319825475
              ],
              [
                -122.38827967654457,
                47.777946031319466
              ],
              [
                -122.38816583082189,
                47.77794472564204
              ],
              [
                -122.38816441401829,
                47.77794470939568
              ],
              [
                -122.38816259611195,
                47.777944695488294
              ],
              [
                -122.38732183262373,
                47.77793562121412
              ],
              [
                -122.38688763285815,
                47.77793161136773
              ],
              [
                -122.3868057340653,
                47.77793102490988
              ],
              [
                -122.38646530363788,
                47.77792771300772
              ],
              [
                -122.38645405794364,
                47.77792760558466
              ],
              [
                -122.38602614702216,
                47.77792348211227
              ],
              [
                -122.38559099452318,
                47.77791946885674
              ],
              [
                -122.38516549968327,
                47.77791557147479
              ],
              [
                -122.38516559218701,
                47.777920174133826
              ],
              [
                -122.38460085284352,
                47.777915307567476
              ],
              [
                -122.38430427149036,
                47.7779127506983
              ],
              [
                -122.38386632259947,
                47.77790897366825
              ],
              [
                -122.3829769799242,
                47.77790129848451
              ],
              [
                -122.38298588033699,
                47.77789551893741
              ],
              [
                -122.38290372267126,
                47.777894814332704
              ],
              [
                -122.382893562202,
                47.777894727191395
              ],
              [
                -122.3828121824434,
                47.7778940291204
              ],
              [
                -122.3828123886939,
                47.77789995374938
              ],
              [
                -122.38239458134,
                47.77789672871885
              ],
              [
                -122.38214989671225,
                47.77789483931454
              ],
              [
                -122.38173239238623,
                47.777891614203114
              ],
              [
                -122.38135113625862,
                47.7778886677683
              ],
              [
                -122.38093195021304,
                47.77788542672836
              ],
              [
                -122.38089139327643,
                47.777885113073786
              ],
              [
                -122.38057079704498,
                47.77788263315319
              ],
              [
                -122.3801921992505,
                47.77787970832984
              ],
              [
                -122.38019221693366,
                47.77788070948839
              ],
              [
                -122.37942806582208,
                47.777874419890786
              ],
              [
                -122.3791123537537,
                47.777871819835454
              ],
              [
                -122.37876662799987,
                47.77786897159768
              ],
              [
                -122.37845750428376,
                47.77786642402319
              ],
              [
                -122.37815106474034,
                47.77786389773458
              ],
              [
                -122.37757763000016,
                47.77785916812893
              ],
              [
                -122.3775077594636,
                47.777858591654415
              ],
              [
                -122.37749629692243,
                47.77785849707316
              ],
              [
                -122.3775000135265,
                47.77776830826593
              ],
              [
                -122.37732541528274,
                47.777770633854026
              ],
              [
                -122.37731570976865,
                47.77777390702149
              ],
              [
                -122.37730543978189,
                47.777776271439215
              ],
              [
                -122.37729479158213,
                47.77777768421378
              ],
              [
                -122.37728395830783,
                47.777778119734066
              ],
              [
                -122.37702134082515,
                47.77777606142963
              ],
              [
                -122.3766853431235,
                47.77777342746862
              ],
              [
                -122.37631941859392,
                47.77777055736768
              ],
              [
                -122.37595340196735,
                47.77776768457528
              ],
              [
                -122.37564769533708,
                47.77776528515696
              ],
              [
                -122.37563625031694,
                47.77776464875561
              ],
              [
                -122.37562505230906,
                47.77776293227794
              ],
              [
                -122.37561432452272,
                47.77776016994633
              ],
              [
                -122.3756042807675,
                47.777756416801786
              ],
              [
                -122.37559512123293,
                47.77775174765571
              ],
              [
                -122.37533576505123,
                47.77774900694205
              ],
              [
                -122.3753263889031,
                47.77775374832589
              ],
              [
                -122.37531609562393,
                47.77775752780874
              ],
              [
                -122.3753051007727,
                47.777760266212624
              ],
              [
                -122.37529363465819,
                47.77776190618568
              ],
              [
                -122.37528193743663,
                47.777762413386284
              ],
              [
                -122.37493675170822,
                47.777759701985765
              ],
              [
                -122.37454174534301,
                47.77775757257903
              ],
              [
                -122.37453575670631,
                47.777757582753026
              ],
              [
                -122.37452988071784,
                47.77775756719347
              ],
              [
                -122.37452369323782,
                47.77775728022598
              ],
              [
                -122.37451782999919,
                47.77775705061931
              ],
              [
                -122.37451206720782,
                47.777756711631575
              ],
              [
                -122.37450318766577,
                47.777756002498
              ],
              [
                -122.37449569287521,
                47.777751882671495
              ],
              [
                -122.37449075482941,
                47.777749665176025
              ],
              [
                -122.37448611628172,
                47.77774716967021
              ],
              [
                -122.37448180824768,
                47.77774442005586
              ],
              [
                -122.37447900739609,
                47.77774229904649
              ],
              [
                -122.3742354397613,
                47.77774152053616
              ],
              [
                -122.37422865237181,
                47.77774192918697
              ],
              [
                -122.37422018614575,
                47.777742226291025
              ],
              [
                -122.37420838774123,
                47.7777420021626
              ],
              [
                -122.37419706159704,
                47.77774155173999
              ],
              [
                -122.37390441430688,
                47.77773915769041
              ],
              [
                -122.37357371105216,
                47.7777354968957
              ],
              [
                -122.37332959573817,
                47.7777329638353
              ],
              [
                -122.37332277778094,
                47.77773294051782
              ],
              [
                -122.37331573132671,
                47.77773278706018
              ],
              [
                -122.37330875360156,
                47.77773251617895
              ],
              [
                -122.37330188018481,
                47.777732081552934
              ],
              [
                -122.3732950845283,
                47.777731604914635
              ],
              [
                -122.37299211201923,
                47.77772965917658
              ],
              [
                -122.37298559089716,
                47.77773005573882
              ],
              [
                -122.37297861821794,
                47.7777304946195
              ],
              [
                -122.37296778178627,
                47.777730735977066
              ],
              [
                -122.37267290711883,
                47.77772912532207
              ],
              [
                -122.37230437081713,
                47.77772698978369
              ],
              [
                -122.37230347220486,
                47.77780877537535
              ],
              [
                -122.37230337964479,
                47.77781719888623
              ],
              [
                -122.37197600762211,
                47.777807123475284
              ],
              [
                -122.37193758468699,
                47.77780689572001
              ],
              [
                -122.37157235537421,
                47.77780465672778
              ],
              [
                -122.37023288116896,
                47.777796461231794
              ],
              [
                -122.37002953110488,
                47.77779653286062
              ],
              [
                -122.36940005845635,
                47.77779675227904
              ],
              [
                -122.36927783151683,
                47.777795815723316
              ],
              [
                -122.36882274195457,
                47.77779232751101
              ],
              [
                -122.368791757218,
                47.77779208995671
              ],
              [
                -122.3687719197358,
                47.77779193785356
              ],
              [
                -122.3672298320338,
                47.77778010377237
              ],
              [
                -122.3671769515598,
                47.77777969759983
              ],
              [
                -122.36692166056562,
                47.77777773634294
              ],
              [
                -122.36691047230677,
                47.77777765037644
              ],
              [
                -122.36690043888446,
                47.77777757327536
              ],
              [
                -122.36689059951317,
                47.777777497676
              ],
              [
                -122.36683434677244,
                47.77777706542857
              ],
              [
                -122.36682308148572,
                47.77777697886613
              ],
              [
                -122.36670895512324,
                47.77777688058871
              ],
              [
                -122.36670398379763,
                47.777776873646836
              ]
            ]
          ]
        ]
      }
    },
    {
      "type": "Feature",
      "properties": {
        "NAME": "North City",
        "ACRES": 685.66644478,
        "PERIMETER": 28589.26173641,
        "HANCODE": "NORTHCITY",
        "created_user": "LBIDDISON",
        "created_date": "2015-03-31T17:06:43.000",
        "last_edited_user": "LBIDDISON",
        "last_edited_date": "2015-03-31T17:14:08.000",
        "GlobalID": "{75671F07-BA29-4098-ADA0-9596E826B068}",
        "Shape_Length": 28589.261736419496,
        "Shape_Area": 29867510.864204027
      },
      "geometry": {
        "type": "MultiPolygon",
        "coordinates": [
          [
            [
              [
                -122.31384550597433,
                47.76953506425108
              ],
              [
                -122.3134358424098,
                47.769533476728974
              ],
              [
                -122.31311858612635,
                47.769531675701316
              ],
              [
                -122.31234032999626,
                47.76952804281269
              ],
              [
                -122.3123028100847,
                47.769713654415746
              ],
              [
                -122.31228495516538,
                47.769801982196114
              ],
              [
                -122.31226879714279,
                47.769881915351675
              ],
              [
                -122.31225880922028,
                47.769931325268224
              ],
              [
                -122.31201638807946,
                47.76993107060964
              ],
              [
                -122.31201549206965,
                47.769935502675864
              ],
              [
                -122.31120843770292,
                47.76993096222969
              ],
              [
                -122.31119559604345,
                47.76993088969946
              ],
              [
                -122.31122061140351,
                47.769807145104814
              ],
              [
                -122.31122328822477,
                47.76979390343234
              ],
              [
                -122.31085638661268,
                47.76979183479314
              ],
              [
                -122.31046337040519,
                47.76978961685045
              ],
              [
                -122.31021946401776,
                47.76964754756477
              ],
              [
                -122.31021974606304,
                47.76961067647438
              ],
              [
                -122.3102212180003,
                47.7694202025203
              ],
              [
                -122.31022275775892,
                47.769220657125096
              ],
              [
                -122.3102227929751,
                47.76921268378475
              ],
              [
                -122.3097702645322,
                47.76920858373175
              ],
              [
                -122.30959937225694,
                47.76920703521002
              ],
              [
                -122.30959009628985,
                47.76920695114429
              ],
              [
                -122.30956220356893,
                47.7690696146424
              ],
              [
                -122.30954759440202,
                47.76899767149795
              ],
              [
                -122.30953431386226,
                47.7689322755239
              ],
              [
                -122.30950642249248,
                47.76879494165959
              ],
              [
                -122.30947853000069,
                47.768657605136084
              ],
              [
                -122.3094506420779,
                47.7685202686434
              ],
              [
                -122.30944975327874,
                47.768515892401616
              ],
              [
                -122.3094227498102,
                47.76838293210458
              ],
              [
                -122.30939485804512,
                47.76824559550492
              ],
              [
                -122.30936697035139,
                47.76810825899066
              ],
              [
                -122.30933907881041,
                47.76797092237575
              ],
              [
                -122.30931118735126,
                47.767833585945766
              ],
              [
                -122.30928330002513,
                47.76769624926392
              ],
              [
                -122.30925540871469,
                47.767558912675455
              ],
              [
                -122.30925541897837,
                47.767554425963255
              ],
              [
                -122.30925572227271,
                47.76742183113102
              ],
              [
                -122.30925603569456,
                47.767284752374756
              ],
              [
                -122.3092563493205,
                47.767147670826816
              ],
              [
                -122.30925664435863,
                47.76701858600113
              ],
              [
                -122.30925666266529,
                47.767010589473486
              ],
              [
                -122.30901400357659,
                47.767008388361674
              ],
              [
                -122.30877095377168,
                47.76700618256903
              ],
              [
                -122.30853733799738,
                47.76700406212406
              ],
              [
                -122.3082321086937,
                47.76700128853245
              ],
              [
                -122.30822232102274,
                47.767001201108236
              ],
              [
                -122.30821994620918,
                47.76685745520037
              ],
              [
                -122.30821812951605,
                47.7667205253041
              ],
              [
                -122.30821862807207,
                47.766714608952185
              ],
              [
                -122.30821939731658,
                47.76670878476075
              ],
              [
                -122.30821657069967,
                47.766576027360045
              ],
              [
                -122.30809321900752,
                47.766574748831175
              ],
              [
                -122.30797091913469,
                47.76657342323498
              ],
              [
                -122.30706002097833,
                47.76656439920915
              ],
              [
                -122.306764317333,
                47.7665608005669
              ],
              [
                -122.3067523925481,
                47.76629726504557
              ],
              [
                -122.30674860176495,
                47.7660551657331
              ],
              [
                -122.3067479187017,
                47.76601154499885
              ],
              [
                -122.30674418729319,
                47.765773233477624
              ],
              [
                -122.30674024359185,
                47.76552135894551
              ],
              [
                -122.30673725352483,
                47.76533039194238
              ],
              [
                -122.30673424731906,
                47.7651383915384
              ],
              [
                -122.3067295258756,
                47.76483684651875
              ],
              [
                -122.3067263069921,
                47.76463124777898
              ],
              [
                -122.30672455870041,
                47.764498991356824
              ],
              [
                -122.306717484383,
                47.76432628438933
              ],
              [
                -122.30650468994268,
                47.76428480591611
              ],
              [
                -122.30634818502209,
                47.76425787327964
              ],
              [
                -122.3062287530782,
                47.76424200166712
              ],
              [
                -122.30622389383953,
                47.76397607241849
              ],
              [
                -122.30621873458554,
                47.76369401945358
              ],
              [
                -122.30621551260523,
                47.76351787479821
              ],
              [
                -122.30621501123717,
                47.763490465716856
              ],
              [
                -122.30621288600314,
                47.76337427861148
              ],
              [
                -122.30621118142874,
                47.76328108940555
              ],
              [
                -122.3062058661878,
                47.76299050181212
              ],
              [
                -122.30657352665473,
                47.76299708306668
              ],
              [
                -122.3069987784728,
                47.763004693736626
              ],
              [
                -122.30751785410318,
                47.763013981406694
              ],
              [
                -122.30798807895326,
                47.763022099045216
              ],
              [
                -122.30792624962913,
                47.76293387593461
              ],
              [
                -122.30775795290629,
                47.762591599443155
              ],
              [
                -122.30768336516961,
                47.76239417166365
              ],
              [
                -122.30767929527309,
                47.76238811615435
              ],
              [
                -122.30768201561156,
                47.762383141023165
              ],
              [
                -122.30756414014924,
                47.762160070237655
              ],
              [
                -122.30756353620198,
                47.76215413613103
              ],
              [
                -122.30756251745711,
                47.762149471503044
              ],
              [
                -122.30756102375594,
                47.76214486232378
              ],
              [
                -122.30755904926473,
                47.76214027387057
              ],
              [
                -122.30744649440878,
                47.76191003942021
              ],
              [
                -122.30738190865486,
                47.76177795041487
              ],
              [
                -122.307377865471,
                47.76177028868629
              ],
              [
                -122.30737183348559,
                47.76175891362369
              ],
              [
                -122.30734874178454,
                47.761717440607086
              ],
              [
                -122.30732445153943,
                47.76167617365081
              ],
              [
                -122.3072855517181,
                47.76162353746283
              ],
              [
                -122.30724125390877,
                47.7615728075371
              ],
              [
                -122.30719180337589,
                47.761524293930215
              ],
              [
                -122.30713741619955,
                47.76147817528507
              ],
              [
                -122.30708338196047,
                47.7614400120108
              ],
              [
                -122.3070282447997,
                47.761402352866604
              ],
              [
                -122.30696826045804,
                47.761368205919716
              ],
              [
                -122.3069495515625,
                47.761358070904706
              ],
              [
                -122.30685547630672,
                47.76132354710982
              ],
              [
                -122.30661718867357,
                47.76119512657127
              ],
              [
                -122.30637890207701,
                47.76106670552394
              ],
              [
                -122.30614061682095,
                47.76093828399994
              ],
              [
                -122.30590233263743,
                47.76080986197875
              ],
              [
                -122.30572011497499,
                47.760711655941634
              ],
              [
                -122.30567147729363,
                47.7606868914378
              ],
              [
                -122.30566351880606,
                47.7606818887327
              ],
              [
                -122.30542576784407,
                47.760553016428126
              ],
              [
                -122.30541855998861,
                47.76054935065637
              ],
              [
                -122.30518697193934,
                47.76042502878843
              ],
              [
                -122.30494953832364,
                47.76029588826702
              ],
              [
                -122.30471159280107,
                47.76016718432328
              ],
              [
                -122.30458407314327,
                47.76011115237343
              ],
              [
                -122.3045002434646,
                47.760074317590075
              ],
              [
                -122.30446813297628,
                47.76005750156665
              ],
              [
                -122.30445764433516,
                47.760052004043985
              ],
              [
                -122.3044414279961,
                47.76004354188789
              ],
              [
                -122.30423518721405,
                47.75991020938769
              ],
              [
                -122.30421771600157,
                47.75990078527013
              ],
              [
                -122.30407638640028,
                47.759824550632935
              ],
              [
                -122.30391758610938,
                47.759738891608656
              ],
              [
                -122.30375878634281,
                47.759653232362965
              ],
              [
                -122.30370253810284,
                47.75961313189131
              ],
              [
                -122.30364608938297,
                47.759573241970934
              ],
              [
                -122.30363747712359,
                47.759565962719584
              ],
              [
                -122.30363128788069,
                47.75956083620833
              ],
              [
                -122.30361766983164,
                47.75954934730443
              ],
              [
                -122.3036056319636,
                47.75953790310594
              ],
              [
                -122.30359496735862,
                47.75952720763447
              ],
              [
                -122.30358728260175,
                47.759519428116036
              ],
              [
                -122.30357551567354,
                47.75950459208814
              ],
              [
                -122.30356915230658,
                47.75949470876923
              ],
              [
                -122.30356334065316,
                47.75948539093491
              ],
              [
                -122.30355896077519,
                47.759478220961874
              ],
              [
                -122.3035511918536,
                47.759462297593316
              ],
              [
                -122.30353773758092,
                47.759433370390575
              ],
              [
                -122.30352693194341,
                47.75940695750024
              ],
              [
                -122.30350623012498,
                47.75934458625995
              ],
              [
                -122.3034888740724,
                47.75920120627858
              ],
              [
                -122.30348843743006,
                47.759196752952825
              ],
              [
                -122.30348071962003,
                47.75911803956148
              ],
              [
                -122.30348002996327,
                47.75909933730882
              ],
              [
                -122.30347861723871,
                47.75906103093694
              ],
              [
                -122.3034776827436,
                47.75903569195604
              ],
              [
                -122.30345068891054,
                47.75876056716573
              ],
              [
                -122.30344868014225,
                47.758738518972436
              ],
              [
                -122.30344747079104,
                47.75872533434442
              ],
              [
                -122.303443002257,
                47.75867232400302
              ],
              [
                -122.30345127251994,
                47.75865078654876
              ],
              [
                -122.30346201336074,
                47.75862974928081
              ],
              [
                -122.30346449304659,
                47.758625899707745
              ],
              [
                -122.3034751588069,
                47.75860934171447
              ],
              [
                -122.30349062302834,
                47.75858968934306
              ],
              [
                -122.30350831575394,
                47.758570911853305
              ],
              [
                -122.30361501289732,
                47.758474013464756
              ],
              [
                -122.30387062916331,
                47.75829967251983
              ],
              [
                -122.30388621407515,
                47.75827308291751
              ],
              [
                -122.30325821973501,
                47.75796802903481
              ],
              [
                -122.30311277559481,
                47.75789738441517
              ],
              [
                -122.30313577322764,
                47.75787355729945
              ],
              [
                -122.30302890257406,
                47.7578215795919
              ],
              [
                -122.3027779815044,
                47.75769963375429
              ],
              [
                -122.30269257566992,
                47.75765812904183
              ],
              [
                -122.30262991822299,
                47.757619204108174
              ],
              [
                -122.3025367624604,
                47.75756133241761
              ],
              [
                -122.30247902682888,
                47.75751734333605
              ],
              [
                -122.30246684379918,
                47.75750756687238
              ],
              [
                -122.30246210156561,
                47.75750350592538
              ],
              [
                -122.30241618113054,
                47.75746447594272
              ],
              [
                -122.30236446950448,
                47.757419263260836
              ],
              [
                -122.3023086812087,
                47.75736090992037
              ],
              [
                -122.30225734915145,
                47.757299014031055
              ],
              [
                -122.30219911858718,
                47.75721489246246
              ],
              [
                -122.3021389600824,
                47.75710057687669
              ],
              [
                -122.302063343496,
                47.7571214650672
              ],
              [
                -122.30194607792615,
                47.75678946040046
              ],
              [
                -122.30209999330181,
                47.75674600634359
              ],
              [
                -122.30205407842777,
                47.75661382163444
              ],
              [
                -122.30202284770093,
                47.75651817230888
              ],
              [
                -122.30200222776607,
                47.756427327266685
              ],
              [
                -122.30198963540585,
                47.756339119616264
              ],
              [
                -122.30198420854181,
                47.75624903886625
              ],
              [
                -122.30198187303498,
                47.75612484131761
              ],
              [
                -122.30197770771242,
                47.75590333561917
              ],
              [
                -122.30197437440634,
                47.755726073482066
              ],
              [
                -122.30197241876736,
                47.75562207454812
              ],
              [
                -122.301969776485,
                47.75548155903471
              ],
              [
                -122.30197443413617,
                47.755292880091176
              ],
              [
                -122.30197522803829,
                47.75526071911522
              ],
              [
                -122.30197264782576,
                47.75516564299406
              ],
              [
                -122.30197112426082,
                47.75510968886436
              ],
              [
                -122.30196921468527,
                47.75503964795394
              ],
              [
                -122.30196529405639,
                47.754895460156526
              ],
              [
                -122.30195860400669,
                47.75465045034198
              ],
              [
                -122.30195136930533,
                47.75438605960303
              ],
              [
                -122.3019500381348,
                47.75434240596317
              ],
              [
                -122.3019499047268,
                47.7543380480047
              ],
              [
                -122.30194458329898,
                47.75415930808447
              ],
              [
                -122.30194387542637,
                47.75415522371967
              ],
              [
                -122.30192929111936,
                47.75412574238333
              ],
              [
                -122.30192799832933,
                47.75412166612349
              ],
              [
                -122.30192609111819,
                47.75411765857205
              ],
              [
                -122.30205511741117,
                47.75381914952481
              ],
              [
                -122.30205490452602,
                47.75381499548947
              ],
              [
                -122.30221696635004,
                47.753349654619086
              ],
              [
                -122.30229765159866,
                47.75306085631174
              ],
              [
                -122.3023082731062,
                47.7530553248915
              ],
              [
                -122.30232007257007,
                47.75305010335859
              ],
              [
                -122.30270839311146,
                47.752868648843055
              ],
              [
                -122.30279326353639,
                47.75282981441615
              ],
              [
                -122.30288401254495,
                47.752783947973604
              ],
              [
                -122.30319010426058,
                47.75263847666136
              ],
              [
                -122.30297760307822,
                47.75244536275726
              ],
              [
                -122.30286606723816,
                47.752344044524115
              ],
              [
                -122.30286224116028,
                47.75234046615631
              ],
              [
                -122.30284895019142,
                47.752328390318795
              ],
              [
                -122.30256960129046,
                47.75207457900893
              ],
              [
                -122.3025428364453,
                47.75191008228817
              ],
              [
                -122.30254787730566,
                47.7518994788797
              ],
              [
                -122.30258343359205,
                47.75182322289065
              ],
              [
                -122.30262934390953,
                47.75172476074041
              ],
              [
                -122.3026314735434,
                47.7517201934009
              ],
              [
                -122.30271072789793,
                47.75154467510268
              ],
              [
                -122.30271360690804,
                47.75153849991335
              ],
              [
                -122.30271620977814,
                47.75153281276084
              ],
              [
                -122.3027557317483,
                47.7514488905927
              ],
              [
                -122.30279314568111,
                47.7513734580009
              ],
              [
                -122.30280216429733,
                47.75135411576565
              ],
              [
                -122.30280510479554,
                47.751347809229145
              ],
              [
                -122.30281008635892,
                47.75133712527148
              ],
              [
                -122.30288863860146,
                47.75116865361574
              ],
              [
                -122.30293154620631,
                47.75107662898967
              ],
              [
                -122.30293133985032,
                47.751072153313174
              ],
              [
                -122.30293108336934,
                47.75106659027942
              ],
              [
                -122.30292721513035,
                47.750982689028746
              ],
              [
                -122.30291861869011,
                47.75079623444899
              ],
              [
                -122.30291002238286,
                47.75060977986548
              ],
              [
                -122.3029020134964,
                47.75044350767903
              ],
              [
                -122.3029018467295,
                47.75043899281326
              ],
              [
                -122.30290061098894,
                47.750405646272
              ],
              [
                -122.30289236477144,
                47.75022678323679
              ],
              [
                -122.30262560129012,
                47.75012529896537
              ],
              [
                -122.3026081879546,
                47.750118674391764
              ],
              [
                -122.30231986924886,
                47.7500089887782
              ],
              [
                -122.30220121860907,
                47.749963849863775
              ],
              [
                -122.30218154941937,
                47.74995636699115
              ],
              [
                -122.30216528890801,
                47.74968874050903
              ],
              [
                -122.30214650597556,
                47.74833794909444
              ],
              [
                -122.30347223245138,
                47.74837882981035
              ],
              [
                -122.30479882894068,
                47.748397432432455
              ],
              [
                -122.30599360342688,
                47.74841481756274
              ],
              [
                -122.31008565161802,
                47.74841755450945
              ],
              [
                -122.31316229911191,
                47.74848367039385
              ],
              [
                -122.31320013858225,
                47.74937468901126
              ],
              [
                -122.31320894307105,
                47.74956715523929
              ],
              [
                -122.31324198261547,
                47.75028942310995
              ],
              [
                -122.31328542003789,
                47.75119926600569
              ],
              [
                -122.31332666544284,
                47.75211033241203
              ],
              [
                -122.31336957502799,
                47.75303007496625
              ],
              [
                -122.31341257752935,
                47.7539574357631
              ],
              [
                -122.31349421072824,
                47.75574701880407
              ],
              [
                -122.3161311312977,
                47.75577870736986
              ],
              [
                -122.317374329812,
                47.7557944346557
              ],
              [
                -122.31878242286011,
                47.755810507412214
              ],
              [
                -122.32142720778593,
                47.75583959959213
              ],
              [
                -122.32408941726553,
                47.75587290755946
              ],
              [
                -122.326772465139,
                47.755907871961384
              ],
              [
                -122.32759357621201,
                47.755918559790956
              ],
              [
                -122.32871645041635,
                47.755930076499475
              ],
              [
                -122.32864478657174,
                47.75612485628881
              ],
              [
                -122.32806835338471,
                47.75608682575069
              ],
              [
                -122.3280825804245,
                47.75683483064704
              ],
              [
                -122.32813133518565,
                47.75683536600563
              ],
              [
                -122.32792071962051,
                47.75707957883987
              ],
              [
                -122.32753504040492,
                47.75770489461557
              ],
              [
                -122.3271357723094,
                47.758110695791494
              ],
              [
                -122.32659241660632,
                47.75866292820624
              ],
              [
                -122.32584940937156,
                47.75865124683557
              ],
              [
                -122.32586029428595,
                47.759162173340506
              ],
              [
                -122.32555014505651,
                47.75948520920434
              ],
              [
                -122.32577960314337,
                47.75948803176032
              ],
              [
                -122.32561814843353,
                47.75965260978358
              ],
              [
                -122.3252753491685,
                47.76001518932989
              ],
              [
                -122.3252345984891,
                47.76005921432784
              ],
              [
                -122.32506458778334,
                47.76025043171718
              ],
              [
                -122.32490111034188,
                47.7604416716216
              ],
              [
                -122.32474396886171,
                47.76063294105846
              ],
              [
                -122.32459298679828,
                47.760824230934695
              ],
              [
                -122.32456035362127,
                47.76086588902453
              ],
              [
                -122.3244181642647,
                47.761057241323165
              ],
              [
                -122.32431874956679,
                47.76105689573544
              ],
              [
                -122.32431776802075,
                47.76114334625886
              ],
              [
                -122.32428718523087,
                47.761148527449514
              ],
              [
                -122.32428939841022,
                47.76133813694503
              ],
              [
                -122.32427928546409,
                47.76141704345162
              ],
              [
                -122.32425900839554,
                47.76149505503469
              ],
              [
                -122.32422872155966,
                47.76157157758604
              ],
              [
                -122.324188655559,
                47.76164602837535
              ],
              [
                -122.32413911546445,
                47.76171784042337
              ],
              [
                -122.32408047853494,
                47.76178646684614
              ],
              [
                -122.3240131912556,
                47.761851385015525
              ],
              [
                -122.3231246672085,
                47.76265069143553
              ],
              [
                -122.32306736248157,
                47.762706139979684
              ],
              [
                -122.32301812712812,
                47.76276500746083
              ],
              [
                -122.32297740626083,
                47.76282676167326
              ],
              [
                -122.32294556806515,
                47.762890844354196
              ],
              [
                -122.32292290041201,
                47.76295667614235
              ],
              [
                -122.32290960822928,
                47.763023661910815
              ],
              [
                -122.32290581176339,
                47.763091196064536
              ],
              [
                -122.3229099351235,
                47.76310168361395
              ],
              [
                -122.32291646162884,
                47.76311160096568
              ],
              [
                -122.32292522769015,
                47.76312069955392
              ],
              [
                -122.32293601359935,
                47.76312875132363
              ],
              [
                -122.32294854898666,
                47.763135554474836
              ],
              [
                -122.32296251972005,
                47.76314093849158
              ],
              [
                -122.32297757558378,
                47.76314476842764
              ],
              [
                -122.32297788290364,
                47.76399617264992
              ],
              [
                -122.32278205666177,
                47.76466242019533
              ],
              [
                -122.32274321713919,
                47.76483198723061
              ],
              [
                -122.3227026102215,
                47.76483156203786
              ],
              [
                -122.32248786717305,
                47.76579998323584
              ],
              [
                -122.32245214628905,
                47.76596393145312
              ],
              [
                -122.32228890267713,
                47.766319760003796
              ],
              [
                -122.32220905507768,
                47.766492520684146
              ],
              [
                -122.32214241697054,
                47.76663664679141
              ],
              [
                -122.32213273797409,
                47.76667535458621
              ],
              [
                -122.32211349907006,
                47.76676363609552
              ],
              [
                -122.32190854041272,
                47.76676116449444
              ],
              [
                -122.32165574595417,
                47.76792700855452
              ],
              [
                -122.3216490217706,
                47.76794610664639
              ],
              [
                -122.32160187346253,
                47.768175480604924
              ],
              [
                -122.32154736829267,
                47.76840411243441
              ],
              [
                -122.32148553173207,
                47.768631894897254
              ],
              [
                -122.32142381623703,
                47.76882345019038
              ],
              [
                -122.32135346495224,
                47.769013647674896
              ],
              [
                -122.32127454325945,
                47.76920231043596
              ],
              [
                -122.32144520459212,
                47.76920509603784
              ],
              [
                -122.32128944035126,
                47.76954242559866
              ],
              [
                -122.32107516441185,
                47.76993300288138
              ],
              [
                -122.32089590387649,
                47.770215318191305
              ],
              [
                -122.32084120549617,
                47.77029586831129
              ],
              [
                -122.31930027396047,
                47.770269479634386
              ],
              [
                -122.31810726992107,
                47.770247716312674
              ],
              [
                -122.31781911973333,
                47.77024242370828
              ],
              [
                -122.31755073713356,
                47.77023749386818
              ],
              [
                -122.31617390989007,
                47.770212195214
              ],
              [
                -122.31525332879957,
                47.77019674038157
              ],
              [
                -122.3152625926828,
                47.77011363024839
              ],
              [
                -122.31526165547155,
                47.769907074369726
              ],
              [
                -122.31526133344657,
                47.769839437231035
              ],
              [
                -122.3152607076894,
                47.76970233937263
              ],
              [
                -122.31526113809474,
                47.7695651887724
              ],
              [
                -122.3152604929941,
                47.769428101832645
              ],
              [
                -122.3149758668986,
                47.76942309485828
              ],
              [
                -122.31455014500442,
                47.76941560019415
              ],
              [
                -122.31454549756715,
                47.76932196570979
              ],
              [
                -122.31404263862096,
                47.76932098191416
              ],
              [
                -122.31384550597433,
                47.76953506425108
              ]
            ]
          ]
        ]
      }
    },
    {
      "type": "Feature",
      "properties": {
        "NAME": "Echo Lake",
        "ACRES": 710.05062461,
        "PERIMETER": 22635.98490703,
        "HANCODE": "ECHOLAKE",
        "created_user": "LBIDDISON",
        "created_date": "2015-03-31T17:06:43.000",
        "last_edited_user": "LBIDDISON",
        "last_edited_date": "2015-03-31T17:14:08.000",
        "GlobalID": "{8321E0CB-E9C5-48C4-B7C8-04512BCAA202}",
        "Shape_Length": 22635.984907011152,
        "Shape_Area": 30929681.489066023
      },
      "geometry": {
        "type": "MultiPolygon",
        "coordinates": [
          [
            [
              [
                -122.32023682690307,
                47.77730511352739
              ],
              [
                -122.32023109042741,
                47.7771983092963
              ],
              [
                -122.32015388508417,
                47.777193485500334
              ],
              [
                -122.32007817321615,
                47.77718221460898
              ],
              [
                -122.32000513498667,
                47.77716467230923
              ],
              [
                -122.31993590891624,
                47.77714113205369
              ],
              [
                -122.31987157405666,
                47.777111960774775
              ],
              [
                -122.3198131332657,
                47.777077613189704
              ],
              [
                -122.31976149745873,
                47.777038624699394
              ],
              [
                -122.31971747150037,
                47.776995603040106
              ],
              [
                -122.31968174166894,
                47.776949218821095
              ],
              [
                -122.31965486484012,
                47.77690019505463
              ],
              [
                -122.31963725996629,
                47.7768492959236
              ],
              [
                -122.31962920142443,
                47.77679731480333
              ],
              [
                -122.31963081479711,
                47.77674506194002
              ],
              [
                -122.31964207490859,
                47.776693351835334
              ],
              [
                -122.31966280621108,
                47.776642990516706
              ],
              [
                -122.31928445060956,
                47.776193423056036
              ],
              [
                -122.31939321548356,
                47.77584377236502
              ],
              [
                -122.31943998811151,
                47.775693417624794
              ],
              [
                -122.31960751387352,
                47.77515611990955
              ],
              [
                -122.31972365505393,
                47.77478199488843
              ],
              [
                -122.31989636045175,
                47.77422637490135
              ],
              [
                -122.31997427293126,
                47.77397576949722
              ],
              [
                -122.32004733852362,
                47.77376570944948
              ],
              [
                -122.32011546558061,
                47.77367165392488
              ],
              [
                -122.32023124960003,
                47.77351370030152
              ],
              [
                -122.32027510433954,
                47.773453603884285
              ],
              [
                -122.32041615566433,
                47.77326031840914
              ],
              [
                -122.32048718636355,
                47.772978134197864
              ],
              [
                -122.32056918406907,
                47.77286643891344
              ],
              [
                -122.3209432407318,
                47.77235689077891
              ],
              [
                -122.3210460392305,
                47.77221685891747
              ],
              [
                -122.32111024708662,
                47.77212939127841
              ],
              [
                -122.32129885810973,
                47.77187245557859
              ],
              [
                -122.32168847699515,
                47.771277396130614
              ],
              [
                -122.32207903367615,
                47.770713037661025
              ],
              [
                -122.32208346596978,
                47.77070666545359
              ],
              [
                -122.32228238207236,
                47.770404513853386
              ],
              [
                -122.32238113447927,
                47.770241791930154
              ],
              [
                -122.32247282446995,
                47.77008144367485
              ],
              [
                -122.3226052178796,
                47.769829127060376
              ],
              [
                -122.3227037980976,
                47.76962251878398
              ],
              [
                -122.32280836079536,
                47.76938103674918
              ],
              [
                -122.32293086850343,
                47.769055815390665
              ],
              [
                -122.32293219687246,
                47.76904899984595
              ],
              [
                -122.32292400524024,
                47.76858445381216
              ],
              [
                -122.32294651610702,
                47.7685848681905
              ],
              [
                -122.32299880724277,
                47.76836510686269
              ],
              [
                -122.32295610480666,
                47.768364089881125
              ],
              [
                -122.32299163074588,
                47.76820943480096
              ],
              [
                -122.32303179577295,
                47.768213638072304
              ],
              [
                -122.32304493067772,
                47.768153434698576
              ],
              [
                -122.3230856965568,
                47.768154956321666
              ],
              [
                -122.32340026084326,
                47.76689976408113
              ],
              [
                -122.3233969395117,
                47.76678380868816
              ],
              [
                -122.32339458331178,
                47.76670147938881
              ],
              [
                -122.3234649383471,
                47.76670227901893
              ],
              [
                -122.32345701628778,
                47.76633840296628
              ],
              [
                -122.32345575157211,
                47.766280325400594
              ],
              [
                -122.32355545692111,
                47.765980709803074
              ],
              [
                -122.32359510907925,
                47.765816779242286
              ],
              [
                -122.3236905702496,
                47.76581821973349
              ],
              [
                -122.32368339181404,
                47.76550654227311
              ],
              [
                -122.32368156199291,
                47.76542074212593
              ],
              [
                -122.3236978923275,
                47.76534520206705
              ],
              [
                -122.32373348908756,
                47.765181726258184
              ],
              [
                -122.32377137684749,
                47.765013063416234
              ],
              [
                -122.32381146748475,
                47.76484607645323
              ],
              [
                -122.32389849511658,
                47.76451076210775
              ],
              [
                -122.32417439299678,
                47.764515128092896
              ],
              [
                -122.32416159519973,
                47.764238308444874
              ],
              [
                -122.32419727521126,
                47.76394293421771
              ],
              [
                -122.3242682711055,
                47.7638132694571
              ],
              [
                -122.32435684501789,
                47.76365145035825
              ],
              [
                -122.3244855999998,
                47.7633205290503
              ],
              [
                -122.32441727524827,
                47.76332038570332
              ],
              [
                -122.32445605323504,
                47.76323647352999
              ],
              [
                -122.32445963720563,
                47.76322877914175
              ],
              [
                -122.32479406169443,
                47.763235085681096
              ],
              [
                -122.32694407237999,
                47.763246243827844
              ],
              [
                -122.32829944773631,
                47.7632516991628
              ],
              [
                -122.32964790958687,
                47.763257114143386
              ],
              [
                -122.33233927476128,
                47.76326791952698
              ],
              [
                -122.33448240909811,
                47.763276478418284
              ],
              [
                -122.33503398123231,
                47.76327858238579
              ],
              [
                -122.33642260274802,
                47.76327449123027
              ],
              [
                -122.33772928144654,
                47.76327079431662
              ],
              [
                -122.33911261440493,
                47.76326677270623
              ],
              [
                -122.34043692200687,
                47.76326257087026
              ],
              [
                -122.3422443036751,
                47.76325683110803
              ],
              [
                -122.3431401541005,
                47.76325422148689
              ],
              [
                -122.3440306199677,
                47.76325161800146
              ],
              [
                -122.346001164906,
                47.76324672079163
              ],
              [
                -122.34597981459578,
                47.764226680987505
              ],
              [
                -122.34587945367564,
                47.76552076784778
              ],
              [
                -122.34592003763535,
                47.76779125279013
              ],
              [
                -122.34597106463995,
                47.770517726885814
              ],
              [
                -122.34598430011044,
                47.77117043702238
              ],
              [
                -122.34600794127056,
                47.772336285347265
              ],
              [
                -122.3460230940088,
                47.77323016239996
              ],
              [
                -122.34603887543228,
                47.774161036511444
              ],
              [
                -122.34607119564411,
                47.77595052631744
              ],
              [
                -122.34614485063807,
                47.77711459762098
              ],
              [
                -122.3462133503343,
                47.77762210799863
              ],
              [
                -122.34611186590641,
                47.777631715196314
              ],
              [
                -122.34610091096623,
                47.77763266415638
              ],
              [
                -122.34554931070005,
                47.77768044451003
              ],
              [
                -122.34554339225036,
                47.7776813165082
              ],
              [
                -122.34553746189528,
                47.77768218860374
              ],
              [
                -122.34552953359892,
                47.777683344199566
              ],
              [
                -122.34552555474882,
                47.77768386072419
              ],
              [
                -122.34552155736014,
                47.77768431491489
              ],
              [
                -122.34551354755456,
                47.77768520983286
              ],
              [
                -122.34550953583474,
                47.777685646345226
              ],
              [
                -122.34550550899985,
                47.77768600037559
              ],
              [
                -122.3454971864982,
                47.77768665371943
              ],
              [
                -122.34549123394787,
                47.77768709230498
              ],
              [
                -122.34548536092701,
                47.777687440593915
              ],
              [
                -122.34547878254114,
                47.77768776721282
              ],
              [
                -122.34547750393578,
                47.77768783069972
              ],
              [
                -122.34547147583785,
                47.77768846865707
              ],
              [
                -122.34546569044565,
                47.77768916099185
              ],
              [
                -122.34545695344245,
                47.77768901822409
              ],
              [
                -122.3454528985827,
                47.77768907566049
              ],
              [
                -122.34544884015052,
                47.777689115120054
              ],
              [
                -122.345440691072,
                47.77768936518871
              ],
              [
                -122.34543678975152,
                47.777689377381165
              ],
              [
                -122.34543288518873,
                47.77768934194903
              ],
              [
                -122.34497279779556,
                47.77768843036881
              ],
              [
                -122.34401804234304,
                47.777685519164564
              ],
              [
                -122.34392927101798,
                47.77768524823751
              ],
              [
                -122.3438201546099,
                47.77768503558991
              ],
              [
                -122.34381338106299,
                47.777684976314156
              ],
              [
                -122.34380660758752,
                47.77768490174073
              ],
              [
                -122.34353864604373,
                47.777684229530756
              ],
              [
                -122.34261743106413,
                47.77768123515829
              ],
              [
                -122.34239785059256,
                47.77768056198879
              ],
              [
                -122.34164219999651,
                47.77767841969983
              ],
              [
                -122.34163546055696,
                47.77767834013804
              ],
              [
                -122.34162872149714,
                47.777678200683155
              ],
              [
                -122.34162792364798,
                47.77765079165864
              ],
              [
                -122.34160986777182,
                47.77765073616814
              ],
              [
                -122.34160668882244,
                47.77765072639308
              ],
              [
                -122.34160350988114,
                47.777650716894236
              ],
              [
                -122.34124125453124,
                47.7776496980604
              ],
              [
                -122.34122772744551,
                47.77764838262698
              ],
              [
                -122.341227754812,
                47.77764956185065
              ],
              [
                -122.34122811487529,
                47.777665417941726
              ],
              [
                -122.34122829153497,
                47.777671168837564
              ],
              [
                -122.34122854551947,
                47.77767691890425
              ],
              [
                -122.34072421017926,
                47.77767592607584
              ],
              [
                -122.34033548423128,
                47.77767509042262
              ],
              [
                -122.34032890631455,
                47.77767501675018
              ],
              [
                -122.34032232871155,
                47.77767488454338
              ],
              [
                -122.34031691010725,
                47.77764841113764
              ],
              [
                -122.34018681107867,
                47.77764751927683
              ],
              [
                -122.34018007039285,
                47.77764741921848
              ],
              [
                -122.34017333053838,
                47.77764726800873
              ],
              [
                -122.34017243446905,
                47.77762078858732
              ],
              [
                -122.33975961730387,
                47.777619488167986
              ],
              [
                -122.33975287851919,
                47.77761940858269
              ],
              [
                -122.33974614017178,
                47.777619271626925
              ],
              [
                -122.3397456434476,
                47.77760650240731
              ],
              [
                -122.3392909506944,
                47.77760537941633
              ],
              [
                -122.3392326180138,
                47.77760516252173
              ],
              [
                -122.33922489739034,
                47.77760511117778
              ],
              [
                -122.33921717684402,
                47.77760506862798
              ],
              [
                -122.33904715005482,
                47.77760479362572
              ],
              [
                -122.33877520485399,
                47.77760424026569
              ],
              [
                -122.33869226182689,
                47.777604375750975
              ],
              [
                -122.33868550600879,
                47.77760428767584
              ],
              [
                -122.33867875009788,
                47.777604107955675
              ],
              [
                -122.33867914850399,
                47.777617815334644
              ],
              [
                -122.3385217843957,
                47.77761778482432
              ],
              [
                -122.33851502828274,
                47.777617715499886
              ],
              [
                -122.33850827225638,
                47.77761758097524
              ],
              [
                -122.33850867045851,
                47.77763128532885
              ],
              [
                -122.33835556014571,
                47.77763134896513
              ],
              [
                -122.33834880478925,
                47.77763125230858
              ],
              [
                -122.33834204946807,
                47.77763106041254
              ],
              [
                -122.33834244778544,
                47.777644767792616
              ],
              [
                -122.33826640668856,
                47.777644662266276
              ],
              [
                -122.33811282272104,
                47.777645195517266
              ],
              [
                -122.3381060621808,
                47.77764481391977
              ],
              [
                -122.33809930164067,
                47.77764443232185
              ],
              [
                -122.33810006775515,
                47.777672298756315
              ],
              [
                -122.33801908651542,
                47.77767036153477
              ],
              [
                -122.33697092588476,
                47.777665877569625
              ],
              [
                -122.3369523491058,
                47.77766577532149
              ],
              [
                -122.33680627971349,
                47.77766011161525
              ],
              [
                -122.33653227304673,
                47.777641258348496
              ],
              [
                -122.33607859881681,
                47.77757392629815
              ],
              [
                -122.336072981372,
                47.77757309326904
              ],
              [
                -122.33594333054631,
                47.777552612638004
              ],
              [
                -122.33569074528035,
                47.777512653524084
              ],
              [
                -122.335595061467,
                47.777498167996775
              ],
              [
                -122.33534195770021,
                47.777500050812485
              ],
              [
                -122.33533085382413,
                47.77750013611175
              ],
              [
                -122.33516889900915,
                47.77750138034665
              ],
              [
                -122.33451934141827,
                47.7775526796471
              ],
              [
                -122.3342488602634,
                47.777572160824874
              ],
              [
                -122.33389370597169,
                47.777535886947256
              ],
              [
                -122.33365412433928,
                47.77751124106329
              ],
              [
                -122.33364725973694,
                47.777510500307535
              ],
              [
                -122.33364040259845,
                47.77750972669773
              ],
              [
                -122.33021336365353,
                47.77746727572665
              ],
              [
                -122.32977779634851,
                47.777485060544706
              ],
              [
                -122.32957172698713,
                47.777514348231655
              ],
              [
                -122.32806032468727,
                47.77749856175899
              ],
              [
                -122.32794443638008,
                47.777524197018685
              ],
              [
                -122.32715428817832,
                47.77751567244625
              ],
              [
                -122.3271311171194,
                47.77751540719523
              ],
              [
                -122.3270165415832,
                47.77752260218371
              ],
              [
                -122.3263164927511,
                47.77756143378169
              ],
              [
                -122.32468683737977,
                47.77754379491069
              ],
              [
                -122.32457619134647,
                47.77754280777411
              ],
              [
                -122.3244427245344,
                47.77754161690681
              ],
              [
                -122.32389797778585,
                47.777538006590454
              ],
              [
                -122.32389136482918,
                47.77753767149112
              ],
              [
                -122.32323203193697,
                47.77753324758172
              ],
              [
                -122.32321847092521,
                47.777532853755744
              ],
              [
                -122.32291526391904,
                47.77752992000453
              ],
              [
                -122.32290903505832,
                47.77753040553493
              ],
              [
                -122.32290265911891,
                47.777530593342966
              ],
              [
                -122.32269425309767,
                47.77752914259081
              ],
              [
                -122.32244938255499,
                47.7775274899252
              ],
              [
                -122.32238759009014,
                47.77752728047908
              ],
              [
                -122.32220450675855,
                47.77752587673206
              ],
              [
                -122.32208180078223,
                47.77752519124485
              ],
              [
                -122.32195824410638,
                47.777524228733554
              ],
              [
                -122.32178716554928,
                47.777523010440696
              ],
              [
                -122.32177515029397,
                47.77752312793319
              ],
              [
                -122.32171476195636,
                47.777522400517256
              ],
              [
                -122.32146989484418,
                47.77752033127768
              ],
              [
                -122.32146187405881,
                47.77752045526666
              ],
              [
                -122.32144831163701,
                47.777520161858284
              ],
              [
                -122.32144865370286,
                47.77749544763573
              ],
              [
                -122.32122234025624,
                47.77746073046129
              ],
              [
                -122.32116085880415,
                47.777451314468216
              ],
              [
                -122.32097582295134,
                47.77742291606302
              ],
              [
                -122.32085255574084,
                47.777404006710796
              ],
              [
                -122.32072945832606,
                47.777384613608326
              ],
              [
                -122.32053262952238,
                47.777353662306474
              ],
              [
                -122.3204832090263,
                47.7773460171854
              ],
              [
                -122.32023682690307,
                47.77730511352739
              ]
            ]
          ]
        ]
      }
    }
  ]
}